record_id,reporting_period,organizational_boundary,factor_version,company_hash,insurance_threshold_public,zk_is_eligible_signal,poseidon_attestation_commitment,zk_proof_pi_a
({row.record_id},){row.reportingPeriod},({row.organizationalBoundary},){row.emissionFactorVersion},({row.company_hash},){row.emissionThreshold},({row.zk_is_eligible},){row.attestation_commitment},6155174955104201439060618192428062212303354163435936348777996814002593135675|82995676605337610806157816763472148834323393821803969880784860228068477131|1
({row.record_id},){row.reportingPeriod},({row.organizationalBoundary},){row.emissionFactorVersion},({row.company_hash},){row.emissionThreshold},({row.zk_is_eligible},){row.attestation_commitment},5130413708787969681599800146443037417819784496084314724332961448144807523463|7958332103670454574555524076281210924639634383088571724784034468564282024852|1
({row.record_id},){row.reportingPeriod},({row.organizationalBoundary},){row.emissionFactorVersion},({row.company_hash},){row.emissionThreshold},({row.zk_is_eligible},){row.attestation_commitment},845076001585524374153930217139472898680698116465256372840957318195581528372|8945069617301536581167255063416033862192286745529234671306837169383295485098|1
({row.record_id},){row.reportingPeriod},({row.organizationalBoundary},){row.emissionFactorVersion},({row.company_hash},){row.emissionThreshold},({row.zk_is_eligible},){row.attestation_commitment},265494910156797673124717011147651870790538067219847170600609328762282624126|19748397082419149655090129441209437044990288370744382466340817446578625927463|1
({row.record_id},){row.reportingPeriod},({row.organizationalBoundary},){row.emissionFactorVersion},({row.company_hash},){row.emissionThreshold},({row.zk_is_eligible},){row.attestation_commitment},21670625274355627182617623390464251100496364313715658071536563507315718022521|647819488858069322380200972573039834685349630470346513896967523632489672946|1
({row.record_id},){row.reportingPeriod},({row.organizationalBoundary},){row.emissionFactorVersion},({row.company_hash},){row.emissionThreshold},({row.zk_is_eligible},){row.attestation_commitment},12162035643053483788636818447596826492161378970617389191004721239530217816351|21276654469911649376661346482907915051667099104514533411064021483557273387553|1
({row.record_id},){row.reportingPeriod},({row.organizationalBoundary},){row.emissionFactorVersion},({row.company_hash},){row.emissionThreshold},({row.zk_is_eligible},){row.attestation_commitment},2516979009868227121603339315187559628117348671276166352557257747103202867528|3972831218016753989566172315643271288434001767413993943030853903679017612789|1
({row.record_id},){row.reportingPeriod},({row.organizationalBoundary},){row.emissionFactorVersion},({row.company_hash},){row.emissionThreshold},({row.zk_is_eligible},){row.attestation_commitment},5672122983759653214735452941704280272998288426065418601460561485360968905139|16321153182850353052057073668192878199587909640880786580370060657230319048268|1
({row.record_id},){row.reportingPeriod},({row.organizationalBoundary},){row.emissionFactorVersion},({row.company_hash},){row.emissionThreshold},({row.zk_is_eligible},){row.attestation_commitment},16246684129604084024072006959947035044248102410700499416830442585932798374737|4091285746528467587811870725722074412944385680518224136484723964667316229389|1
({row.record_id},){row.reportingPeriod},({row.organizationalBoundary},){row.emissionFactorVersion},({row.company_hash},){row.emissionThreshold},({row.zk_is_eligible},){row.attestation_commitment},12884916410662834873632827730931659254404649862104155572434803095161227026896|9300722056420722681615863688221177060629096573763239186625862924413293893574|1
({row.record_id},){row.reportingPeriod},({row.organizationalBoundary},){row.emissionFactorVersion},({row.company_hash},){row.emissionThreshold},({row.zk_is_eligible},){row.attestation_commitment},8451055748544004892361296889527284148278717205105753037817435082380542060334|2589958972051845735951528551861269658137930716493928045596083234598718752524|1
({row.record_id},){row.reportingPeriod},({row.organizationalBoundary},){row.emissionFactorVersion},({row.company_hash},){row.emissionThreshold},({row.zk_is_eligible},){row.attestation_commitment},17797263172205555527470332165698695078807124645469890880027043356194610301360|944307838780277526902600273630531776977605282978237078044115794943673865366|1
({row.record_id},){row.reportingPeriod},({row.organizationalBoundary},){row.emissionFactorVersion},({row.company_hash},){row.emissionThreshold},({row.zk_is_eligible},){row.attestation_commitment},13192402377548363766150083220859835000460560355618456305774680754853085047665|18003313903192102753251943444740474882941298419297512837147719121019839251193|1
({row.record_id},){row.reportingPeriod},({row.organizationalBoundary},){row.emissionFactorVersion},({row.company_hash},){row.emissionThreshold},({row.zk_is_eligible},){row.attestation_commitment},16714626288349811408268663369445355594020357916679466494165383585136867586735|12708316048796332343522440182519014041252227552105722475645817658925779516481|1
({row.record_id},){row.reportingPeriod},({row.organizationalBoundary},){row.emissionFactorVersion},({row.company_hash},){row.emissionThreshold},({row.zk_is_eligible},){row.attestation_commitment},566568580274608070330997708039534910612668087471053130248367841586626966386|16784610695202796179200544454586059480188436595817978667526709130572849497109|1
({row.record_id},){row.reportingPeriod},({row.organizationalBoundary},){row.emissionFactorVersion},({row.company_hash},){row.emissionThreshold},({row.zk_is_eligible},){row.attestation_commitment},13688461739871512440296195762980513161390274381285647543944966117112012190739|19782164507655223137166493003999313734320507281608218797482106699172947188240|1
({row.record_id},){row.reportingPeriod},({row.organizationalBoundary},){row.emissionFactorVersion},({row.company_hash},){row.emissionThreshold},({row.zk_is_eligible},){row.attestation_commitment},5493291145661511869342542177490559812248568200017701143048291169900789095311|10739670291998665528076068387322684458783318807141899922276664910345993357743|1
({row.record_id},){row.reportingPeriod},({row.organizationalBoundary},){row.emissionFactorVersion},({row.company_hash},){row.emissionThreshold},({row.zk_is_eligible},){row.attestation_commitment},14212255591876316622730332216261766366572986646948994270480821772266905785952|9457620493265998220538482006780133539425467869057276993884588652214551950801|1
({row.record_id},){row.reportingPeriod},({row.organizationalBoundary},){row.emissionFactorVersion},({row.company_hash},){row.emissionThreshold},({row.zk_is_eligible},){row.attestation_commitment},16730707437004718919933381958300224471840597577827767023013652945068950688365|3393121150328635517339865657799736300747169771624692895690774768110988358032|1
({row.record_id},){row.reportingPeriod},({row.organizationalBoundary},){row.emissionFactorVersion},({row.company_hash},){row.emissionThreshold},({row.zk_is_eligible},){row.attestation_commitment},3283988963630611542497817195573859896383869309958449912503362091657473541612|21826421792489961968556055232581882131786716819746140829636450548541873342946|1
({row.record_id},){row.reportingPeriod},({row.organizationalBoundary},){row.emissionFactorVersion},({row.company_hash},){row.emissionThreshold},({row.zk_is_eligible},){row.attestation_commitment},12528987582474069972973567150706780594944733530889481168430429311285630529344|7816140977665731984893395087603461087303135515906188897479536837114431019294|1
({row.record_id},){row.reportingPeriod},({row.organizationalBoundary},){row.emissionFactorVersion},({row.company_hash},){row.emissionThreshold},({row.zk_is_eligible},){row.attestation_commitment},3964478386768323773565397558942686365869313763647109310107912341557135525782|12001683802296027410045403928740758377796340507549607037514738273678367347107|1
({row.record_id},){row.reportingPeriod},({row.organizationalBoundary},){row.emissionFactorVersion},({row.company_hash},){row.emissionThreshold},({row.zk_is_eligible},){row.attestation_commitment},1932096783596280182218016888920127285800492105832741693241382655266767634494|17248583524104918704423144132832411606920787120796695799544509467835707442236|1
({row.record_id},){row.reportingPeriod},({row.organizationalBoundary},){row.emissionFactorVersion},({row.company_hash},){row.emissionThreshold},({row.zk_is_eligible},){row.attestation_commitment},11531239065047979294818183235353398389449294463290492983359595362549678732308|17218022375287784826560830730793218335138106584916560532518719341053664127521|1
({row.record_id},){row.reportingPeriod},({row.organizationalBoundary},){row.emissionFactorVersion},({row.company_hash},){row.emissionThreshold},({row.zk_is_eligible},){row.attestation_commitment},18148250653421657649256426312735083588801558655570037371444136254780232720660|1226689444326166508609862426769056033968777913781434432446424636082431746789|1
({row.record_id},){row.reportingPeriod},({row.organizationalBoundary},){row.emissionFactorVersion},({row.company_hash},){row.emissionThreshold},({row.zk_is_eligible},){row.attestation_commitment},14248054122860316145089641474364866964234553366985629521058760044685992067898|11012079043003199426127353781661083883467863335622809189824799752249835165975|1
({row.record_id},){row.reportingPeriod},({row.organizationalBoundary},){row.emissionFactorVersion},({row.company_hash},){row.emissionThreshold},({row.zk_is_eligible},){row.attestation_commitment},7505127687723704677411497855627778429170401984153598591224425138066392314929|19684687823448166754511612877107438137806451744595869188834065920162979636898|1
({row.record_id},){row.reportingPeriod},({row.organizationalBoundary},){row.emissionFactorVersion},({row.company_hash},){row.emissionThreshold},({row.zk_is_eligible},){row.attestation_commitment},12800553885702847700450117399932375154046257234566918458202788113337937084759|735330640495300669562543210720798830644672668042210112798416872761884309954|1
({row.record_id},){row.reportingPeriod},({row.organizationalBoundary},){row.emissionFactorVersion},({row.company_hash},){row.emissionThreshold},({row.zk_is_eligible},){row.attestation_commitment},11465774499585494316031120790501360000957034265341953118576712219626111743969|6587653068745917170205763028197787065221442167605342430553113923359317603791|1
({row.record_id},){row.reportingPeriod},({row.organizationalBoundary},){row.emissionFactorVersion},({row.company_hash},){row.emissionThreshold},({row.zk_is_eligible},){row.attestation_commitment},8402405680316839621215394479770923213067587070899525064265928292391064428991|8529367407970997789855462038616339405694402965469957907072441054484680506232|1
({row.record_id},){row.reportingPeriod},({row.organizationalBoundary},){row.emissionFactorVersion},({row.company_hash},){row.emissionThreshold},({row.zk_is_eligible},){row.attestation_commitment},7816059634079764827827995496227245468788008668740968617537775876672125391432|9615947192413182876389393889763508304109801003802247336180888872209888163424|1
({row.record_id},){row.reportingPeriod},({row.organizationalBoundary},){row.emissionFactorVersion},({row.company_hash},){row.emissionThreshold},({row.zk_is_eligible},){row.attestation_commitment},11328166408258347123609207265505341144911607809134745240821139999351595782375|14791334904295444982256534354715724489268407167334031892371024217068059843950|1
({row.record_id},){row.reportingPeriod},({row.organizationalBoundary},){row.emissionFactorVersion},({row.company_hash},){row.emissionThreshold},({row.zk_is_eligible},){row.attestation_commitment},9853090686628832563518031596007778302859577311637998677911341795987658613474|14018526916151010178420917842945549230756462753204306547322581547801416218301|1
({row.record_id},){row.reportingPeriod},({row.organizationalBoundary},){row.emissionFactorVersion},({row.company_hash},){row.emissionThreshold},({row.zk_is_eligible},){row.attestation_commitment},4790000622938802767421336584381478111021338658867061892136059903988066895337|15726158714612091620514188508607059935932145148709547685546230355675878208334|1
({row.record_id},){row.reportingPeriod},({row.organizationalBoundary},){row.emissionFactorVersion},({row.company_hash},){row.emissionThreshold},({row.zk_is_eligible},){row.attestation_commitment},16356461255528724389138374034625428664601320971397646666637744574309151431751|3583127924296742610592450527427049452084673500291456119021120105817875962193|1
({row.record_id},){row.reportingPeriod},({row.organizationalBoundary},){row.emissionFactorVersion},({row.company_hash},){row.emissionThreshold},({row.zk_is_eligible},){row.attestation_commitment},11321385369226876738033580924897813273756510821936073418340473782400565867389|2190563597490005575090083194066726560573786784766072486715386930224450668848|1
({row.record_id},){row.reportingPeriod},({row.organizationalBoundary},){row.emissionFactorVersion},({row.company_hash},){row.emissionThreshold},({row.zk_is_eligible},){row.attestation_commitment},11567032794537531389205689403131784084765004058763101283674072934098993949179|2361181357786455708745302025245180559009908555812289793674307618019941103020|1
({row.record_id},){row.reportingPeriod},({row.organizationalBoundary},){row.emissionFactorVersion},({row.company_hash},){row.emissionThreshold},({row.zk_is_eligible},){row.attestation_commitment},20000337535482791947904538149933018664582845376318634331849243130620112103544|10180147350149884656534656526792137517944191547532406516274504330206871307751|1
({row.record_id},){row.reportingPeriod},({row.organizationalBoundary},){row.emissionFactorVersion},({row.company_hash},){row.emissionThreshold},({row.zk_is_eligible},){row.attestation_commitment},5233671094857894641392809322378228316957318863077715545264215417774598500185|5925829281311489902042833449261729853536631876541556987597520024511155665028|1
({row.record_id},){row.reportingPeriod},({row.organizationalBoundary},){row.emissionFactorVersion},({row.company_hash},){row.emissionThreshold},({row.zk_is_eligible},){row.attestation_commitment},7536106034256477698187542033729130682636251353067414590782989435259250257854|15155581263289708840946359560313678641969441982231385457429417752231869020471|1
({row.record_id},){row.reportingPeriod},({row.organizationalBoundary},){row.emissionFactorVersion},({row.company_hash},){row.emissionThreshold},({row.zk_is_eligible},){row.attestation_commitment},21019459081939132324097546748613308314397519853385559506986751749288178130765|4628448295802224752930256668362607688327033800880760801464881029072945038409|1
({row.record_id},){row.reportingPeriod},({row.organizationalBoundary},){row.emissionFactorVersion},({row.company_hash},){row.emissionThreshold},({row.zk_is_eligible},){row.attestation_commitment},9197406242769965775239040320543404583955994383929277957400588341478946594027|2880407751655013940438096515091494592424482372158853247728501506676526344667|1
({row.record_id},){row.reportingPeriod},({row.organizationalBoundary},){row.emissionFactorVersion},({row.company_hash},){row.emissionThreshold},({row.zk_is_eligible},){row.attestation_commitment},12213947972731244322876186485148019710424811407365934214296873003216663244423|16913035923654639444671607951794422540330501160739737823476353357817012659484|1
({row.record_id},){row.reportingPeriod},({row.organizationalBoundary},){row.emissionFactorVersion},({row.company_hash},){row.emissionThreshold},({row.zk_is_eligible},){row.attestation_commitment},7568674832607589498924100659599650990569753817696909844364838603136388807158|17987737955689645390396257420471466830068125262024022972246120162091028954187|1
({row.record_id},){row.reportingPeriod},({row.organizationalBoundary},){row.emissionFactorVersion},({row.company_hash},){row.emissionThreshold},({row.zk_is_eligible},){row.attestation_commitment},4988196900405962945273971083937821920976790346148439871055280381140478161575|1358012408342244229946293125604335499310862964825526060692990852463120737969|1
({row.record_id},){row.reportingPeriod},({row.organizationalBoundary},){row.emissionFactorVersion},({row.company_hash},){row.emissionThreshold},({row.zk_is_eligible},){row.attestation_commitment},13789077754672465677628953071214232590010374367684557677909919766495133990960|3711230258352074392542715837793062007393431290244502189711799938003629711646|1
({row.record_id},){row.reportingPeriod},({row.organizationalBoundary},){row.emissionFactorVersion},({row.company_hash},){row.emissionThreshold},({row.zk_is_eligible},){row.attestation_commitment},212212752753017759131328166289898807186662135430503269927850140687402305486|10227868126407207460823315983413283870672361193646531673593180770929866993827|1
({row.record_id},){row.reportingPeriod},({row.organizationalBoundary},){row.emissionFactorVersion},({row.company_hash},){row.emissionThreshold},({row.zk_is_eligible},){row.attestation_commitment},987832362506581470779428171969284928902539039426076623294981500762954764050|15296111166263478937873845912057677661922413945096805311897445700713898962548|1
({row.record_id},){row.reportingPeriod},({row.organizationalBoundary},){row.emissionFactorVersion},({row.company_hash},){row.emissionThreshold},({row.zk_is_eligible},){row.attestation_commitment},8011733845321655554593146988237978137879895764517436262707725085610592704221|19041839691330415821908270579312228503801118404714314657817455160724538269307|1
({row.record_id},){row.reportingPeriod},({row.organizationalBoundary},){row.emissionFactorVersion},({row.company_hash},){row.emissionThreshold},({row.zk_is_eligible},){row.attestation_commitment},18857756231704033023071795218969239160527972168827702460407707369710404173434|14552487673950478432810775051257811355319764699157959431824519539488474646663|1
({row.record_id},){row.reportingPeriod},({row.organizationalBoundary},){row.emissionFactorVersion},({row.company_hash},){row.emissionThreshold},({row.zk_is_eligible},){row.attestation_commitment},18056333747504539501547294809758153814202739382766890165969354899684016194811|14011261795164029768878711852947002641645925417063645681548965145550176479342|1
({row.record_id},){row.reportingPeriod},({row.organizationalBoundary},){row.emissionFactorVersion},({row.company_hash},){row.emissionThreshold},({row.zk_is_eligible},){row.attestation_commitment},19048798828675330427814976074352539435871137753521686855554164441638601247855|2819628705648108165714003369542175388023289041229508698832445137513385814481|1
({row.record_id},){row.reportingPeriod},({row.organizationalBoundary},){row.emissionFactorVersion},({row.company_hash},){row.emissionThreshold},({row.zk_is_eligible},){row.attestation_commitment},12127934940131470234046573742214163184107295842739854401288151614414608820636|14629666324485311488601944850731174030462305720987764147536301679534820593864|1
({row.record_id},){row.reportingPeriod},({row.organizationalBoundary},){row.emissionFactorVersion},({row.company_hash},){row.emissionThreshold},({row.zk_is_eligible},){row.attestation_commitment},18185757734559060139720068049311314964208284023537091854344657703120087121294|14229626946515329341012104301346345738252001234548412624562519580649225881169|1
({row.record_id},){row.reportingPeriod},({row.organizationalBoundary},){row.emissionFactorVersion},({row.company_hash},){row.emissionThreshold},({row.zk_is_eligible},){row.attestation_commitment},15213078643390389058762471115955388020826275867989218742231913972614498540107|7343199697783890735978147355096688495136325891969842033092493411331704679329|1
({row.record_id},){row.reportingPeriod},({row.organizationalBoundary},){row.emissionFactorVersion},({row.company_hash},){row.emissionThreshold},({row.zk_is_eligible},){row.attestation_commitment},15915503186899631370694613923829886990226893957977409085068159594497849763173|18242978962661308649251616372766305421035003733744407516928622394489623522878|1
({row.record_id},){row.reportingPeriod},({row.organizationalBoundary},){row.emissionFactorVersion},({row.company_hash},){row.emissionThreshold},({row.zk_is_eligible},){row.attestation_commitment},6071243356511877490669486011320795177779135989416258134150806387279772847367|12147614623236412537533992750807457557230524240368405702245872481075615293107|1
({row.record_id},){row.reportingPeriod},({row.organizationalBoundary},){row.emissionFactorVersion},({row.company_hash},){row.emissionThreshold},({row.zk_is_eligible},){row.attestation_commitment},12845592770249104488842267404951939175434346850139111847307999207197430925424|13355372818896621369362790816561932520555713159993463542951547468027199397141|1
({row.record_id},){row.reportingPeriod},({row.organizationalBoundary},){row.emissionFactorVersion},({row.company_hash},){row.emissionThreshold},({row.zk_is_eligible},){row.attestation_commitment},21009530696386550696447338700608974288770092746455392573184710701004482199727|3882552146251533249667687066186543384443023432795565077806177633582305316628|1
({row.record_id},){row.reportingPeriod},({row.organizationalBoundary},){row.emissionFactorVersion},({row.company_hash},){row.emissionThreshold},({row.zk_is_eligible},){row.attestation_commitment},21451756009013308002470149619358657081004272591051163804290451640186982727459|14757359442292651494687037131070219758683537594960833287575564277004468392245|1
({row.record_id},){row.reportingPeriod},({row.organizationalBoundary},){row.emissionFactorVersion},({row.company_hash},){row.emissionThreshold},({row.zk_is_eligible},){row.attestation_commitment},15402527206752736937433366998697669059055663030443457276434546895943534683681|10685403424639791519016669361565929139118478222460080902325941710448686768387|1
({row.record_id},){row.reportingPeriod},({row.organizationalBoundary},){row.emissionFactorVersion},({row.company_hash},){row.emissionThreshold},({row.zk_is_eligible},){row.attestation_commitment},18045846578907583898109502950346059413072053137513290863329908573278478633019|11970775237353440740755144210461727931976981532521059746120939731455899838241|1
({row.record_id},){row.reportingPeriod},({row.organizationalBoundary},){row.emissionFactorVersion},({row.company_hash},){row.emissionThreshold},({row.zk_is_eligible},){row.attestation_commitment},15858287392115992848551910532957881313059406419791195520583569940729195702795|14889953262725895517742235299905826008862164703283414014369758914112110980578|1
({row.record_id},){row.reportingPeriod},({row.organizationalBoundary},){row.emissionFactorVersion},({row.company_hash},){row.emissionThreshold},({row.zk_is_eligible},){row.attestation_commitment},21100772445410590350212324917177266771973501461982632967438321724650727366531|13435018485399428214761748468972288871040133214462537678503742635922027972072|1
({row.record_id},){row.reportingPeriod},({row.organizationalBoundary},){row.emissionFactorVersion},({row.company_hash},){row.emissionThreshold},({row.zk_is_eligible},){row.attestation_commitment},19663956683872738194484240075632017332710636699801042612653275953680573596887|18910911160848485401205441778024199851458191347914302155163283003090625656740|1
({row.record_id},){row.reportingPeriod},({row.organizationalBoundary},){row.emissionFactorVersion},({row.company_hash},){row.emissionThreshold},({row.zk_is_eligible},){row.attestation_commitment},5016314069828898544981359521042885872903189702966133292195180891776778908731|16961353576031772025878975004329715397480733636982989894285341313686194646013|1
({row.record_id},){row.reportingPeriod},({row.organizationalBoundary},){row.emissionFactorVersion},({row.company_hash},){row.emissionThreshold},({row.zk_is_eligible},){row.attestation_commitment},126799685437286992779835602198518186120871274356316831120314538069108701506|817792616425749940102895367109247505322116140651185518221052802593616827192|1
({row.record_id},){row.reportingPeriod},({row.organizationalBoundary},){row.emissionFactorVersion},({row.company_hash},){row.emissionThreshold},({row.zk_is_eligible},){row.attestation_commitment},18116148649044190402071185146206581177271097904678819651971285915737438469969|8760760323845876830828154435111629813378353851605821856697329839794372818382|1
({row.record_id},){row.reportingPeriod},({row.organizationalBoundary},){row.emissionFactorVersion},({row.company_hash},){row.emissionThreshold},({row.zk_is_eligible},){row.attestation_commitment},4853076529204914493958895046650263135589766900345266607168991479805163719132|11705265763242774549278909299325042800304849436989226656397419500541872343734|1
({row.record_id},){row.reportingPeriod},({row.organizationalBoundary},){row.emissionFactorVersion},({row.company_hash},){row.emissionThreshold},({row.zk_is_eligible},){row.attestation_commitment},15699025066294567738653639413483558991599914734177360055586499257680168323869|7693127045820729531488802069808726958783084373934122351523919501570544684198|1
({row.record_id},){row.reportingPeriod},({row.organizationalBoundary},){row.emissionFactorVersion},({row.company_hash},){row.emissionThreshold},({row.zk_is_eligible},){row.attestation_commitment},8591245560074344690914024425044798399189203867923584354414893336897370952121|3748684607788641270855841042043049815135014594837081984895978739414190064172|1
({row.record_id},){row.reportingPeriod},({row.organizationalBoundary},){row.emissionFactorVersion},({row.company_hash},){row.emissionThreshold},({row.zk_is_eligible},){row.attestation_commitment},9493601329135243449298343117618550877111789728350252822924123922372564159696|10715345178907593551566992770191490154611347395751973005780085464875395035438|1
({row.record_id},){row.reportingPeriod},({row.organizationalBoundary},){row.emissionFactorVersion},({row.company_hash},){row.emissionThreshold},({row.zk_is_eligible},){row.attestation_commitment},19185656725587290841780245221934263279676333701252107918796037969304581597188|19090963564399274186031116367620298826956812243408905056962842715344102136979|1
({row.record_id},){row.reportingPeriod},({row.organizationalBoundary},){row.emissionFactorVersion},({row.company_hash},){row.emissionThreshold},({row.zk_is_eligible},){row.attestation_commitment},2773165367346666037624255063465606703226149857889057553721663175969615674795|21217260104604770913041904887829244803112984793915657743514137796437048183346|1
({row.record_id},){row.reportingPeriod},({row.organizationalBoundary},){row.emissionFactorVersion},({row.company_hash},){row.emissionThreshold},({row.zk_is_eligible},){row.attestation_commitment},6594559479892538851120783658985218730549908116276783349135618754660348634134|6539719135274076554986532424041376962153146976522638609047813394178722981806|1
({row.record_id},){row.reportingPeriod},({row.organizationalBoundary},){row.emissionFactorVersion},({row.company_hash},){row.emissionThreshold},({row.zk_is_eligible},){row.attestation_commitment},15279096949406443749895379721348175663867414178913322816342693245403279922453|12920634524348970365825053515329564523677697580480425490269624351758057575765|1
({row.record_id},){row.reportingPeriod},({row.organizationalBoundary},){row.emissionFactorVersion},({row.company_hash},){row.emissionThreshold},({row.zk_is_eligible},){row.attestation_commitment},2953961779590778418166199747383090523622185928658841031259105994028603424119|1322415355342316675059786857302022700331550470171407929693708174404360702701|1
({row.record_id},){row.reportingPeriod},({row.organizationalBoundary},){row.emissionFactorVersion},({row.company_hash},){row.emissionThreshold},({row.zk_is_eligible},){row.attestation_commitment},15423146116114352488794568399539875709151496484245178437365133536524023021692|15081871621446941684748930931860754811178981832530808118502067467320534465576|1
({row.record_id},){row.reportingPeriod},({row.organizationalBoundary},){row.emissionFactorVersion},({row.company_hash},){row.emissionThreshold},({row.zk_is_eligible},){row.attestation_commitment},5610125423567658551415582605148933134683431337903143551077759239602703113109|9241048589871577089898257429704455189534358376913365676729296126722528162587|1
({row.record_id},){row.reportingPeriod},({row.organizationalBoundary},){row.emissionFactorVersion},({row.company_hash},){row.emissionThreshold},({row.zk_is_eligible},){row.attestation_commitment},8436921297597843187313547394389419483695157428551580681486805737061762629464|979744091057301152518229881752977885151701275476775984661116828377687649429|1
({row.record_id},){row.reportingPeriod},({row.organizationalBoundary},){row.emissionFactorVersion},({row.company_hash},){row.emissionThreshold},({row.zk_is_eligible},){row.attestation_commitment},21757104226656695190259104445783605394606167898793459325428498772217468370281|13423283948501475678628906458195531355683623563701888407020805409937029383123|1
({row.record_id},){row.reportingPeriod},({row.organizationalBoundary},){row.emissionFactorVersion},({row.company_hash},){row.emissionThreshold},({row.zk_is_eligible},){row.attestation_commitment},13541602941484599908842426341313512501699559144243562107613309098441090513689|19549577764755426769042666478888800871930420343550079265412580796359451666923|1
({row.record_id},){row.reportingPeriod},({row.organizationalBoundary},){row.emissionFactorVersion},({row.company_hash},){row.emissionThreshold},({row.zk_is_eligible},){row.attestation_commitment},18345400332040395336006171182465765974593501292363313171600740546560869274384|18680516560010826868395144875255314440683340738937530406381207330569953472339|1
({row.record_id},){row.reportingPeriod},({row.organizationalBoundary},){row.emissionFactorVersion},({row.company_hash},){row.emissionThreshold},({row.zk_is_eligible},){row.attestation_commitment},21069395305174490421120847843745270471776226157039622264978557145239735161940|19262817573783111194687818293797382568551207960472272644818357600269882185798|1
({row.record_id},){row.reportingPeriod},({row.organizationalBoundary},){row.emissionFactorVersion},({row.company_hash},){row.emissionThreshold},({row.zk_is_eligible},){row.attestation_commitment},20526017983242116264594652957325342024362380247002862782240290177035749077592|7194573360654307308277401180374952109259806546362044692920422440376004592220|1
({row.record_id},){row.reportingPeriod},({row.organizationalBoundary},){row.emissionFactorVersion},({row.company_hash},){row.emissionThreshold},({row.zk_is_eligible},){row.attestation_commitment},9610171869367662287054427370702116448399352538226384281672441426582803077723|10778604136127395169904098093106924084510286502566968255564732121893796236679|1
({row.record_id},){row.reportingPeriod},({row.organizationalBoundary},){row.emissionFactorVersion},({row.company_hash},){row.emissionThreshold},({row.zk_is_eligible},){row.attestation_commitment},50207359557953877088625231569021607458656012890151726295377744688003150309|9416988326992537602959566940973244682407792681479264036750904310479683234142|1
({row.record_id},){row.reportingPeriod},({row.organizationalBoundary},){row.emissionFactorVersion},({row.company_hash},){row.emissionThreshold},({row.zk_is_eligible},){row.attestation_commitment},20160176481293382873731476189961498103796825522509290853103966921032314864536|9480661379507681543587929774233721486195944073532232289123192249233059285838|1
({row.record_id},){row.reportingPeriod},({row.organizationalBoundary},){row.emissionFactorVersion},({row.company_hash},){row.emissionThreshold},({row.zk_is_eligible},){row.attestation_commitment},19965053462395935096593781254407476899305162083532928231626388961799319409962|639601127707815634996107236254967655585771468251610101808984556914085084561|1
({row.record_id},){row.reportingPeriod},({row.organizationalBoundary},){row.emissionFactorVersion},({row.company_hash},){row.emissionThreshold},({row.zk_is_eligible},){row.attestation_commitment},4197338566933509307523902972872668780048152638963128924818501602772905917792|10039815292614823136601442662818096518935445136284598399946139439708500326637|1
({row.record_id},){row.reportingPeriod},({row.organizationalBoundary},){row.emissionFactorVersion},({row.company_hash},){row.emissionThreshold},({row.zk_is_eligible},){row.attestation_commitment},19989566004148035985454668771996426618369616933231414879372134981463064437871|11261303112557737957952893683039912446107461537193817132409465476488709894652|1
({row.record_id},){row.reportingPeriod},({row.organizationalBoundary},){row.emissionFactorVersion},({row.company_hash},){row.emissionThreshold},({row.zk_is_eligible},){row.attestation_commitment},6818711333868779242847645207079617273374787349963238874109287873277629260764|14360285176489590519772439937301812511326949978728553113729404739110707242754|1
({row.record_id},){row.reportingPeriod},({row.organizationalBoundary},){row.emissionFactorVersion},({row.company_hash},){row.emissionThreshold},({row.zk_is_eligible},){row.attestation_commitment},11425618334272382090743613287103923244028334441739133644027845670169456310443|7783563346070898585023891700008954573222894596720234738924874015609172400621|1
({row.record_id},){row.reportingPeriod},({row.organizationalBoundary},){row.emissionFactorVersion},({row.company_hash},){row.emissionThreshold},({row.zk_is_eligible},){row.attestation_commitment},3029491191653107313660117617004441646216162466409777370679711424973635251795|12034123899738226495628493589860172202238262826819971495213169746724491811913|1
({row.record_id},){row.reportingPeriod},({row.organizationalBoundary},){row.emissionFactorVersion},({row.company_hash},){row.emissionThreshold},({row.zk_is_eligible},){row.attestation_commitment},10363699618525402661763187959940080014384085753923747454721076681657057881649|11039873428551830409696566308508122637805172899321994190252374118945137410002|1
({row.record_id},){row.reportingPeriod},({row.organizationalBoundary},){row.emissionFactorVersion},({row.company_hash},){row.emissionThreshold},({row.zk_is_eligible},){row.attestation_commitment},6316618481805700519983159986818760799007214011950705530151309248229802940127|2023687493078108116504075062020426776382638217912859343090227808172889471155|1
({row.record_id},){row.reportingPeriod},({row.organizationalBoundary},){row.emissionFactorVersion},({row.company_hash},){row.emissionThreshold},({row.zk_is_eligible},){row.attestation_commitment},17365382524021480190630432988298074838770901726859199787017196787421361806466|7249857244064703758304595797397952661597934195047339479717867540693184402390|1
({row.record_id},){row.reportingPeriod},({row.organizationalBoundary},){row.emissionFactorVersion},({row.company_hash},){row.emissionThreshold},({row.zk_is_eligible},){row.attestation_commitment},1123364991013603237973659402683961405174990339997448097523732545912907123977|20199617647179150282156256505856965163641565999163125837280263551769412673393|1
({row.record_id},){row.reportingPeriod},({row.organizationalBoundary},){row.emissionFactorVersion},({row.company_hash},){row.emissionThreshold},({row.zk_is_eligible},){row.attestation_commitment},20546716550462249253217543940239163398381153574291277234113308489769062959240|11028230193551183985780334258483810115343012107575436781604698305764987225665|1
({row.record_id},){row.reportingPeriod},({row.organizationalBoundary},){row.emissionFactorVersion},({row.company_hash},){row.emissionThreshold},({row.zk_is_eligible},){row.attestation_commitment},15936119491261243765783431342913840147618921137726159269088000631161585031595|20152517334623153177090926041777382345255062004328634018479725666476295474679|1
({row.record_id},){row.reportingPeriod},({row.organizationalBoundary},){row.emissionFactorVersion},({row.company_hash},){row.emissionThreshold},({row.zk_is_eligible},){row.attestation_commitment},20308952544722639332898542224395247782371031057456124649922034032125490279287|2574049313788691515150726141028815500271657331589088748588912734124038973730|1
({row.record_id},){row.reportingPeriod},({row.organizationalBoundary},){row.emissionFactorVersion},({row.company_hash},){row.emissionThreshold},({row.zk_is_eligible},){row.attestation_commitment},20480129429556412715894795783297904097832852275037865311676277729428946481347|129802881553354648914224520134944418380301207032379276629021205489772002534|1
({row.record_id},){row.reportingPeriod},({row.organizationalBoundary},){row.emissionFactorVersion},({row.company_hash},){row.emissionThreshold},({row.zk_is_eligible},){row.attestation_commitment},18637660586102185494180149297586316135746375962053135157344499101155200695163|17942813527549360581269083550102649680020039345348137721311815792781310676357|1
({row.record_id},){row.reportingPeriod},({row.organizationalBoundary},){row.emissionFactorVersion},({row.company_hash},){row.emissionThreshold},({row.zk_is_eligible},){row.attestation_commitment},19199119195206796429508941851982372602777750880799408717497393585330637887712|20521743674966568293204242543151827225841196209900708854165975087405700034949|1
({row.record_id},){row.reportingPeriod},({row.organizationalBoundary},){row.emissionFactorVersion},({row.company_hash},){row.emissionThreshold},({row.zk_is_eligible},){row.attestation_commitment},17449351672201028762991318619413611329725909403542772231753073231559236541815|16937945853183188768394153226053328445669743858981522733845676910180018486311|1
({row.record_id},){row.reportingPeriod},({row.organizationalBoundary},){row.emissionFactorVersion},({row.company_hash},){row.emissionThreshold},({row.zk_is_eligible},){row.attestation_commitment},15887149747731417754117983831118708909023057296475214395788468335498578133768|19297062468662442468452116594438184799843140894662377002926537839782672460136|1
({row.record_id},){row.reportingPeriod},({row.organizationalBoundary},){row.emissionFactorVersion},({row.company_hash},){row.emissionThreshold},({row.zk_is_eligible},){row.attestation_commitment},3592377968402533295861330282369393537023945084990268417085703604426443767186|9559433567887443969144564727729890360494560504474939844943771504008936164749|1
({row.record_id},){row.reportingPeriod},({row.organizationalBoundary},){row.emissionFactorVersion},({row.company_hash},){row.emissionThreshold},({row.zk_is_eligible},){row.attestation_commitment},20604298500278244175143842849971450333330003124401237377407863005889031398291|12037797794888073788284881604420785821983022611903548368331545302636639951123|1
({row.record_id},){row.reportingPeriod},({row.organizationalBoundary},){row.emissionFactorVersion},({row.company_hash},){row.emissionThreshold},({row.zk_is_eligible},){row.attestation_commitment},21542010289508976954235028354400411876515941286846583079679454152509637620100|13935089752234006433335890405548969137307898907156457016354873441657230619493|1
({row.record_id},){row.reportingPeriod},({row.organizationalBoundary},){row.emissionFactorVersion},({row.company_hash},){row.emissionThreshold},({row.zk_is_eligible},){row.attestation_commitment},12407680070635458866121357745120999794137377053415316960954432472204444877248|19427305021719895228511304454850278946345054109930524764414842257528139512841|1
({row.record_id},){row.reportingPeriod},({row.organizationalBoundary},){row.emissionFactorVersion},({row.company_hash},){row.emissionThreshold},({row.zk_is_eligible},){row.attestation_commitment},7524686895574963782130060602548634321468724954668628102423433901863325182774|10207409576577583092841324446596609777062229728599597139610602520515907846476|1
({row.record_id},){row.reportingPeriod},({row.organizationalBoundary},){row.emissionFactorVersion},({row.company_hash},){row.emissionThreshold},({row.zk_is_eligible},){row.attestation_commitment},19053750821247808976746548215106814922016643676443283585876350552960041294291|1012960661478222525722889883971100872758740940427608671809399854818989005554|1
({row.record_id},){row.reportingPeriod},({row.organizationalBoundary},){row.emissionFactorVersion},({row.company_hash},){row.emissionThreshold},({row.zk_is_eligible},){row.attestation_commitment},6936297800411024466895072347132765573387128731531182411400533057519718190591|19829035587644633085293121990907820952149340190555080435739602196667195601359|1
({row.record_id},){row.reportingPeriod},({row.organizationalBoundary},){row.emissionFactorVersion},({row.company_hash},){row.emissionThreshold},({row.zk_is_eligible},){row.attestation_commitment},2484208649485678540985485260039156365472794601919421913746727181421360982719|6334793077117871939697158665061168193300804891907291013003410766118827126868|1
({row.record_id},){row.reportingPeriod},({row.organizationalBoundary},){row.emissionFactorVersion},({row.company_hash},){row.emissionThreshold},({row.zk_is_eligible},){row.attestation_commitment},4696931001870734130358730408282312650544261517777220836154464646555678906841|18453649749070384377467383611110005482102665016748935650224872004933859458143|1
({row.record_id},){row.reportingPeriod},({row.organizationalBoundary},){row.emissionFactorVersion},({row.company_hash},){row.emissionThreshold},({row.zk_is_eligible},){row.attestation_commitment},20306289972003139671664432039046740256410235914157705911326780640136019738969|4429643597121521334968311603840009471025989490281127004051243786211882909904|1
({row.record_id},){row.reportingPeriod},({row.organizationalBoundary},){row.emissionFactorVersion},({row.company_hash},){row.emissionThreshold},({row.zk_is_eligible},){row.attestation_commitment},4952949894854706838796385213238553699460558572110109699789256535400460543332|18598223722158228652067162656085001956634591873289923234001861161892631286024|1
({row.record_id},){row.reportingPeriod},({row.organizationalBoundary},){row.emissionFactorVersion},({row.company_hash},){row.emissionThreshold},({row.zk_is_eligible},){row.attestation_commitment},16294010133544883250773924507984639397352558440622582426019449159331301740787|3301648843097906935064400689067713290658794812665848057573087100591678377610|1
({row.record_id},){row.reportingPeriod},({row.organizationalBoundary},){row.emissionFactorVersion},({row.company_hash},){row.emissionThreshold},({row.zk_is_eligible},){row.attestation_commitment},7932972028855181887518521026974841255107918254829383899655276671244643811165|15667220351106756396031541131572977397093247790628177716001512124805884954053|1
({row.record_id},){row.reportingPeriod},({row.organizationalBoundary},){row.emissionFactorVersion},({row.company_hash},){row.emissionThreshold},({row.zk_is_eligible},){row.attestation_commitment},18773320786489013737076618195018112689478452370021256395055729012500269022807|16906672473459696430584299218402430628088419982801370485373679143102658785483|1
({row.record_id},){row.reportingPeriod},({row.organizationalBoundary},){row.emissionFactorVersion},({row.company_hash},){row.emissionThreshold},({row.zk_is_eligible},){row.attestation_commitment},14819976763670995027937446973731981136715782501295874906718415166337071019974|679924870435421460471350777029140885084625000406498873404205805499867874519|1
({row.record_id},){row.reportingPeriod},({row.organizationalBoundary},){row.emissionFactorVersion},({row.company_hash},){row.emissionThreshold},({row.zk_is_eligible},){row.attestation_commitment},11042422531964933293302872264898878851282527145852328030881931792428394437889|6797401496811255597688078933276148036510071106178609501672039471466341292579|1
({row.record_id},){row.reportingPeriod},({row.organizationalBoundary},){row.emissionFactorVersion},({row.company_hash},){row.emissionThreshold},({row.zk_is_eligible},){row.attestation_commitment},10936063757175458157100334607625780520189107016261072148730398512637373607671|17664837599581480495188705118636524954522008856480309084120834838379125683136|1
({row.record_id},){row.reportingPeriod},({row.organizationalBoundary},){row.emissionFactorVersion},({row.company_hash},){row.emissionThreshold},({row.zk_is_eligible},){row.attestation_commitment},4027480133742658264989677412401290221553102912799841146647829544685192693730|2302739474398410301119144884568219801619670274623813506000105358070033641418|1
({row.record_id},){row.reportingPeriod},({row.organizationalBoundary},){row.emissionFactorVersion},({row.company_hash},){row.emissionThreshold},({row.zk_is_eligible},){row.attestation_commitment},12519148828783844423132343228040435928313107399191983522461378325078533639599|1390646424597398217913227356278546097591410173184741668918207875932905897818|1
({row.record_id},){row.reportingPeriod},({row.organizationalBoundary},){row.emissionFactorVersion},({row.company_hash},){row.emissionThreshold},({row.zk_is_eligible},){row.attestation_commitment},21736235480844299048828357241453274961214943733929460529814644336474358768912|19889431576798762074524513596595259729932337499853687817112512455880118132774|1
({row.record_id},){row.reportingPeriod},({row.organizationalBoundary},){row.emissionFactorVersion},({row.company_hash},){row.emissionThreshold},({row.zk_is_eligible},){row.attestation_commitment},20612862839754835916175374070575336188981898981521292173664774965939489538172|5342728467528749125489366954515554680642598876197235864349282887057347146635|1
({row.record_id},){row.reportingPeriod},({row.organizationalBoundary},){row.emissionFactorVersion},({row.company_hash},){row.emissionThreshold},({row.zk_is_eligible},){row.attestation_commitment},8228614939266082689262493554644475716860987738336782787209309160699340414602|16974798033973145094428405133509193884002741598790348607369411340670899819149|1
({row.record_id},){row.reportingPeriod},({row.organizationalBoundary},){row.emissionFactorVersion},({row.company_hash},){row.emissionThreshold},({row.zk_is_eligible},){row.attestation_commitment},8694022381628143736333901352688445679975856654375300337239968288423242217941|1872116111838763797281513646287970078643535320933128341047657600801932266027|1
({row.record_id},){row.reportingPeriod},({row.organizationalBoundary},){row.emissionFactorVersion},({row.company_hash},){row.emissionThreshold},({row.zk_is_eligible},){row.attestation_commitment},15735792371423625121408284356117876049678824381572102950903034955658491413941|1343869340039297382778621785097215186243242108390299210458320443745053870680|1
({row.record_id},){row.reportingPeriod},({row.organizationalBoundary},){row.emissionFactorVersion},({row.company_hash},){row.emissionThreshold},({row.zk_is_eligible},){row.attestation_commitment},11945511592522688992873153144744713853019988748512570560648688101143250769361|20562130936953859764875066637197248067058616661999550541875640249215102255285|1
({row.record_id},){row.reportingPeriod},({row.organizationalBoundary},){row.emissionFactorVersion},({row.company_hash},){row.emissionThreshold},({row.zk_is_eligible},){row.attestation_commitment},8642527900314138930779901727584184229719292366921290504267448566432218361226|10931462544808643745806248400539598282407856821795306304216483810448574109760|1
({row.record_id},){row.reportingPeriod},({row.organizationalBoundary},){row.emissionFactorVersion},({row.company_hash},){row.emissionThreshold},({row.zk_is_eligible},){row.attestation_commitment},18072843191875909428897700700396817706979221557785390357942917673189414033928|11269056451958966589098629349745087184786937744429269453267738929517479348158|1
({row.record_id},){row.reportingPeriod},({row.organizationalBoundary},){row.emissionFactorVersion},({row.company_hash},){row.emissionThreshold},({row.zk_is_eligible},){row.attestation_commitment},13297216080887654726077621587236039352867794419823161564663836113732006250833|12248770807163773711473677130120287812183128673369661136220343426187515815979|1
({row.record_id},){row.reportingPeriod},({row.organizationalBoundary},){row.emissionFactorVersion},({row.company_hash},){row.emissionThreshold},({row.zk_is_eligible},){row.attestation_commitment},19898680730667896892603312897471566648400507340969083279768994978576433769651|10942992627188226322900243137049861463255502403782798959963024719245757686625|1
({row.record_id},){row.reportingPeriod},({row.organizationalBoundary},){row.emissionFactorVersion},({row.company_hash},){row.emissionThreshold},({row.zk_is_eligible},){row.attestation_commitment},19856903394986591868477148261376966408866357881668322457765764867223004436114|1922700368173718079713195995137156169501348431682892778630135712067258794974|1
({row.record_id},){row.reportingPeriod},({row.organizationalBoundary},){row.emissionFactorVersion},({row.company_hash},){row.emissionThreshold},({row.zk_is_eligible},){row.attestation_commitment},4490977676967496728627048059572530474886713365701635841061019459914800147339|20031864952645009557306228384246616255728505143991180467013797538531749685622|1
({row.record_id},){row.reportingPeriod},({row.organizationalBoundary},){row.emissionFactorVersion},({row.company_hash},){row.emissionThreshold},({row.zk_is_eligible},){row.attestation_commitment},17509787973036418309374180256258146508748628381290012906278475276355829941671|12477249769900563467266773656566834500407770610943290459197082755201923925676|1
({row.record_id},){row.reportingPeriod},({row.organizationalBoundary},){row.emissionFactorVersion},({row.company_hash},){row.emissionThreshold},({row.zk_is_eligible},){row.attestation_commitment},9321777281962789942440856826464127562476548835969146721457840510207979026545|10097355436792018952478027026663992568703654077990486008259351292404776318749|1
({row.record_id},){row.reportingPeriod},({row.organizationalBoundary},){row.emissionFactorVersion},({row.company_hash},){row.emissionThreshold},({row.zk_is_eligible},){row.attestation_commitment},2741831490582586567507903433299608786762856355055136218080236654162747111307|7176514064612602756664406937969525471374140934593383042525206606175409438443|1
({row.record_id},){row.reportingPeriod},({row.organizationalBoundary},){row.emissionFactorVersion},({row.company_hash},){row.emissionThreshold},({row.zk_is_eligible},){row.attestation_commitment},1674494170984022730132289717746680969433931636478492335462266956925579999197|13729695941449202976216142133363451962947842064501130778954275398872092498584|1
({row.record_id},){row.reportingPeriod},({row.organizationalBoundary},){row.emissionFactorVersion},({row.company_hash},){row.emissionThreshold},({row.zk_is_eligible},){row.attestation_commitment},6326219024080785278971577196420987534815742094910966461948496553762793701892|12770065438451542637780884921670348641157343285283900260211577573295209789835|1
({row.record_id},){row.reportingPeriod},({row.organizationalBoundary},){row.emissionFactorVersion},({row.company_hash},){row.emissionThreshold},({row.zk_is_eligible},){row.attestation_commitment},12743174959794439089030043693336261741775760153456263538709923570709451326579|8153788917060165806597731568852011628204317548370126354562583674419748238657|1
({row.record_id},){row.reportingPeriod},({row.organizationalBoundary},){row.emissionFactorVersion},({row.company_hash},){row.emissionThreshold},({row.zk_is_eligible},){row.attestation_commitment},18050744111442124563513283454460066759293034954396787221188311650530278462819|4812744181502347543221817252251643657673773427316656912609768426737966644416|1
({row.record_id},){row.reportingPeriod},({row.organizationalBoundary},){row.emissionFactorVersion},({row.company_hash},){row.emissionThreshold},({row.zk_is_eligible},){row.attestation_commitment},10591238383404563322541145532505569699518944205774144428470851028877319684937|10552740859151567922394851940777101848741422372275620037241170005677993745339|1
({row.record_id},){row.reportingPeriod},({row.organizationalBoundary},){row.emissionFactorVersion},({row.company_hash},){row.emissionThreshold},({row.zk_is_eligible},){row.attestation_commitment},5523497384619700480003198943070196853891981931489837429792439605652563396214|16427607289145359211061320336228795848892582694606741647899300266832530343958|1
({row.record_id},){row.reportingPeriod},({row.organizationalBoundary},){row.emissionFactorVersion},({row.company_hash},){row.emissionThreshold},({row.zk_is_eligible},){row.attestation_commitment},16191896917298711321621718781099074030999441067589259882787172973068393254827|21442807875156296487837363430045713051157311277959219568883951490036207887177|1
({row.record_id},){row.reportingPeriod},({row.organizationalBoundary},){row.emissionFactorVersion},({row.company_hash},){row.emissionThreshold},({row.zk_is_eligible},){row.attestation_commitment},5266563698989378500987797631404183182931133057811197285119259635780003745727|1301970893872525970873260228989721813993200512199026447608384229504288618938|1
({row.record_id},){row.reportingPeriod},({row.organizationalBoundary},){row.emissionFactorVersion},({row.company_hash},){row.emissionThreshold},({row.zk_is_eligible},){row.attestation_commitment},18941424606243349069119736567716211058068215215606371871289725424465192076533|6585204528220107434274154196186437178863251169274636373735112299315506446618|1
({row.record_id},){row.reportingPeriod},({row.organizationalBoundary},){row.emissionFactorVersion},({row.company_hash},){row.emissionThreshold},({row.zk_is_eligible},){row.attestation_commitment},920192595676008235242701646102024319557883466176888237967271415517731628518|11198369382823303731992785601654519560396134050908035258575135194515334074969|1
({row.record_id},){row.reportingPeriod},({row.organizationalBoundary},){row.emissionFactorVersion},({row.company_hash},){row.emissionThreshold},({row.zk_is_eligible},){row.attestation_commitment},20368613691184641120466743189105494573012934305449987304948658217977850988790|14013508834788064547264324083382505980804925261890627245689937403527977710656|1
({row.record_id},){row.reportingPeriod},({row.organizationalBoundary},){row.emissionFactorVersion},({row.company_hash},){row.emissionThreshold},({row.zk_is_eligible},){row.attestation_commitment},1730118257768494182075115272065606620536004905530211979822969520884569597202|17514744853397774492717315948263083735856291783710550990252515449255036721354|1
({row.record_id},){row.reportingPeriod},({row.organizationalBoundary},){row.emissionFactorVersion},({row.company_hash},){row.emissionThreshold},({row.zk_is_eligible},){row.attestation_commitment},18303595925343391435370903827772092180239112058511929727158372659581445684174|19003491790191233857608778468791700371311396277793447472693445144601245839010|1
({row.record_id},){row.reportingPeriod},({row.organizationalBoundary},){row.emissionFactorVersion},({row.company_hash},){row.emissionThreshold},({row.zk_is_eligible},){row.attestation_commitment},12923890409582349752083892602422961409317609166224453207546217974392866457267|6348104922899199431839497777684654460701606893586163142841618387947654439172|1
({row.record_id},){row.reportingPeriod},({row.organizationalBoundary},){row.emissionFactorVersion},({row.company_hash},){row.emissionThreshold},({row.zk_is_eligible},){row.attestation_commitment},10048839089691819111128788398093920061989957848787703055905956331534538626745|16030314181816601208005239567765319761871799156741067695910322107341663212999|1
({row.record_id},){row.reportingPeriod},({row.organizationalBoundary},){row.emissionFactorVersion},({row.company_hash},){row.emissionThreshold},({row.zk_is_eligible},){row.attestation_commitment},18562469585031393221041511592991457843321978346866372072410492223700200423738|2078049856304123879095155855833264359759901214308823376399144739617600231874|1
({row.record_id},){row.reportingPeriod},({row.organizationalBoundary},){row.emissionFactorVersion},({row.company_hash},){row.emissionThreshold},({row.zk_is_eligible},){row.attestation_commitment},19763062966598364092386230524859397991220183372871427228795636199558831155027|7074997390697240612147506664739091193902770890781948331226023493929204546397|1
({row.record_id},){row.reportingPeriod},({row.organizationalBoundary},){row.emissionFactorVersion},({row.company_hash},){row.emissionThreshold},({row.zk_is_eligible},){row.attestation_commitment},18844495704753506135705440857024822909747748750629334608654266221747983931641|5201891377487440647291252235004123844950030883126325903387066967241370710546|1
({row.record_id},){row.reportingPeriod},({row.organizationalBoundary},){row.emissionFactorVersion},({row.company_hash},){row.emissionThreshold},({row.zk_is_eligible},){row.attestation_commitment},13814474117782196759321675528082210527344949280414708810683707815928703318250|8521623784889065830225916481269533237690529124488232126057193699712816228457|1
({row.record_id},){row.reportingPeriod},({row.organizationalBoundary},){row.emissionFactorVersion},({row.company_hash},){row.emissionThreshold},({row.zk_is_eligible},){row.attestation_commitment},17657869401629174159565858414549013966175592771521526042587786093677713392120|15543562163393029109761363936573662774141403172174648557891615678023816866054|1
({row.record_id},){row.reportingPeriod},({row.organizationalBoundary},){row.emissionFactorVersion},({row.company_hash},){row.emissionThreshold},({row.zk_is_eligible},){row.attestation_commitment},2445526163322757027673086558887710048885755320394077684978021133571029031130|20347258646023656884948608923823473407801739421303693431063042304984772604272|1
({row.record_id},){row.reportingPeriod},({row.organizationalBoundary},){row.emissionFactorVersion},({row.company_hash},){row.emissionThreshold},({row.zk_is_eligible},){row.attestation_commitment},15154369981594688081691649615438538872374907694306909230996978523288997055199|5845793521695881916471922409245810384985414076250080203606452278518666325852|1
({row.record_id},){row.reportingPeriod},({row.organizationalBoundary},){row.emissionFactorVersion},({row.company_hash},){row.emissionThreshold},({row.zk_is_eligible},){row.attestation_commitment},16832162857237867633034490345702615775836866029886718408182967120616950592395|11525037680935934255823787912404348628602470331472902255945805947204374470539|1
({row.record_id},){row.reportingPeriod},({row.organizationalBoundary},){row.emissionFactorVersion},({row.company_hash},){row.emissionThreshold},({row.zk_is_eligible},){row.attestation_commitment},11684330897358901878816982551151272350508004563345380222987517333786226142547|11762408585263401191604929022392809736935073705487840951991196864915362384970|1
({row.record_id},){row.reportingPeriod},({row.organizationalBoundary},){row.emissionFactorVersion},({row.company_hash},){row.emissionThreshold},({row.zk_is_eligible},){row.attestation_commitment},9297719193433285210128666170999510297316845769930436377513250611592366476702|4501951514004778156984570259727029696247765935548021229733202400005328940300|1
({row.record_id},){row.reportingPeriod},({row.organizationalBoundary},){row.emissionFactorVersion},({row.company_hash},){row.emissionThreshold},({row.zk_is_eligible},){row.attestation_commitment},12399915828604533692702724237692371359546152789202617766750115243881697122602|9022447059685055119993558778967664259895520333699447411915883680105584667288|1
({row.record_id},){row.reportingPeriod},({row.organizationalBoundary},){row.emissionFactorVersion},({row.company_hash},){row.emissionThreshold},({row.zk_is_eligible},){row.attestation_commitment},5523853720850853187886083649821840509106395169829317553333221435646174200189|20942140198937448891510012138910155729001589773248220318408829969532047046973|1
({row.record_id},){row.reportingPeriod},({row.organizationalBoundary},){row.emissionFactorVersion},({row.company_hash},){row.emissionThreshold},({row.zk_is_eligible},){row.attestation_commitment},13356755879921597946663748567035715161199362902241628221343158987018781605581|11361062421739578125356730918983378755824396549825883687414268314134840423896|1
({row.record_id},){row.reportingPeriod},({row.organizationalBoundary},){row.emissionFactorVersion},({row.company_hash},){row.emissionThreshold},({row.zk_is_eligible},){row.attestation_commitment},4833304607906974571147507239132369275511018714308835182509968609793732401704|5697726384804370779762166780194504323079366908241609367322917001646485369781|1
({row.record_id},){row.reportingPeriod},({row.organizationalBoundary},){row.emissionFactorVersion},({row.company_hash},){row.emissionThreshold},({row.zk_is_eligible},){row.attestation_commitment},3182945252385624404771353224220964950966100873061394046372399628352869788017|19861666722758611919403367400948086048983359381778627304499474142072691556888|1
({row.record_id},){row.reportingPeriod},({row.organizationalBoundary},){row.emissionFactorVersion},({row.company_hash},){row.emissionThreshold},({row.zk_is_eligible},){row.attestation_commitment},13619497474098179211345776740240914493523513113094200985133006537994154544763|8889531199575555370135629933642669341142802268272313668079003014334390757254|1
({row.record_id},){row.reportingPeriod},({row.organizationalBoundary},){row.emissionFactorVersion},({row.company_hash},){row.emissionThreshold},({row.zk_is_eligible},){row.attestation_commitment},12283693137164206635944300412508927959228692602706903819219028387853353018913|13829935216506085252701485845487538685314254947105893193205951310672330667196|1
({row.record_id},){row.reportingPeriod},({row.organizationalBoundary},){row.emissionFactorVersion},({row.company_hash},){row.emissionThreshold},({row.zk_is_eligible},){row.attestation_commitment},13081945628860335992082473694158356870477787623079847519623029133927405132279|8450214209317776040825249010747610804154991325271854164155082906463181914394|1
({row.record_id},){row.reportingPeriod},({row.organizationalBoundary},){row.emissionFactorVersion},({row.company_hash},){row.emissionThreshold},({row.zk_is_eligible},){row.attestation_commitment},4226388762042931724624300645075322960943454660265418728579126245790002614972|4738070248820050053212919847230386173891534554467983581539762982554212887410|1
({row.record_id},){row.reportingPeriod},({row.organizationalBoundary},){row.emissionFactorVersion},({row.company_hash},){row.emissionThreshold},({row.zk_is_eligible},){row.attestation_commitment},1764720254240023765248109150812123869383763037961629659391284012348702253897|14586596879947042309773835231673543177809977660312658958984910843262437364724|1
({row.record_id},){row.reportingPeriod},({row.organizationalBoundary},){row.emissionFactorVersion},({row.company_hash},){row.emissionThreshold},({row.zk_is_eligible},){row.attestation_commitment},7683814955736697706834031341391333054768539324742931087954352906138927136103|9818463876497195142278975222774109082883281817384732289851489676530783495109|1
({row.record_id},){row.reportingPeriod},({row.organizationalBoundary},){row.emissionFactorVersion},({row.company_hash},){row.emissionThreshold},({row.zk_is_eligible},){row.attestation_commitment},12862406969799907672118962690384330969429242076408286371391334130750725496066|21224400844569905162187945300772503391293456434957264943055588977170348738397|1
({row.record_id},){row.reportingPeriod},({row.organizationalBoundary},){row.emissionFactorVersion},({row.company_hash},){row.emissionThreshold},({row.zk_is_eligible},){row.attestation_commitment},3302799286487878087443049923084411171436889254054114749711708139563383097105|4582132516136904580652256917179979426997341830875035142304956319772061691053|1
({row.record_id},){row.reportingPeriod},({row.organizationalBoundary},){row.emissionFactorVersion},({row.company_hash},){row.emissionThreshold},({row.zk_is_eligible},){row.attestation_commitment},14107300600913544725051218313662558192651785755429001434432002326950720570349|20311444309013058020484554243330298347492931192193630579548100830752376185290|1
({row.record_id},){row.reportingPeriod},({row.organizationalBoundary},){row.emissionFactorVersion},({row.company_hash},){row.emissionThreshold},({row.zk_is_eligible},){row.attestation_commitment},4689111876293108332991106655324726092631620262089608577092344915860074686404|1648678123934284791600916156228712510919396898196351763942736354005273276875|1
({row.record_id},){row.reportingPeriod},({row.organizationalBoundary},){row.emissionFactorVersion},({row.company_hash},){row.emissionThreshold},({row.zk_is_eligible},){row.attestation_commitment},20145519017401574092263665809975452242276122147812165052455480926983664019895|14767659906865689708401964078763248354845229044853688338744328214342881131491|1
({row.record_id},){row.reportingPeriod},({row.organizationalBoundary},){row.emissionFactorVersion},({row.company_hash},){row.emissionThreshold},({row.zk_is_eligible},){row.attestation_commitment},18754953146134072574179811685042447692969392363517346799122494056213867269718|2871718062906213214748242664266606952631366882206789804714363296321108570464|1
({row.record_id},){row.reportingPeriod},({row.organizationalBoundary},){row.emissionFactorVersion},({row.company_hash},){row.emissionThreshold},({row.zk_is_eligible},){row.attestation_commitment},16054178630361583511035792957322598435163123006151319616115666086550446288228|8790061314720692610840713881753835047081504012152701141241580126412368657818|1
({row.record_id},){row.reportingPeriod},({row.organizationalBoundary},){row.emissionFactorVersion},({row.company_hash},){row.emissionThreshold},({row.zk_is_eligible},){row.attestation_commitment},3929391268643978820414039738838466396259203852234735360908382064569442071374|10651690459565516456535522190953268520283644218753179577167382781644315553600|1
({row.record_id},){row.reportingPeriod},({row.organizationalBoundary},){row.emissionFactorVersion},({row.company_hash},){row.emissionThreshold},({row.zk_is_eligible},){row.attestation_commitment},7441088264790890387804641890291833548693162840958524177586070238526509410537|18753693955509816113571533334379935978398432338421864091129617852380030871640|1
({row.record_id},){row.reportingPeriod},({row.organizationalBoundary},){row.emissionFactorVersion},({row.company_hash},){row.emissionThreshold},({row.zk_is_eligible},){row.attestation_commitment},10688998304992594126043324689598778848361874004536268750899118432063173474875|19691168473942622842441408821278946650248299267135216481767056536298024753666|1
({row.record_id},){row.reportingPeriod},({row.organizationalBoundary},){row.emissionFactorVersion},({row.company_hash},){row.emissionThreshold},({row.zk_is_eligible},){row.attestation_commitment},11884645393944931572875052606938155268814063444311019004767566751497655837679|7199186284925667448529212195251524464818388707960146634484042007324782880581|1
({row.record_id},){row.reportingPeriod},({row.organizationalBoundary},){row.emissionFactorVersion},({row.company_hash},){row.emissionThreshold},({row.zk_is_eligible},){row.attestation_commitment},11658485114601388018878134895604694926789406811788006546014646105679742639246|270485328070354550204379988212877973983866467084506038474282428534211690404|1
({row.record_id},){row.reportingPeriod},({row.organizationalBoundary},){row.emissionFactorVersion},({row.company_hash},){row.emissionThreshold},({row.zk_is_eligible},){row.attestation_commitment},12923292293462254773736245365565500748594261460089132758504048154029021121825|12177471538376071928323241155453284431160553485464009662474747828279744894447|1
({row.record_id},){row.reportingPeriod},({row.organizationalBoundary},){row.emissionFactorVersion},({row.company_hash},){row.emissionThreshold},({row.zk_is_eligible},){row.attestation_commitment},18359158867464791550280061170548210294320442292069118010453817394193409673873|19115255414978074730072658742505788466424110053728379931099977239614187757182|1
({row.record_id},){row.reportingPeriod},({row.organizationalBoundary},){row.emissionFactorVersion},({row.company_hash},){row.emissionThreshold},({row.zk_is_eligible},){row.attestation_commitment},21761484481147220705652419310426862879898125194495199065579119996678157065363|19664555513890479706698525408246455573448431356001980270420127234324549075783|1
({row.record_id},){row.reportingPeriod},({row.organizationalBoundary},){row.emissionFactorVersion},({row.company_hash},){row.emissionThreshold},({row.zk_is_eligible},){row.attestation_commitment},17340209158055071528565306704991882631188281137291207104806748508541316697810|4722786977789997268451672196471649707202982129896441325765621427693445485210|1
({row.record_id},){row.reportingPeriod},({row.organizationalBoundary},){row.emissionFactorVersion},({row.company_hash},){row.emissionThreshold},({row.zk_is_eligible},){row.attestation_commitment},260792048099031722476360908906854595542034124491042326574740114533697797306|21695768992358622696835759326557602161499840315767642250774452017533500155049|1
({row.record_id},){row.reportingPeriod},({row.organizationalBoundary},){row.emissionFactorVersion},({row.company_hash},){row.emissionThreshold},({row.zk_is_eligible},){row.attestation_commitment},6555844610881584386591457596766891053972460411739541932037899498664621268397|5402303309437950698302001816787117407508823819898848662139205234768027309259|1
({row.record_id},){row.reportingPeriod},({row.organizationalBoundary},){row.emissionFactorVersion},({row.company_hash},){row.emissionThreshold},({row.zk_is_eligible},){row.attestation_commitment},19494637996086959965872408847182514579854159810886517288954904818838241408027|16816761222398909233584299227218047069625763579552874151043200627397453647385|1
({row.record_id},){row.reportingPeriod},({row.organizationalBoundary},){row.emissionFactorVersion},({row.company_hash},){row.emissionThreshold},({row.zk_is_eligible},){row.attestation_commitment},1685208879463921625616523095331744741908077442798474873513809654830505047636|5974877651495152695799731362779618647113219844416089045405121679879237674807|1
({row.record_id},){row.reportingPeriod},({row.organizationalBoundary},){row.emissionFactorVersion},({row.company_hash},){row.emissionThreshold},({row.zk_is_eligible},){row.attestation_commitment},8095773747030003869587098902728009707789867820023141794371710627055126367492|14619242688958109970270021435401878976934082956156468622284768707339899873964|1
({row.record_id},){row.reportingPeriod},({row.organizationalBoundary},){row.emissionFactorVersion},({row.company_hash},){row.emissionThreshold},({row.zk_is_eligible},){row.attestation_commitment},11822750718081527013661160411702275994586338004345019722141699833571118637402|5923289068416583221019444913659400220322112406840978110406840399729351437777|1
({row.record_id},){row.reportingPeriod},({row.organizationalBoundary},){row.emissionFactorVersion},({row.company_hash},){row.emissionThreshold},({row.zk_is_eligible},){row.attestation_commitment},15383551121196984000029082867653944430243798756917394155048863845034976079784|19689955183557762120158525478510703245899431616459151614933551923145825657456|1
({row.record_id},){row.reportingPeriod},({row.organizationalBoundary},){row.emissionFactorVersion},({row.company_hash},){row.emissionThreshold},({row.zk_is_eligible},){row.attestation_commitment},12532210983645193450465281924396666424846486821337458967051637644269216176385|631603721857510971065872934044227134460627555482438432912285965276220537547|1
({row.record_id},){row.reportingPeriod},({row.organizationalBoundary},){row.emissionFactorVersion},({row.company_hash},){row.emissionThreshold},({row.zk_is_eligible},){row.attestation_commitment},6716100191368089671863689023121316563681478043514253095994131961533307008878|5941544981004245085852372553926808740983795354795638027733388236396184733786|1
({row.record_id},){row.reportingPeriod},({row.organizationalBoundary},){row.emissionFactorVersion},({row.company_hash},){row.emissionThreshold},({row.zk_is_eligible},){row.attestation_commitment},11680076504763965468497768113696782360553991436414662717770628302471265551168|18395636414371684039042886288425643501190514301499416920196782020486420139998|1
({row.record_id},){row.reportingPeriod},({row.organizationalBoundary},){row.emissionFactorVersion},({row.company_hash},){row.emissionThreshold},({row.zk_is_eligible},){row.attestation_commitment},16847734498070562648581582340191314245634745267315061564300018323775930893549|7270335309202353660864818306079436040908684039812833345054978497529043429960|1
({row.record_id},){row.reportingPeriod},({row.organizationalBoundary},){row.emissionFactorVersion},({row.company_hash},){row.emissionThreshold},({row.zk_is_eligible},){row.attestation_commitment},10878066736402748562698573504183796813291827391692163593247369366812235678419|15984586793888260632480577986842602189198087768227532551869499528534034584675|1
({row.record_id},){row.reportingPeriod},({row.organizationalBoundary},){row.emissionFactorVersion},({row.company_hash},){row.emissionThreshold},({row.zk_is_eligible},){row.attestation_commitment},3602558255608274843447307485832820933854510047781067422973710482431185704578|15979663302392872329457446923843534215711311290802505441500000517690952866744|1
({row.record_id},){row.reportingPeriod},({row.organizationalBoundary},){row.emissionFactorVersion},({row.company_hash},){row.emissionThreshold},({row.zk_is_eligible},){row.attestation_commitment},18753502272142062903407453873643491447038466619290212882727865998012239216621|19932852303164724413507540689889888046865260223538929519516033794862858929331|1
({row.record_id},){row.reportingPeriod},({row.organizationalBoundary},){row.emissionFactorVersion},({row.company_hash},){row.emissionThreshold},({row.zk_is_eligible},){row.attestation_commitment},9237744156935514584429034841712547081835115468908436160023027006079257435807|20037592239622006704896747100464560132114537166937469063136933966862502820601|1
({row.record_id},){row.reportingPeriod},({row.organizationalBoundary},){row.emissionFactorVersion},({row.company_hash},){row.emissionThreshold},({row.zk_is_eligible},){row.attestation_commitment},58054593099793152096856522856544022994023494788930090157588542796069587771|20521225572301005643450152953034825810389310640222467444910598985809641144350|1
({row.record_id},){row.reportingPeriod},({row.organizationalBoundary},){row.emissionFactorVersion},({row.company_hash},){row.emissionThreshold},({row.zk_is_eligible},){row.attestation_commitment},16540354845796916981425370528136677036789774956925065025211191782573157686819|9609746029525743948035595397238714774816563534770480863752945096845652104278|1
({row.record_id},){row.reportingPeriod},({row.organizationalBoundary},){row.emissionFactorVersion},({row.company_hash},){row.emissionThreshold},({row.zk_is_eligible},){row.attestation_commitment},4442170917651031383075786064133476990144448893262649020093807352797183862214|1555696843411333641375752034525458768459907710385125540782188025810003088857|1
({row.record_id},){row.reportingPeriod},({row.organizationalBoundary},){row.emissionFactorVersion},({row.company_hash},){row.emissionThreshold},({row.zk_is_eligible},){row.attestation_commitment},9576705882830750709682419171193195186815297890945675658955515984673745247438|568802737744240091980606065158011374647513746315592113664569989089162550526|1
({row.record_id},){row.reportingPeriod},({row.organizationalBoundary},){row.emissionFactorVersion},({row.company_hash},){row.emissionThreshold},({row.zk_is_eligible},){row.attestation_commitment},102629321727457680252993202991652803330170943058186580953760223594065306497|10152647812972455866241231818595779269621436272429603913307777776251561403297|1
({row.record_id},){row.reportingPeriod},({row.organizationalBoundary},){row.emissionFactorVersion},({row.company_hash},){row.emissionThreshold},({row.zk_is_eligible},){row.attestation_commitment},12475037284736473615182806960593037619662624927079919427386841040599423975558|21534618244322356228210500490103860496415717300354631120137323468521075737353|1
({row.record_id},){row.reportingPeriod},({row.organizationalBoundary},){row.emissionFactorVersion},({row.company_hash},){row.emissionThreshold},({row.zk_is_eligible},){row.attestation_commitment},11417697285283645034525516588329765915765253508515312549108142005088624699796|13257822375464148724473272856428850919822784241500589154700631218074076874918|1
({row.record_id},){row.reportingPeriod},({row.organizationalBoundary},){row.emissionFactorVersion},({row.company_hash},){row.emissionThreshold},({row.zk_is_eligible},){row.attestation_commitment},12567305292158872726310858696310823567622046998543756578595766707260449293892|21614682587978339599645848711703407945411165730765844224119048422558867412907|1
({row.record_id},){row.reportingPeriod},({row.organizationalBoundary},){row.emissionFactorVersion},({row.company_hash},){row.emissionThreshold},({row.zk_is_eligible},){row.attestation_commitment},15800745702224546190920994476157592364949759249640916350772800304116048763935|2058088737800437934153886748313829101408335088905904364496428849519482030898|1
({row.record_id},){row.reportingPeriod},({row.organizationalBoundary},){row.emissionFactorVersion},({row.company_hash},){row.emissionThreshold},({row.zk_is_eligible},){row.attestation_commitment},18278251854377049926739942210797715979279909777528275042049920079653705383606|19962584382643911503041941726874028642054837913234533884732339944229832865577|1
({row.record_id},){row.reportingPeriod},({row.organizationalBoundary},){row.emissionFactorVersion},({row.company_hash},){row.emissionThreshold},({row.zk_is_eligible},){row.attestation_commitment},100013248127996476244913139895112094555819114986450036569782994443607912086|6339606894050830936103044995839847437142341689648579710425766990611962472231|1
({row.record_id},){row.reportingPeriod},({row.organizationalBoundary},){row.emissionFactorVersion},({row.company_hash},){row.emissionThreshold},({row.zk_is_eligible},){row.attestation_commitment},19912067970768268816131305843977971679775282581132534863917185535442505513013|18690791365977049861779243363559781874085188011946672967023072427194520548345|1
({row.record_id},){row.reportingPeriod},({row.organizationalBoundary},){row.emissionFactorVersion},({row.company_hash},){row.emissionThreshold},({row.zk_is_eligible},){row.attestation_commitment},9752714825055165054953031182902572758485757033835270435508990770117218701588|10580446559631887779755695667946252565820578877413518942118267615767213363726|1
({row.record_id},){row.reportingPeriod},({row.organizationalBoundary},){row.emissionFactorVersion},({row.company_hash},){row.emissionThreshold},({row.zk_is_eligible},){row.attestation_commitment},15970493168551399377046199200910464501781223481287927155234970654693121345784|18554685127729054606079275752196654845793163796245820956760595779667458115602|1
({row.record_id},){row.reportingPeriod},({row.organizationalBoundary},){row.emissionFactorVersion},({row.company_hash},){row.emissionThreshold},({row.zk_is_eligible},){row.attestation_commitment},3658118158612162478734069883828955645715076010107528335889708084666247243820|6074334978375435042754493191160539969184355297617149548246455169977734924928|1
({row.record_id},){row.reportingPeriod},({row.organizationalBoundary},){row.emissionFactorVersion},({row.company_hash},){row.emissionThreshold},({row.zk_is_eligible},){row.attestation_commitment},6089584681077497200099588056500818390723096412308996014153139718655396648520|15090140501081234240902528600738997828385828530901879063157308999483824804713|1
({row.record_id},){row.reportingPeriod},({row.organizationalBoundary},){row.emissionFactorVersion},({row.company_hash},){row.emissionThreshold},({row.zk_is_eligible},){row.attestation_commitment},14352535884430444854361720172211054623375097917003597384475581422396283644342|17693907393611051118772787373562046962481567483753797976515921762449244761553|1
({row.record_id},){row.reportingPeriod},({row.organizationalBoundary},){row.emissionFactorVersion},({row.company_hash},){row.emissionThreshold},({row.zk_is_eligible},){row.attestation_commitment},1047942827339695396443441519910459833220344394482624670924935937627644181265|18873676336509331400093937363362057119957605502405610071169091158443555911534|1
({row.record_id},){row.reportingPeriod},({row.organizationalBoundary},){row.emissionFactorVersion},({row.company_hash},){row.emissionThreshold},({row.zk_is_eligible},){row.attestation_commitment},505077466442753429829317481208946860448853356202282626469253824405738946208|560384996188613278596786398660497908323596524846197345029944055904578589341|1
({row.record_id},){row.reportingPeriod},({row.organizationalBoundary},){row.emissionFactorVersion},({row.company_hash},){row.emissionThreshold},({row.zk_is_eligible},){row.attestation_commitment},5745425653212656087268447742308696904243978585238064562563571039333150041828|17719693826495388811493354274561500616443741638255355822905235957650787677215|1
({row.record_id},){row.reportingPeriod},({row.organizationalBoundary},){row.emissionFactorVersion},({row.company_hash},){row.emissionThreshold},({row.zk_is_eligible},){row.attestation_commitment},3612465293757505961287697900659107030620851254015370714087803724457173649145|21869622189136287070903410072298783379215274323835197717350998124516406077774|1
({row.record_id},){row.reportingPeriod},({row.organizationalBoundary},){row.emissionFactorVersion},({row.company_hash},){row.emissionThreshold},({row.zk_is_eligible},){row.attestation_commitment},19924924769716017442845106386043792663507670794804726816932746811754559109759|8407990654093392161836507383492382690978642174595607215623178336099986620620|1
({row.record_id},){row.reportingPeriod},({row.organizationalBoundary},){row.emissionFactorVersion},({row.company_hash},){row.emissionThreshold},({row.zk_is_eligible},){row.attestation_commitment},20939337910487899059956661779821330740159733128719734820512661727775115182294|12512864334927545560151887333197369796849987810945087191443611119007637501917|1
({row.record_id},){row.reportingPeriod},({row.organizationalBoundary},){row.emissionFactorVersion},({row.company_hash},){row.emissionThreshold},({row.zk_is_eligible},){row.attestation_commitment},11800713535337472002299757937152649277375740258447408145284868230455456370760|15381937698141486920099634476194038237637762563761917913830538968369317745472|1
({row.record_id},){row.reportingPeriod},({row.organizationalBoundary},){row.emissionFactorVersion},({row.company_hash},){row.emissionThreshold},({row.zk_is_eligible},){row.attestation_commitment},4452092571668431913767225925392339244096870752471879903272628787022988290062|21322010329809628537577830121078208746526859800326589463526553541893873001658|1
({row.record_id},){row.reportingPeriod},({row.organizationalBoundary},){row.emissionFactorVersion},({row.company_hash},){row.emissionThreshold},({row.zk_is_eligible},){row.attestation_commitment},20227330844079691174337130989520367268323537614295097547761789439711278182753|9778415152578015286637909725098895230124143153975885341651358271026264366608|1
({row.record_id},){row.reportingPeriod},({row.organizationalBoundary},){row.emissionFactorVersion},({row.company_hash},){row.emissionThreshold},({row.zk_is_eligible},){row.attestation_commitment},5221579453339836660039439612750413031692156954586421155504128058224828526984|7173378818395088734491242932673944051977560039497437993226607495294340246223|1
({row.record_id},){row.reportingPeriod},({row.organizationalBoundary},){row.emissionFactorVersion},({row.company_hash},){row.emissionThreshold},({row.zk_is_eligible},){row.attestation_commitment},543768638639049850629033665284415665729725329381371818193999246648095067443|13143322342935504222563272780782462363626384218642176128078307484264426482814|1
({row.record_id},){row.reportingPeriod},({row.organizationalBoundary},){row.emissionFactorVersion},({row.company_hash},){row.emissionThreshold},({row.zk_is_eligible},){row.attestation_commitment},18298352926381674977408590115611439436878850919306828361221517314633308827204|18075425084511327249848456430272901015544105727867309843437639767967293117666|1
({row.record_id},){row.reportingPeriod},({row.organizationalBoundary},){row.emissionFactorVersion},({row.company_hash},){row.emissionThreshold},({row.zk_is_eligible},){row.attestation_commitment},540076752781817768013761871729301204240813683280934933095575691582839436570|20617975973610500332006179213804609422845940655238465465344826014338416099586|1
({row.record_id},){row.reportingPeriod},({row.organizationalBoundary},){row.emissionFactorVersion},({row.company_hash},){row.emissionThreshold},({row.zk_is_eligible},){row.attestation_commitment},16319953047092965328789821309792956513096594520092756495507920913902809967968|17459899926313369105154164863091893325490871047719617368895852838596777307842|1
({row.record_id},){row.reportingPeriod},({row.organizationalBoundary},){row.emissionFactorVersion},({row.company_hash},){row.emissionThreshold},({row.zk_is_eligible},){row.attestation_commitment},9874658937365906535242974067555449858273325376383424529153629928642504458341|6989287044483042171942337342055438175330889302051026223691096424111820225658|1
({row.record_id},){row.reportingPeriod},({row.organizationalBoundary},){row.emissionFactorVersion},({row.company_hash},){row.emissionThreshold},({row.zk_is_eligible},){row.attestation_commitment},13564319810438244557542579132750862625708570222551432935712757773717860159828|6041290022856920284171068002772722126042174828350134303203207846738027940366|1
({row.record_id},){row.reportingPeriod},({row.organizationalBoundary},){row.emissionFactorVersion},({row.company_hash},){row.emissionThreshold},({row.zk_is_eligible},){row.attestation_commitment},3551889502578158909394045497838056717569300893049021788495965366997385056386|20891373963672679003629621391159721058387773824063848069501987362769938900282|1
({row.record_id},){row.reportingPeriod},({row.organizationalBoundary},){row.emissionFactorVersion},({row.company_hash},){row.emissionThreshold},({row.zk_is_eligible},){row.attestation_commitment},18345936047904658637090184625210188234788303005273537700011270535027736281271|15281290716549333717959624549826737859562459062870865704063654210137758738356|1
({row.record_id},){row.reportingPeriod},({row.organizationalBoundary},){row.emissionFactorVersion},({row.company_hash},){row.emissionThreshold},({row.zk_is_eligible},){row.attestation_commitment},15914143124445893498460548254914034577870729297529184321732541588636638618362|21759075780315985512599324692605459270078644268017579202034143331051346055486|1
({row.record_id},){row.reportingPeriod},({row.organizationalBoundary},){row.emissionFactorVersion},({row.company_hash},){row.emissionThreshold},({row.zk_is_eligible},){row.attestation_commitment},1464059567792113839242122464472709363018771105930173868012248657017425024349|12500103947381856611915532619299772148656374964520199993590471351607032316483|1
({row.record_id},){row.reportingPeriod},({row.organizationalBoundary},){row.emissionFactorVersion},({row.company_hash},){row.emissionThreshold},({row.zk_is_eligible},){row.attestation_commitment},9792237187737925329168487514123213883240778130794398599710218272332186535652|7843184293657213596387933034943369740252206838808077942439761496445502058789|1
({row.record_id},){row.reportingPeriod},({row.organizationalBoundary},){row.emissionFactorVersion},({row.company_hash},){row.emissionThreshold},({row.zk_is_eligible},){row.attestation_commitment},17899244444101215876214668916759037950063283498590577946801506741993002314949|4971079706722761342125673184143570835120511478249665442070629785019380357992|1
({row.record_id},){row.reportingPeriod},({row.organizationalBoundary},){row.emissionFactorVersion},({row.company_hash},){row.emissionThreshold},({row.zk_is_eligible},){row.attestation_commitment},15966246778398533503853221921322574957122826466504642612504056665904070031700|8766609547568615630912844254461121710262821558219817625783486240394852864006|1
({row.record_id},){row.reportingPeriod},({row.organizationalBoundary},){row.emissionFactorVersion},({row.company_hash},){row.emissionThreshold},({row.zk_is_eligible},){row.attestation_commitment},11186093887009684353353908601501432338157438219107087590380769702097453318654|9316880772759658506255782689005784038189373906829768399500847257549000535792|1
({row.record_id},){row.reportingPeriod},({row.organizationalBoundary},){row.emissionFactorVersion},({row.company_hash},){row.emissionThreshold},({row.zk_is_eligible},){row.attestation_commitment},3238416588878836390791252692524624024069944087732712417888575222789544550517|19914103357284230396955686106613093055116355205727376498670265482181899230974|1
({row.record_id},){row.reportingPeriod},({row.organizationalBoundary},){row.emissionFactorVersion},({row.company_hash},){row.emissionThreshold},({row.zk_is_eligible},){row.attestation_commitment},4937590274577950731132061219301638665940774203899679211706925567980717625630|19328861832368269124816201155574847106433993628788986032959944715302048065708|1
({row.record_id},){row.reportingPeriod},({row.organizationalBoundary},){row.emissionFactorVersion},({row.company_hash},){row.emissionThreshold},({row.zk_is_eligible},){row.attestation_commitment},4556108685746173642314062875231764758876215041626376172929365821263643723635|13236801210544176411928656435846765495725019287454792842600088376071692291521|1
({row.record_id},){row.reportingPeriod},({row.organizationalBoundary},){row.emissionFactorVersion},({row.company_hash},){row.emissionThreshold},({row.zk_is_eligible},){row.attestation_commitment},12290888291661712991337118961959817147002666462725444727193086850565097473142|11400608178341207611768549443756388876556049538868338190528044505232967938286|1
({row.record_id},){row.reportingPeriod},({row.organizationalBoundary},){row.emissionFactorVersion},({row.company_hash},){row.emissionThreshold},({row.zk_is_eligible},){row.attestation_commitment},15424580652325182607410356634822571292066825848784965413736401625392965978823|15293924689250454913776710920387064798975290653758142711258085833157353809193|1
({row.record_id},){row.reportingPeriod},({row.organizationalBoundary},){row.emissionFactorVersion},({row.company_hash},){row.emissionThreshold},({row.zk_is_eligible},){row.attestation_commitment},7293292743368007393205399751356269683343732493065406905711696603716606484905|5906820794610956220787548029771216785171954969738308328456771665154370665095|1
({row.record_id},){row.reportingPeriod},({row.organizationalBoundary},){row.emissionFactorVersion},({row.company_hash},){row.emissionThreshold},({row.zk_is_eligible},){row.attestation_commitment},6216222122580320166389803456569920599810596818704676623661305475129595840187|13170797800016904788529662490104616060248598494799853724618400752381771146086|1
({row.record_id},){row.reportingPeriod},({row.organizationalBoundary},){row.emissionFactorVersion},({row.company_hash},){row.emissionThreshold},({row.zk_is_eligible},){row.attestation_commitment},4670929856546798169949450905479333243734759754967157899950962413198474924845|8099684746122711546955552106884168155289330491132304980234987131408430502782|1
({row.record_id},){row.reportingPeriod},({row.organizationalBoundary},){row.emissionFactorVersion},({row.company_hash},){row.emissionThreshold},({row.zk_is_eligible},){row.attestation_commitment},16681679083720924826705681579717008454799737679376890090767295369879775405260|15856892683809229452072927199013345196929430260444306036041277177389338975588|1
({row.record_id},){row.reportingPeriod},({row.organizationalBoundary},){row.emissionFactorVersion},({row.company_hash},){row.emissionThreshold},({row.zk_is_eligible},){row.attestation_commitment},7174639679763769942346694606525738910042759197809826616133354647342332174547|3178172447109346647587470562464499526619873217220710925288583003182783745687|1
({row.record_id},){row.reportingPeriod},({row.organizationalBoundary},){row.emissionFactorVersion},({row.company_hash},){row.emissionThreshold},({row.zk_is_eligible},){row.attestation_commitment},14684957148892181719352701442463096690157770575661360991455000702749867045065|18871091959568411562589917573256025873876661907729043196994364396191325018231|1
({row.record_id},){row.reportingPeriod},({row.organizationalBoundary},){row.emissionFactorVersion},({row.company_hash},){row.emissionThreshold},({row.zk_is_eligible},){row.attestation_commitment},13199074485354904938868258108826465815275428086099349879555178852638754089009|258094273604748447109415063417748112968957056478479930682368115479332996949|1
({row.record_id},){row.reportingPeriod},({row.organizationalBoundary},){row.emissionFactorVersion},({row.company_hash},){row.emissionThreshold},({row.zk_is_eligible},){row.attestation_commitment},18052017528566413273403085938797333475041640979833140246387345245121538315239|4156426145838633830858149503433102374576584451313550211773042613923765231791|1
({row.record_id},){row.reportingPeriod},({row.organizationalBoundary},){row.emissionFactorVersion},({row.company_hash},){row.emissionThreshold},({row.zk_is_eligible},){row.attestation_commitment},35873680492691361966854934039161418473411346233970256053292513908372946304|3832348319721093444420317361732311438924040650522968046078563301879880014308|1
({row.record_id},){row.reportingPeriod},({row.organizationalBoundary},){row.emissionFactorVersion},({row.company_hash},){row.emissionThreshold},({row.zk_is_eligible},){row.attestation_commitment},15809940913691209492513822887579190036837370855712493281364192594188949690554|7127487272150787484677411856516072750135442451236703234407575998240745097355|1
({row.record_id},){row.reportingPeriod},({row.organizationalBoundary},){row.emissionFactorVersion},({row.company_hash},){row.emissionThreshold},({row.zk_is_eligible},){row.attestation_commitment},18964950712802183037639800553721480188721850091604477489381931587930121021507|14296557789799525708397983703173414011322827027358850417106215274119596560421|1
({row.record_id},){row.reportingPeriod},({row.organizationalBoundary},){row.emissionFactorVersion},({row.company_hash},){row.emissionThreshold},({row.zk_is_eligible},){row.attestation_commitment},15712532082727171452986515078476908086734853807155495913550662160254345322092|16842183515401007110336471063948984163432972306822269109497749759511270871228|1
({row.record_id},){row.reportingPeriod},({row.organizationalBoundary},){row.emissionFactorVersion},({row.company_hash},){row.emissionThreshold},({row.zk_is_eligible},){row.attestation_commitment},21097761194697235731474748414111114248014499093607875276795252789867913584385|4452785050903236503195541522568518192688166808573898532187477448405432293522|1
({row.record_id},){row.reportingPeriod},({row.organizationalBoundary},){row.emissionFactorVersion},({row.company_hash},){row.emissionThreshold},({row.zk_is_eligible},){row.attestation_commitment},17203305365397910258858996304747861658350636356566069687191624865303091075185|4820869849253197230959089107995555290879320518134436310318455796313481337644|1
({row.record_id},){row.reportingPeriod},({row.organizationalBoundary},){row.emissionFactorVersion},({row.company_hash},){row.emissionThreshold},({row.zk_is_eligible},){row.attestation_commitment},16571764575463287466296001295617791716669145107359379855761327576308588321182|12691119546672466977535035465813674995177494593553734537671349941658028719495|1
({row.record_id},){row.reportingPeriod},({row.organizationalBoundary},){row.emissionFactorVersion},({row.company_hash},){row.emissionThreshold},({row.zk_is_eligible},){row.attestation_commitment},11202433954617990498879109313918378512797068904201932611630635522888899488826|16376142605623122208952484109195635045410705668808742162404533622068474514787|1
({row.record_id},){row.reportingPeriod},({row.organizationalBoundary},){row.emissionFactorVersion},({row.company_hash},){row.emissionThreshold},({row.zk_is_eligible},){row.attestation_commitment},11188324220505114551247908947720462967057910754444493423298211557877089841608|15165371406451135484485281617937195833532298269576308960303675937204679475060|1
({row.record_id},){row.reportingPeriod},({row.organizationalBoundary},){row.emissionFactorVersion},({row.company_hash},){row.emissionThreshold},({row.zk_is_eligible},){row.attestation_commitment},7310852209369178730383366653824821324321188456578054550140854526461271385972|20902470310710624893587181498149687343019964570874058290034364345974966650164|1
({row.record_id},){row.reportingPeriod},({row.organizationalBoundary},){row.emissionFactorVersion},({row.company_hash},){row.emissionThreshold},({row.zk_is_eligible},){row.attestation_commitment},17294347161018101722390204246227715310781428616661291485033015580807498113434|7971559850367108130050140348130909418647276321910169535828332517984303318071|1
({row.record_id},){row.reportingPeriod},({row.organizationalBoundary},){row.emissionFactorVersion},({row.company_hash},){row.emissionThreshold},({row.zk_is_eligible},){row.attestation_commitment},8280713397461704093088810855187898459870405762649427320460459242599187186061|5000609537522064643844334759098151998271522068133666379464123290532616596626|1
({row.record_id},){row.reportingPeriod},({row.organizationalBoundary},){row.emissionFactorVersion},({row.company_hash},){row.emissionThreshold},({row.zk_is_eligible},){row.attestation_commitment},12271648124930800329792862797310601489794015985317326190930689796763660268652|14711739278547052989321852118679824450089683216822060634712869966987427733072|1
({row.record_id},){row.reportingPeriod},({row.organizationalBoundary},){row.emissionFactorVersion},({row.company_hash},){row.emissionThreshold},({row.zk_is_eligible},){row.attestation_commitment},13496783730072036905470421704268871029421110361381417795483622856585449971074|19924816898099749339142789199587187261978010843641635683661527273431222936830|1
({row.record_id},){row.reportingPeriod},({row.organizationalBoundary},){row.emissionFactorVersion},({row.company_hash},){row.emissionThreshold},({row.zk_is_eligible},){row.attestation_commitment},18575358524587214549285068271952077756788085658881145522027148657454243905701|11310914316703902763211439708281392682172964619715373401628675577919594139916|1
({row.record_id},){row.reportingPeriod},({row.organizationalBoundary},){row.emissionFactorVersion},({row.company_hash},){row.emissionThreshold},({row.zk_is_eligible},){row.attestation_commitment},18538949282063813153959363684499123993566873711358983405221690478509292554621|12349399351437487100941014572996437208054532128853066880444015165032638364747|1
({row.record_id},){row.reportingPeriod},({row.organizationalBoundary},){row.emissionFactorVersion},({row.company_hash},){row.emissionThreshold},({row.zk_is_eligible},){row.attestation_commitment},15239026940059328762745959359727145884854749655510861037500275763949269598544|21521851131214126580982802184191798427163743789542688806197077512241653838471|1
({row.record_id},){row.reportingPeriod},({row.organizationalBoundary},){row.emissionFactorVersion},({row.company_hash},){row.emissionThreshold},({row.zk_is_eligible},){row.attestation_commitment},13015576259303843842187649960095009173921967991681736726023296585315239551858|3556078185585695306156864818408608657610385951041050674310978997033208916321|1
({row.record_id},){row.reportingPeriod},({row.organizationalBoundary},){row.emissionFactorVersion},({row.company_hash},){row.emissionThreshold},({row.zk_is_eligible},){row.attestation_commitment},7738254137970381695437941133178319647059846444101294738269858529887087728105|2821522479559626006855861227408284863811165165375622488624638845475276249336|1
({row.record_id},){row.reportingPeriod},({row.organizationalBoundary},){row.emissionFactorVersion},({row.company_hash},){row.emissionThreshold},({row.zk_is_eligible},){row.attestation_commitment},6662609683138892914264694529732392782896432083611322668530330211119547691221|13305406436406036170948828050703479602091056574245195795725000732519972586541|1
({row.record_id},){row.reportingPeriod},({row.organizationalBoundary},){row.emissionFactorVersion},({row.company_hash},){row.emissionThreshold},({row.zk_is_eligible},){row.attestation_commitment},19480991532421984530920701676348266184567046305695695472353160986264462891915|19751899674540429783166635800389993173093122007596129697017635676216130390486|1
({row.record_id},){row.reportingPeriod},({row.organizationalBoundary},){row.emissionFactorVersion},({row.company_hash},){row.emissionThreshold},({row.zk_is_eligible},){row.attestation_commitment},17347065915798084499908219452581665206888389819894310297777504822731425053080|19937563298697728470114743309627162281328186664553247756870322914161731229310|1
({row.record_id},){row.reportingPeriod},({row.organizationalBoundary},){row.emissionFactorVersion},({row.company_hash},){row.emissionThreshold},({row.zk_is_eligible},){row.attestation_commitment},14483841265935976169565411339129582203188158106141420385836289445878156255238|7690558608557424221003908728385947005670646286019498819934832401238541426025|1
({row.record_id},){row.reportingPeriod},({row.organizationalBoundary},){row.emissionFactorVersion},({row.company_hash},){row.emissionThreshold},({row.zk_is_eligible},){row.attestation_commitment},2801995758588973052456522302768359083141922322100204029156576183116311771601|10984063098875472780778412839050890529919231256291103330686047961046527768616|1
({row.record_id},){row.reportingPeriod},({row.organizationalBoundary},){row.emissionFactorVersion},({row.company_hash},){row.emissionThreshold},({row.zk_is_eligible},){row.attestation_commitment},12463610930638510425257967229629664471070606132644649014009281330996788860881|2919040401305086946705875067751360199272398294985232914952104697235223958951|1
({row.record_id},){row.reportingPeriod},({row.organizationalBoundary},){row.emissionFactorVersion},({row.company_hash},){row.emissionThreshold},({row.zk_is_eligible},){row.attestation_commitment},20163483574104764833696049577119670973241606821671942095247568193055494044836|7623007379847388055073351770157551935711931423593773759486959507878921877533|1
({row.record_id},){row.reportingPeriod},({row.organizationalBoundary},){row.emissionFactorVersion},({row.company_hash},){row.emissionThreshold},({row.zk_is_eligible},){row.attestation_commitment},1088847010572137028469743400915221741792711312262913295673277443315944704690|18887749793125825206527952615016300820471875562207245642226486681696501911943|1
({row.record_id},){row.reportingPeriod},({row.organizationalBoundary},){row.emissionFactorVersion},({row.company_hash},){row.emissionThreshold},({row.zk_is_eligible},){row.attestation_commitment},17743245865953605144645364689726628827822601177879094137254528767960606205883|4465574578696769750940009656853681516301729985095270948596211027860156192092|1
({row.record_id},){row.reportingPeriod},({row.organizationalBoundary},){row.emissionFactorVersion},({row.company_hash},){row.emissionThreshold},({row.zk_is_eligible},){row.attestation_commitment},2146336555077450165420976352793155156933138784515335804891639499540564574392|18604072890418655376075740488611242609205512933073139379218978015726926698840|1
({row.record_id},){row.reportingPeriod},({row.organizationalBoundary},){row.emissionFactorVersion},({row.company_hash},){row.emissionThreshold},({row.zk_is_eligible},){row.attestation_commitment},15241321461184115635439002917687965264559507619789740248536732455395698469959|8188345725133882020659305429044465771953240270345943934823563679305033376482|1
({row.record_id},){row.reportingPeriod},({row.organizationalBoundary},){row.emissionFactorVersion},({row.company_hash},){row.emissionThreshold},({row.zk_is_eligible},){row.attestation_commitment},15115426499242846201561070512838248934355785358647473385766321245919057661508|12594484175108081737037363657219523388983668335565305644361304454646765356848|1
({row.record_id},){row.reportingPeriod},({row.organizationalBoundary},){row.emissionFactorVersion},({row.company_hash},){row.emissionThreshold},({row.zk_is_eligible},){row.attestation_commitment},1659024917842130723797204203974076240706925169562461648585289558776231067608|19214810067653764747433625901172210865460116503983754467954938268171631521880|1
({row.record_id},){row.reportingPeriod},({row.organizationalBoundary},){row.emissionFactorVersion},({row.company_hash},){row.emissionThreshold},({row.zk_is_eligible},){row.attestation_commitment},9774021829736579924704989412963807226741554104953892937141569432819443099837|574769498542151740187197571220424565802574590951417384664252365109426634347|1
({row.record_id},){row.reportingPeriod},({row.organizationalBoundary},){row.emissionFactorVersion},({row.company_hash},){row.emissionThreshold},({row.zk_is_eligible},){row.attestation_commitment},10797702882720790600560630957097343297757801927635069683111816347395796000491|8230789702061730478299516482862297405234791698113380593214259452966679248410|1
({row.record_id},){row.reportingPeriod},({row.organizationalBoundary},){row.emissionFactorVersion},({row.company_hash},){row.emissionThreshold},({row.zk_is_eligible},){row.attestation_commitment},3417196652836401228910245861935124124014362006069584675609463253128080746336|4184004975699781790470399755934821461582140659463821339344245127501890777214|1
({row.record_id},){row.reportingPeriod},({row.organizationalBoundary},){row.emissionFactorVersion},({row.company_hash},){row.emissionThreshold},({row.zk_is_eligible},){row.attestation_commitment},21774563820351832756693102447145460590313766095370281351249950493346843907872|18964598661545096282070207090226292368604852964233667711868448386389102118869|1
({row.record_id},){row.reportingPeriod},({row.organizationalBoundary},){row.emissionFactorVersion},({row.company_hash},){row.emissionThreshold},({row.zk_is_eligible},){row.attestation_commitment},247255792532194510361566675775824334632762366674092535352066381573012473177|12118596809720016944289374529613524873031392906117674734066214594489163937011|1
({row.record_id},){row.reportingPeriod},({row.organizationalBoundary},){row.emissionFactorVersion},({row.company_hash},){row.emissionThreshold},({row.zk_is_eligible},){row.attestation_commitment},4807586240918211821700464809889668030032953182056749971259540498772272263005|5970613644423636466042160671543861329573380723855593985300871270914698925000|1
({row.record_id},){row.reportingPeriod},({row.organizationalBoundary},){row.emissionFactorVersion},({row.company_hash},){row.emissionThreshold},({row.zk_is_eligible},){row.attestation_commitment},3475869667486763115539814112654128320580582133336622545787178821527918670585|20946066396893568280075756526818937174054019328539201659236459161765473336756|1
({row.record_id},){row.reportingPeriod},({row.organizationalBoundary},){row.emissionFactorVersion},({row.company_hash},){row.emissionThreshold},({row.zk_is_eligible},){row.attestation_commitment},978948096630331773416388346537799160201114571159936659384504114073874329594|9570815482513958882070838807796517247737365847627514070149490359942265887610|1
({row.record_id},){row.reportingPeriod},({row.organizationalBoundary},){row.emissionFactorVersion},({row.company_hash},){row.emissionThreshold},({row.zk_is_eligible},){row.attestation_commitment},15991586750951815497800545630896755068577371451929218719919993777803315186560|3478596201009963402477958685861173391295231116915566650960610177097344207603|1
({row.record_id},){row.reportingPeriod},({row.organizationalBoundary},){row.emissionFactorVersion},({row.company_hash},){row.emissionThreshold},({row.zk_is_eligible},){row.attestation_commitment},14258014376771352367131184736120042434382707713310537658464814529739743202416|19417411312532173673926937207047150471006528480328386773426029146132289511146|1
({row.record_id},){row.reportingPeriod},({row.organizationalBoundary},){row.emissionFactorVersion},({row.company_hash},){row.emissionThreshold},({row.zk_is_eligible},){row.attestation_commitment},12021603188075025426301919765259699995222868823468591589434988029953276371653|452101799806314242622036298203043363501056664288197946208681655356891373443|1
({row.record_id},){row.reportingPeriod},({row.organizationalBoundary},){row.emissionFactorVersion},({row.company_hash},){row.emissionThreshold},({row.zk_is_eligible},){row.attestation_commitment},11863034147621913906017753816902509854264456058130798365747831571393153017327|10143923901358827241468219985707454307346955627882230616706682494025437223038|1
({row.record_id},){row.reportingPeriod},({row.organizationalBoundary},){row.emissionFactorVersion},({row.company_hash},){row.emissionThreshold},({row.zk_is_eligible},){row.attestation_commitment},20052014759046295124172074656710318396962895555106520812277003816004460752550|8078341664407094413384306834519891409162610514167602617397790117555979908907|1
({row.record_id},){row.reportingPeriod},({row.organizationalBoundary},){row.emissionFactorVersion},({row.company_hash},){row.emissionThreshold},({row.zk_is_eligible},){row.attestation_commitment},9111279198226785440269147111951421112675999347417610348664822123966603874402|5076558981618683442592283558263675708227643140209783884490008208706657056054|1
({row.record_id},){row.reportingPeriod},({row.organizationalBoundary},){row.emissionFactorVersion},({row.company_hash},){row.emissionThreshold},({row.zk_is_eligible},){row.attestation_commitment},4225949213336447672866527234742835426604628805346352526460763652112488908144|1457126118160452206406130436063159090945005847620643737987586612141655109277|1
({row.record_id},){row.reportingPeriod},({row.organizationalBoundary},){row.emissionFactorVersion},({row.company_hash},){row.emissionThreshold},({row.zk_is_eligible},){row.attestation_commitment},7542862517134487688166793608790575625326122474569251509735872236723415066436|21224562934149136664501698661602968649469451752698442253547277706587259939252|1
({row.record_id},){row.reportingPeriod},({row.organizationalBoundary},){row.emissionFactorVersion},({row.company_hash},){row.emissionThreshold},({row.zk_is_eligible},){row.attestation_commitment},2961255559408277622719472318278290624802725258597080411690511280521299085423|7945876658225849301618446703776633609069395547721513973335291818591161100913|1
({row.record_id},){row.reportingPeriod},({row.organizationalBoundary},){row.emissionFactorVersion},({row.company_hash},){row.emissionThreshold},({row.zk_is_eligible},){row.attestation_commitment},19196744016392474724938995173201995205859242533637179426207007058925330379305|20448087016526714672518170535938073589733278836806821504824930738339297523198|1
({row.record_id},){row.reportingPeriod},({row.organizationalBoundary},){row.emissionFactorVersion},({row.company_hash},){row.emissionThreshold},({row.zk_is_eligible},){row.attestation_commitment},118197538571386484138639204328787029236559798749298287544839767550484875184|3972898650619416276090825420797406674562713185893523812464848053521754637498|1
({row.record_id},){row.reportingPeriod},({row.organizationalBoundary},){row.emissionFactorVersion},({row.company_hash},){row.emissionThreshold},({row.zk_is_eligible},){row.attestation_commitment},4050714785120794051210529560038355015580395550233662806719374665047586673845|16943056977507533158286618810056955642850821032196577194529376275945202562506|1
({row.record_id},){row.reportingPeriod},({row.organizationalBoundary},){row.emissionFactorVersion},({row.company_hash},){row.emissionThreshold},({row.zk_is_eligible},){row.attestation_commitment},6307111939237994448618983210576029447376592440722009193105094867513151133603|11782148268929056821026143096481189724743874585072014395700148847150899601164|1
({row.record_id},){row.reportingPeriod},({row.organizationalBoundary},){row.emissionFactorVersion},({row.company_hash},){row.emissionThreshold},({row.zk_is_eligible},){row.attestation_commitment},9911608872391014627467366106756511511406598245741084011868870211900148741392|12427058809524689456342436654071093392382286271007171090107484593435679258835|1
({row.record_id},){row.reportingPeriod},({row.organizationalBoundary},){row.emissionFactorVersion},({row.company_hash},){row.emissionThreshold},({row.zk_is_eligible},){row.attestation_commitment},1947801252705196325518878298125767087357061771928978797786750142873954579231|14653984939894161843378161224434827577737613418553176635883717389152709710270|1
({row.record_id},){row.reportingPeriod},({row.organizationalBoundary},){row.emissionFactorVersion},({row.company_hash},){row.emissionThreshold},({row.zk_is_eligible},){row.attestation_commitment},19638932714334954270588539520206019633075767271686440559532716882096666497321|4154931498114450710845485573541575671047899342612311131538953300562077670152|1
({row.record_id},){row.reportingPeriod},({row.organizationalBoundary},){row.emissionFactorVersion},({row.company_hash},){row.emissionThreshold},({row.zk_is_eligible},){row.attestation_commitment},16878089137983045077776879867468874026515269417522721318272031176132865405755|7826265816986265461017751230532819211201467287445996519979474686625998811211|1
({row.record_id},){row.reportingPeriod},({row.organizationalBoundary},){row.emissionFactorVersion},({row.company_hash},){row.emissionThreshold},({row.zk_is_eligible},){row.attestation_commitment},2807565675956669876839725676229561997842931750874345071724226363865925191942|11763202335971172615944554173263457931015889174375851278541569597808171169302|1
({row.record_id},){row.reportingPeriod},({row.organizationalBoundary},){row.emissionFactorVersion},({row.company_hash},){row.emissionThreshold},({row.zk_is_eligible},){row.attestation_commitment},4592762912906591402372408270649252201752893812801999413819330344122512304828|13971902705298467898451005523463539577741432930579045033099126138708750046674|1
({row.record_id},){row.reportingPeriod},({row.organizationalBoundary},){row.emissionFactorVersion},({row.company_hash},){row.emissionThreshold},({row.zk_is_eligible},){row.attestation_commitment},16714883538307145781883590847771044745764116482772003964697237213907937853392|18715702276690290339111308235554216920200220894208507592799057265371538804903|1
({row.record_id},){row.reportingPeriod},({row.organizationalBoundary},){row.emissionFactorVersion},({row.company_hash},){row.emissionThreshold},({row.zk_is_eligible},){row.attestation_commitment},13934231298223057178434337335645241718979375060999808141665858798421019648327|5563371075268847606260357027538405880434686285899831095897040357206903781010|1
({row.record_id},){row.reportingPeriod},({row.organizationalBoundary},){row.emissionFactorVersion},({row.company_hash},){row.emissionThreshold},({row.zk_is_eligible},){row.attestation_commitment},4641951258717658300418946257083336349125485380370601018082267937673186952400|14397374441135656085020406741558967927032226374352789514880036862584024123068|1
({row.record_id},){row.reportingPeriod},({row.organizationalBoundary},){row.emissionFactorVersion},({row.company_hash},){row.emissionThreshold},({row.zk_is_eligible},){row.attestation_commitment},16395362666850745467159069585487751405275159564699490183167439605699370884549|14203469955411846874835593415267105409747575014167042776691918081615033932024|1
({row.record_id},){row.reportingPeriod},({row.organizationalBoundary},){row.emissionFactorVersion},({row.company_hash},){row.emissionThreshold},({row.zk_is_eligible},){row.attestation_commitment},18445848654057049805677523024442115069296902265706518242564212479052659578876|5448011132843852205587511218433036916304112275299920316208765122957969051877|1
({row.record_id},){row.reportingPeriod},({row.organizationalBoundary},){row.emissionFactorVersion},({row.company_hash},){row.emissionThreshold},({row.zk_is_eligible},){row.attestation_commitment},20887350369394168294610126877678747251170336208464141456999058040982319755766|13558343062501383183294768871170090683486523749901254716607430080373610659555|1
({row.record_id},){row.reportingPeriod},({row.organizationalBoundary},){row.emissionFactorVersion},({row.company_hash},){row.emissionThreshold},({row.zk_is_eligible},){row.attestation_commitment},6870677010938584496397973754383958330052397038725095696693403721090230475954|2082372330458698427073841953490022463679541568499899778123768884812133607|1
({row.record_id},){row.reportingPeriod},({row.organizationalBoundary},){row.emissionFactorVersion},({row.company_hash},){row.emissionThreshold},({row.zk_is_eligible},){row.attestation_commitment},21053932564960489704997371818611640222245748131735615998242828995320929205053|1149643374450887857970509447228025292066002339763753446811641809243428074532|1
({row.record_id},){row.reportingPeriod},({row.organizationalBoundary},){row.emissionFactorVersion},({row.company_hash},){row.emissionThreshold},({row.zk_is_eligible},){row.attestation_commitment},12276337005568611071409482767467752296031175749555042774165449418369078929793|15624511661554393523593888251342352724601029784220912646687015099569614652783|1
({row.record_id},){row.reportingPeriod},({row.organizationalBoundary},){row.emissionFactorVersion},({row.company_hash},){row.emissionThreshold},({row.zk_is_eligible},){row.attestation_commitment},20594413778887139901725094088451435833949559009677450855286069802690988131464|21316012739178208216929516040441069530568721197075969565696150072662462468879|1
({row.record_id},){row.reportingPeriod},({row.organizationalBoundary},){row.emissionFactorVersion},({row.company_hash},){row.emissionThreshold},({row.zk_is_eligible},){row.attestation_commitment},15330049074929148966605122021778710358309428910737493812509153830075808049763|18236517307124014424110156230346009744693455336330320305853577527798629920220|1
({row.record_id},){row.reportingPeriod},({row.organizationalBoundary},){row.emissionFactorVersion},({row.company_hash},){row.emissionThreshold},({row.zk_is_eligible},){row.attestation_commitment},2539167634825083564230837710877563434991420587201138174965622310851326866388|1414001496316159121429959225817842065351506084306159315067606391838595288317|1
({row.record_id},){row.reportingPeriod},({row.organizationalBoundary},){row.emissionFactorVersion},({row.company_hash},){row.emissionThreshold},({row.zk_is_eligible},){row.attestation_commitment},8852564945427027839317686045850846546079293522616424773750627890267912420895|6623593223901726867797593047405502957098597630672566676243380805711461559350|1
({row.record_id},){row.reportingPeriod},({row.organizationalBoundary},){row.emissionFactorVersion},({row.company_hash},){row.emissionThreshold},({row.zk_is_eligible},){row.attestation_commitment},7607966531140777513144304440684939059416368111514348696699389170789704025708|65950870341253917888928531524937240483786569927252869617778036996724058870|1
({row.record_id},){row.reportingPeriod},({row.organizationalBoundary},){row.emissionFactorVersion},({row.company_hash},){row.emissionThreshold},({row.zk_is_eligible},){row.attestation_commitment},1484175713535474527079817192892639533094245870231123886580088213386649614918|20895408683207689467250793686256286070968457390663159982641889709987646053738|1
({row.record_id},){row.reportingPeriod},({row.organizationalBoundary},){row.emissionFactorVersion},({row.company_hash},){row.emissionThreshold},({row.zk_is_eligible},){row.attestation_commitment},20244010468649695286991529853328361669582317566252355891749513642150920083559|17346583086588819602300317642393675279809879300591237680394494304621983554766|1
({row.record_id},){row.reportingPeriod},({row.organizationalBoundary},){row.emissionFactorVersion},({row.company_hash},){row.emissionThreshold},({row.zk_is_eligible},){row.attestation_commitment},16755253998340296766689196262781799434426871381301210753708193573525922197868|17455738942184789834193987518651785620514972550239645881682236272018218811564|1
({row.record_id},){row.reportingPeriod},({row.organizationalBoundary},){row.emissionFactorVersion},({row.company_hash},){row.emissionThreshold},({row.zk_is_eligible},){row.attestation_commitment},9835370301745317528770531215127907103375387564822266222444267206511882599807|8848426933662123318451036215749152144378268920580763856982248146544649226920|1
({row.record_id},){row.reportingPeriod},({row.organizationalBoundary},){row.emissionFactorVersion},({row.company_hash},){row.emissionThreshold},({row.zk_is_eligible},){row.attestation_commitment},20995266356228515433120700697261034465433955925843375170073194024595596213089|18513309995954405140905519334338578801641480193431211955218972125669890244982|1
({row.record_id},){row.reportingPeriod},({row.organizationalBoundary},){row.emissionFactorVersion},({row.company_hash},){row.emissionThreshold},({row.zk_is_eligible},){row.attestation_commitment},7341722818843831878896117601612541198057966693158548655684174641896821610651|416289952466577429824199159620849077708466424051280658550726491921756597346|1
({row.record_id},){row.reportingPeriod},({row.organizationalBoundary},){row.emissionFactorVersion},({row.company_hash},){row.emissionThreshold},({row.zk_is_eligible},){row.attestation_commitment},8313926330478686283356417849048673217268650945509277448127632495259478551714|16445902152307030719090493158160759159022893569047261897279729872857058985737|1
({row.record_id},){row.reportingPeriod},({row.organizationalBoundary},){row.emissionFactorVersion},({row.company_hash},){row.emissionThreshold},({row.zk_is_eligible},){row.attestation_commitment},1098338452916910509452301715604010335559308388267053187027854389049801197294|5910013603198991352405228045579241916143270591637493461677820900285509466161|1
({row.record_id},){row.reportingPeriod},({row.organizationalBoundary},){row.emissionFactorVersion},({row.company_hash},){row.emissionThreshold},({row.zk_is_eligible},){row.attestation_commitment},21449899079388896076069699167455802913759728061992076918515719297576357406948|6240581281350592913641720229513454518666341669697502377931709894536716324117|1
({row.record_id},){row.reportingPeriod},({row.organizationalBoundary},){row.emissionFactorVersion},({row.company_hash},){row.emissionThreshold},({row.zk_is_eligible},){row.attestation_commitment},9385931701645169428368377233660881060122031595926730011962036398776720852846|20148718158298014209230197812658128674540366801677409644800509780406722522827|1
({row.record_id},){row.reportingPeriod},({row.organizationalBoundary},){row.emissionFactorVersion},({row.company_hash},){row.emissionThreshold},({row.zk_is_eligible},){row.attestation_commitment},17145410016428081930295734880863668214327980837552205969820395084993161000158|3301367787582571536718457507547345653481732126154643498748286113894376887659|1
({row.record_id},){row.reportingPeriod},({row.organizationalBoundary},){row.emissionFactorVersion},({row.company_hash},){row.emissionThreshold},({row.zk_is_eligible},){row.attestation_commitment},21610984390807164210530452373581057390348619755599691406592716813791916718317|20200344933667763638056836292963642931681641090054529785681797609056738839525|1
({row.record_id},){row.reportingPeriod},({row.organizationalBoundary},){row.emissionFactorVersion},({row.company_hash},){row.emissionThreshold},({row.zk_is_eligible},){row.attestation_commitment},4549362988314634935453801946918594342995009727414161780627756817189929597333|17377553996759256747314785699621819055484107619586576445680478011188385446626|1
({row.record_id},){row.reportingPeriod},({row.organizationalBoundary},){row.emissionFactorVersion},({row.company_hash},){row.emissionThreshold},({row.zk_is_eligible},){row.attestation_commitment},4113607593885652077770267058954884354999351010640341838394719476644605208823|8487554592036944106897183563508490441587819126198238619672208430181370031690|1
({row.record_id},){row.reportingPeriod},({row.organizationalBoundary},){row.emissionFactorVersion},({row.company_hash},){row.emissionThreshold},({row.zk_is_eligible},){row.attestation_commitment},14105963575899838974857548437215577515070066978043344566086460679866741339734|9669475408325273598783697555731508997611409303787533182330729616469118752545|1
({row.record_id},){row.reportingPeriod},({row.organizationalBoundary},){row.emissionFactorVersion},({row.company_hash},){row.emissionThreshold},({row.zk_is_eligible},){row.attestation_commitment},13893183137123334058865073932534906464816620930191465775884379695217469216993|21053053742107008819522466683456578274258973865285298472014294804699844997203|1
({row.record_id},){row.reportingPeriod},({row.organizationalBoundary},){row.emissionFactorVersion},({row.company_hash},){row.emissionThreshold},({row.zk_is_eligible},){row.attestation_commitment},786846371353885689416535588944794695150467280210846579108266673246752188787|7337851387792041101076325536818691807416404489078489060699405722160679091463|1
({row.record_id},){row.reportingPeriod},({row.organizationalBoundary},){row.emissionFactorVersion},({row.company_hash},){row.emissionThreshold},({row.zk_is_eligible},){row.attestation_commitment},16387429201430235875105493740630108957358538278785281137522809335217451817864|20692872516776538327655922607216694154704369220391812629558127428745790720851|1
({row.record_id},){row.reportingPeriod},({row.organizationalBoundary},){row.emissionFactorVersion},({row.company_hash},){row.emissionThreshold},({row.zk_is_eligible},){row.attestation_commitment},16082651634852855991621580371097268533110030111145637066610264389316793129143|445067165201683546069970763294258996124116217054889688408559948315400662055|1
({row.record_id},){row.reportingPeriod},({row.organizationalBoundary},){row.emissionFactorVersion},({row.company_hash},){row.emissionThreshold},({row.zk_is_eligible},){row.attestation_commitment},16635027017288914130517764682161334705504151435333780590750854558760875001049|3554236862710057685752525429166047066659204271162850237175114204426404072406|1
({row.record_id},){row.reportingPeriod},({row.organizationalBoundary},){row.emissionFactorVersion},({row.company_hash},){row.emissionThreshold},({row.zk_is_eligible},){row.attestation_commitment},4999236609617259785692888482908420445153043840112474240704108046673289407135|2373119417546656527271445932301383049595718194237863198327316453113935722177|1
({row.record_id},){row.reportingPeriod},({row.organizationalBoundary},){row.emissionFactorVersion},({row.company_hash},){row.emissionThreshold},({row.zk_is_eligible},){row.attestation_commitment},6423685166900035136207420701417987048931725954599921468478803255221177062012|19728769498181071647443304808101109224836487614590624074187390609726137601129|1
({row.record_id},){row.reportingPeriod},({row.organizationalBoundary},){row.emissionFactorVersion},({row.company_hash},){row.emissionThreshold},({row.zk_is_eligible},){row.attestation_commitment},6449116383989269864636021836385721421065799712814407498924644898058494600116|193552057691961128040470315692987471709776264549384072594738308854337474157|1
({row.record_id},){row.reportingPeriod},({row.organizationalBoundary},){row.emissionFactorVersion},({row.company_hash},){row.emissionThreshold},({row.zk_is_eligible},){row.attestation_commitment},14430595996901009155791541696973348762359051408800014369171575879376138224169|14819075927897779657426875050757013213293219081620814697664148228681017046229|1
({row.record_id},){row.reportingPeriod},({row.organizationalBoundary},){row.emissionFactorVersion},({row.company_hash},){row.emissionThreshold},({row.zk_is_eligible},){row.attestation_commitment},12501065424055677116531907251479196646697755439461273182309918364436373152926|13357456088195653998984357690852929813007908251108636147047051929124067683043|1
({row.record_id},){row.reportingPeriod},({row.organizationalBoundary},){row.emissionFactorVersion},({row.company_hash},){row.emissionThreshold},({row.zk_is_eligible},){row.attestation_commitment},19430187687441809686342143298277160705809595426117242528236146236438389331851|9060374591717677740524854949849928447824865849089281113719766795802152918984|1
({row.record_id},){row.reportingPeriod},({row.organizationalBoundary},){row.emissionFactorVersion},({row.company_hash},){row.emissionThreshold},({row.zk_is_eligible},){row.attestation_commitment},19419670055609546410486942454379695568549088646916508650550960403602957003574|15610250783291313031183795748335980907396584196668820654321126356289215171860|1
({row.record_id},){row.reportingPeriod},({row.organizationalBoundary},){row.emissionFactorVersion},({row.company_hash},){row.emissionThreshold},({row.zk_is_eligible},){row.attestation_commitment},16439600053701373482640819546587628898145033509388270400594784345886288435381|6304909033287708994011846450480145966934665862604419245469349378109833606546|1
({row.record_id},){row.reportingPeriod},({row.organizationalBoundary},){row.emissionFactorVersion},({row.company_hash},){row.emissionThreshold},({row.zk_is_eligible},){row.attestation_commitment},8048176715382942090988411828040687676444668027042212887737043678519192297432|4732069968540533403516573123593289969456505140754678939864153958364741364699|1
({row.record_id},){row.reportingPeriod},({row.organizationalBoundary},){row.emissionFactorVersion},({row.company_hash},){row.emissionThreshold},({row.zk_is_eligible},){row.attestation_commitment},17959873473854020070391062485406464673847213409252153290283149967634329435138|3101866824319846026573473261372295076531102730478467987635312740898281960324|1
({row.record_id},){row.reportingPeriod},({row.organizationalBoundary},){row.emissionFactorVersion},({row.company_hash},){row.emissionThreshold},({row.zk_is_eligible},){row.attestation_commitment},5314506366720612023710892122856714185490408436689689005033038910008353108075|18014140158524205740696432771796402039932107118851894074194906658803665758435|1
({row.record_id},){row.reportingPeriod},({row.organizationalBoundary},){row.emissionFactorVersion},({row.company_hash},){row.emissionThreshold},({row.zk_is_eligible},){row.attestation_commitment},1000195351585952658626621220522751297609751170872491209537675254694149969275|19156144570849897672729476578114123044670613716596521409629857429155498588144|1
({row.record_id},){row.reportingPeriod},({row.organizationalBoundary},){row.emissionFactorVersion},({row.company_hash},){row.emissionThreshold},({row.zk_is_eligible},){row.attestation_commitment},7445271881863707394467166435379112786029907060020451031420135808105937570028|11839628219566986246599548169167770202369799282569425839012551394349219064013|1
({row.record_id},){row.reportingPeriod},({row.organizationalBoundary},){row.emissionFactorVersion},({row.company_hash},){row.emissionThreshold},({row.zk_is_eligible},){row.attestation_commitment},8042488995523591884445663667989162687303662664600122109046223074729454457903|11321541126606790703893623403412328239484412632354912687651737970910863775639|1
({row.record_id},){row.reportingPeriod},({row.organizationalBoundary},){row.emissionFactorVersion},({row.company_hash},){row.emissionThreshold},({row.zk_is_eligible},){row.attestation_commitment},16642869982704321860226661380350694161265769851390101107834928152113827161509|16566414210623486193062673773940068751705029428544838937520240187454813618626|1
({row.record_id},){row.reportingPeriod},({row.organizationalBoundary},){row.emissionFactorVersion},({row.company_hash},){row.emissionThreshold},({row.zk_is_eligible},){row.attestation_commitment},1643179571993584771174920792991530386914242981347860082025644509516189235572|8548236631895204254070160644636280958050859735999829335089275592606506091014|1
({row.record_id},){row.reportingPeriod},({row.organizationalBoundary},){row.emissionFactorVersion},({row.company_hash},){row.emissionThreshold},({row.zk_is_eligible},){row.attestation_commitment},11803672792503660962964970264317931610016385142997880025069310765715355071509|20931921074549061841464171090506765911523031149303433663255488771628440568088|1
({row.record_id},){row.reportingPeriod},({row.organizationalBoundary},){row.emissionFactorVersion},({row.company_hash},){row.emissionThreshold},({row.zk_is_eligible},){row.attestation_commitment},5869919799203659484828354511689653920830085458358318730699380180840500389634|1686508715818637023916578143587676328523030638877207939581479283398043829574|1
({row.record_id},){row.reportingPeriod},({row.organizationalBoundary},){row.emissionFactorVersion},({row.company_hash},){row.emissionThreshold},({row.zk_is_eligible},){row.attestation_commitment},14925899434826755557776157128588215034976252032101941533370371237072502499358|11182081875595033229679574689186317052518640170955488228412778017962661778542|1
({row.record_id},){row.reportingPeriod},({row.organizationalBoundary},){row.emissionFactorVersion},({row.company_hash},){row.emissionThreshold},({row.zk_is_eligible},){row.attestation_commitment},7464865788835588730086089840131953644985958536366545445032492094297597989085|12946427192721024754012071133093206939717382304808568604100972086682654892739|1
({row.record_id},){row.reportingPeriod},({row.organizationalBoundary},){row.emissionFactorVersion},({row.company_hash},){row.emissionThreshold},({row.zk_is_eligible},){row.attestation_commitment},11353294783657208052485317642267189526602581412633807208535553044410766481461|15800591511953322685746879185824388588529667965038888315222196793402044260889|1
({row.record_id},){row.reportingPeriod},({row.organizationalBoundary},){row.emissionFactorVersion},({row.company_hash},){row.emissionThreshold},({row.zk_is_eligible},){row.attestation_commitment},7918666756266837307260033817199808518891859357280874496742147538009786018097|6700022991089022006842237664143994559568277007712645865061756898864523355343|1
({row.record_id},){row.reportingPeriod},({row.organizationalBoundary},){row.emissionFactorVersion},({row.company_hash},){row.emissionThreshold},({row.zk_is_eligible},){row.attestation_commitment},16228866131470609166694292438104568536928351740785121934219707151423936163772|15252120562603718697651498021447566301982135259938742515164433496577144006748|1
({row.record_id},){row.reportingPeriod},({row.organizationalBoundary},){row.emissionFactorVersion},({row.company_hash},){row.emissionThreshold},({row.zk_is_eligible},){row.attestation_commitment},17768603896504002722493388952970406732481162108487319573432739395958890972161|18563152841796879366400121599680073362304738811248608983126010912726242562603|1
({row.record_id},){row.reportingPeriod},({row.organizationalBoundary},){row.emissionFactorVersion},({row.company_hash},){row.emissionThreshold},({row.zk_is_eligible},){row.attestation_commitment},13011971540495386362009568163570127552660995517436706251042395200078614095672|6377557469117135642834072031547607483716878129931861827058588255384643506118|1
({row.record_id},){row.reportingPeriod},({row.organizationalBoundary},){row.emissionFactorVersion},({row.company_hash},){row.emissionThreshold},({row.zk_is_eligible},){row.attestation_commitment},20735911331593526038463554094187598807991525058333019996156233647827112369171|21358551128062863349257677203081023769761490767527916922807213236690485149410|1
({row.record_id},){row.reportingPeriod},({row.organizationalBoundary},){row.emissionFactorVersion},({row.company_hash},){row.emissionThreshold},({row.zk_is_eligible},){row.attestation_commitment},11845709731016944352265508681270159869393664246313264345851556777248335361746|17448132114147376160257382992507717409592961468790359552825913368127733936561|1
({row.record_id},){row.reportingPeriod},({row.organizationalBoundary},){row.emissionFactorVersion},({row.company_hash},){row.emissionThreshold},({row.zk_is_eligible},){row.attestation_commitment},10695173218336508115132737606656458401878885681862264474945298492877548864940|6419765593069371309304780162303496635733508748521392587834300860604695358871|1
({row.record_id},){row.reportingPeriod},({row.organizationalBoundary},){row.emissionFactorVersion},({row.company_hash},){row.emissionThreshold},({row.zk_is_eligible},){row.attestation_commitment},10947040926596049083027954066593886311853669116742511309690090601163525581818|4907126249194105757505098491621106269773167672252393902800431755455035393144|1
({row.record_id},){row.reportingPeriod},({row.organizationalBoundary},){row.emissionFactorVersion},({row.company_hash},){row.emissionThreshold},({row.zk_is_eligible},){row.attestation_commitment},11332143854550418532204434358563102343166176918322050981547321651060818686162|2168978070502368881072246653969175730891760903654794534886324739305481221557|1
({row.record_id},){row.reportingPeriod},({row.organizationalBoundary},){row.emissionFactorVersion},({row.company_hash},){row.emissionThreshold},({row.zk_is_eligible},){row.attestation_commitment},20220066358334286034786829238892881840413094010956192333539019609237106696415|16424067115362814248180692020450483783797272019421774995552981576055055638910|1
({row.record_id},){row.reportingPeriod},({row.organizationalBoundary},){row.emissionFactorVersion},({row.company_hash},){row.emissionThreshold},({row.zk_is_eligible},){row.attestation_commitment},1470283209700890272993843975842074376656052548190247238258564501126155993202|18688333156362636276375698417769653129866687649790799444776160521076987733915|1
({row.record_id},){row.reportingPeriod},({row.organizationalBoundary},){row.emissionFactorVersion},({row.company_hash},){row.emissionThreshold},({row.zk_is_eligible},){row.attestation_commitment},4157745335472365089876499548519593318308887008877207045954877294702871699815|12028440675796547407371285286118704775244574160825038465671512733829711010212|1
({row.record_id},){row.reportingPeriod},({row.organizationalBoundary},){row.emissionFactorVersion},({row.company_hash},){row.emissionThreshold},({row.zk_is_eligible},){row.attestation_commitment},4988397007830487235699943534967968355801838922376449208382617006720578148107|19611038984466516546163920458985236989958617157758724329689786162682757181424|1
({row.record_id},){row.reportingPeriod},({row.organizationalBoundary},){row.emissionFactorVersion},({row.company_hash},){row.emissionThreshold},({row.zk_is_eligible},){row.attestation_commitment},15976856154275693382627852790776477074899601798366725668024641249538587208145|8170268438646946079973651341987007893774990963028231993853309786155103176537|1
({row.record_id},){row.reportingPeriod},({row.organizationalBoundary},){row.emissionFactorVersion},({row.company_hash},){row.emissionThreshold},({row.zk_is_eligible},){row.attestation_commitment},9480197426158038952200641132800460958599261060045452028891833683203183669548|8680234212751200510068108542127623681154328962627300840822737392998470235970|1
({row.record_id},){row.reportingPeriod},({row.organizationalBoundary},){row.emissionFactorVersion},({row.company_hash},){row.emissionThreshold},({row.zk_is_eligible},){row.attestation_commitment},18930675018132867042452950956428051943166881813163846585585006590991685832264|10166554902802174103521030253013630708124220891178664108088609210142169921115|1
({row.record_id},){row.reportingPeriod},({row.organizationalBoundary},){row.emissionFactorVersion},({row.company_hash},){row.emissionThreshold},({row.zk_is_eligible},){row.attestation_commitment},11525287758037702771620214300683034835232607543803512512464947848396493993113|2882110939163635311299165791654623126983328277013363313661710568389346006616|1
({row.record_id},){row.reportingPeriod},({row.organizationalBoundary},){row.emissionFactorVersion},({row.company_hash},){row.emissionThreshold},({row.zk_is_eligible},){row.attestation_commitment},9099265251905651623036179664350868347047392718940307368105849921982899778324|11130833967496268865951241250577073195054913083384191440348306259568942143064|1
({row.record_id},){row.reportingPeriod},({row.organizationalBoundary},){row.emissionFactorVersion},({row.company_hash},){row.emissionThreshold},({row.zk_is_eligible},){row.attestation_commitment},168533506045883996130874733645005080042310293141494347516619191637185026491|9004135631133970371094760450678286307638004576437688785639402067410813743981|1
({row.record_id},){row.reportingPeriod},({row.organizationalBoundary},){row.emissionFactorVersion},({row.company_hash},){row.emissionThreshold},({row.zk_is_eligible},){row.attestation_commitment},9113849820663390420018975597564353199533796786671906045229921694894111550587|7378382239527660840287759895728201263249086907004845023079583621053043639690|1
({row.record_id},){row.reportingPeriod},({row.organizationalBoundary},){row.emissionFactorVersion},({row.company_hash},){row.emissionThreshold},({row.zk_is_eligible},){row.attestation_commitment},18557695882149450254162265579950313707299403810025380719826851491057630442187|1042720818451709145370437891445238586886895004798402054521668215764394228853|1
({row.record_id},){row.reportingPeriod},({row.organizationalBoundary},){row.emissionFactorVersion},({row.company_hash},){row.emissionThreshold},({row.zk_is_eligible},){row.attestation_commitment},4057320802668870369607140854812281845706132452807644160401270812040645845247|3657596353674720387798780726713420957024226851594266671240739232743291678970|1
({row.record_id},){row.reportingPeriod},({row.organizationalBoundary},){row.emissionFactorVersion},({row.company_hash},){row.emissionThreshold},({row.zk_is_eligible},){row.attestation_commitment},8608660747538239754612523011219374467436028594855468534861670743941125621249|13592213601191872679331020702616587011188505145890466822416384463873303244551|1
({row.record_id},){row.reportingPeriod},({row.organizationalBoundary},){row.emissionFactorVersion},({row.company_hash},){row.emissionThreshold},({row.zk_is_eligible},){row.attestation_commitment},21673327516538860378128580665651260097051768113143983634638601592615169396200|2253086901027179700268141107346011464108028311356708658020900217081337631884|1
({row.record_id},){row.reportingPeriod},({row.organizationalBoundary},){row.emissionFactorVersion},({row.company_hash},){row.emissionThreshold},({row.zk_is_eligible},){row.attestation_commitment},13086598508135202911738148623680740669487612577070619007179345942585401960116|21591893782319283339707770767598871074072945257673419473674882096382229340663|1
({row.record_id},){row.reportingPeriod},({row.organizationalBoundary},){row.emissionFactorVersion},({row.company_hash},){row.emissionThreshold},({row.zk_is_eligible},){row.attestation_commitment},16893715232158198787543931762528541779640908915389055099033731208054700330306|17942245882550202420056357385292863303866461011851109175759404327376561936304|1
({row.record_id},){row.reportingPeriod},({row.organizationalBoundary},){row.emissionFactorVersion},({row.company_hash},){row.emissionThreshold},({row.zk_is_eligible},){row.attestation_commitment},19986065262835484872005287430181196644852183392856482207000865542171883266252|2637847620080201810161076344374757430387625495156667785503063041201896157009|1
({row.record_id},){row.reportingPeriod},({row.organizationalBoundary},){row.emissionFactorVersion},({row.company_hash},){row.emissionThreshold},({row.zk_is_eligible},){row.attestation_commitment},12609805400383484711801575791273337979440461776150516100910537972265133651631|15957608011093861330956407343241837469578233642067281333712564901011591626242|1
({row.record_id},){row.reportingPeriod},({row.organizationalBoundary},){row.emissionFactorVersion},({row.company_hash},){row.emissionThreshold},({row.zk_is_eligible},){row.attestation_commitment},18471255749154281419634218948680276044970734938764659012715826041438386896433|2320651693055115172989660214193776489626267769484581179146120528941935099820|1
({row.record_id},){row.reportingPeriod},({row.organizationalBoundary},){row.emissionFactorVersion},({row.company_hash},){row.emissionThreshold},({row.zk_is_eligible},){row.attestation_commitment},4921364071976694696169560076835544017895555704327343625768541112107549883963|10992984912416878382242881338658007700805618320849267211418251375324302977306|1
({row.record_id},){row.reportingPeriod},({row.organizationalBoundary},){row.emissionFactorVersion},({row.company_hash},){row.emissionThreshold},({row.zk_is_eligible},){row.attestation_commitment},2895741743210782289672863874180527593691514218601272483874303012644779050585|10567777449193876016830186353235345733370672233880348619849985677285674642961|1
({row.record_id},){row.reportingPeriod},({row.organizationalBoundary},){row.emissionFactorVersion},({row.company_hash},){row.emissionThreshold},({row.zk_is_eligible},){row.attestation_commitment},18081992850700889070414913439077249130360958104325498502142043800894166973010|13501543959034095128106296373554861785204167572016587625889498065674928762565|1
({row.record_id},){row.reportingPeriod},({row.organizationalBoundary},){row.emissionFactorVersion},({row.company_hash},){row.emissionThreshold},({row.zk_is_eligible},){row.attestation_commitment},16441953229089710252178430652490394834667610246310960173455357319007416548516|11898828018047742225730657182787197061060889231083482714908036818131834835435|1
({row.record_id},){row.reportingPeriod},({row.organizationalBoundary},){row.emissionFactorVersion},({row.company_hash},){row.emissionThreshold},({row.zk_is_eligible},){row.attestation_commitment},17314099495151018922539228558800331106686292212328288476666454249686338634565|5899565014694883119101649862940030184591671379466695165011980900695162886653|1
({row.record_id},){row.reportingPeriod},({row.organizationalBoundary},){row.emissionFactorVersion},({row.company_hash},){row.emissionThreshold},({row.zk_is_eligible},){row.attestation_commitment},18649623359028638473408960339198825648721894498237350610327747938981053605941|7402867193888744715106920459747003360606136249426400397864159362859995117462|1
({row.record_id},){row.reportingPeriod},({row.organizationalBoundary},){row.emissionFactorVersion},({row.company_hash},){row.emissionThreshold},({row.zk_is_eligible},){row.attestation_commitment},9612972718851968269166146519006510903348771991689585082579121586118144346502|15783316823406762069451641836306927077517678963376206819337622152912898659155|1
({row.record_id},){row.reportingPeriod},({row.organizationalBoundary},){row.emissionFactorVersion},({row.company_hash},){row.emissionThreshold},({row.zk_is_eligible},){row.attestation_commitment},12354326709442122494527076570705383625361225211412461249411891891797981163762|19796474331979822573551990633549081789627306759389749017946272748850202791161|1
({row.record_id},){row.reportingPeriod},({row.organizationalBoundary},){row.emissionFactorVersion},({row.company_hash},){row.emissionThreshold},({row.zk_is_eligible},){row.attestation_commitment},8224457141415924164152288678753203983723401679223822832322904033279000961095|4922533638268517155849403758962040335539984493200966587842409817796895126149|1
({row.record_id},){row.reportingPeriod},({row.organizationalBoundary},){row.emissionFactorVersion},({row.company_hash},){row.emissionThreshold},({row.zk_is_eligible},){row.attestation_commitment},18730529624745186443559870487605552048460523859143425451805857828013187427589|6498261849976499591892521506234940489862320120706440686699490030976970854382|1
({row.record_id},){row.reportingPeriod},({row.organizationalBoundary},){row.emissionFactorVersion},({row.company_hash},){row.emissionThreshold},({row.zk_is_eligible},){row.attestation_commitment},9333085135961811849311751556810879592344352666301674120670479894932039255959|12006946784268300743441727817718235381702958751417822304807343111112109212513|1
({row.record_id},){row.reportingPeriod},({row.organizationalBoundary},){row.emissionFactorVersion},({row.company_hash},){row.emissionThreshold},({row.zk_is_eligible},){row.attestation_commitment},16776364089857119148611875060940304916168726056728949338351959433662614419314|18451757406049898623351761346987798100152400347110165186805843992787571066195|1
({row.record_id},){row.reportingPeriod},({row.organizationalBoundary},){row.emissionFactorVersion},({row.company_hash},){row.emissionThreshold},({row.zk_is_eligible},){row.attestation_commitment},3615543641875802870870752219798619967992302355554845913726464491312373146275|10582866029452048238554284329713866091349301688363917104478126256058665250232|1
({row.record_id},){row.reportingPeriod},({row.organizationalBoundary},){row.emissionFactorVersion},({row.company_hash},){row.emissionThreshold},({row.zk_is_eligible},){row.attestation_commitment},21232561655953296548517338023205789237440241277611294422608279134538302573652|316924977408971785789955588727327123657731302826820701285611115575843214894|1
({row.record_id},){row.reportingPeriod},({row.organizationalBoundary},){row.emissionFactorVersion},({row.company_hash},){row.emissionThreshold},({row.zk_is_eligible},){row.attestation_commitment},14356551502538543384978549599377698280458222336306674228712662335878621145699|1832555085866878740548129274927159510698406864405432396368907815319855745965|1
({row.record_id},){row.reportingPeriod},({row.organizationalBoundary},){row.emissionFactorVersion},({row.company_hash},){row.emissionThreshold},({row.zk_is_eligible},){row.attestation_commitment},12711092471597699313771480251482170391497641724471984474590680626160645126868|16965179915066407724738216959504512892753080254430858061739741237874290761585|1
({row.record_id},){row.reportingPeriod},({row.organizationalBoundary},){row.emissionFactorVersion},({row.company_hash},){row.emissionThreshold},({row.zk_is_eligible},){row.attestation_commitment},894952468098895061044803330658430868968190000129088493941312671636498033580|14711496438801575845680116601935981210630313867527851956304550116859194266113|1
({row.record_id},){row.reportingPeriod},({row.organizationalBoundary},){row.emissionFactorVersion},({row.company_hash},){row.emissionThreshold},({row.zk_is_eligible},){row.attestation_commitment},13930432880421176264902937305522924349692611001360399657650778546584634683077|20225439778577596317810070687336841912382008742102813241395743927211524637518|1
({row.record_id},){row.reportingPeriod},({row.organizationalBoundary},){row.emissionFactorVersion},({row.company_hash},){row.emissionThreshold},({row.zk_is_eligible},){row.attestation_commitment},19430867354414327911238180592313652982462169406456873400960327819471864493727|3731471643988141416259292950378566725572122813880913604672190801548292458973|1
({row.record_id},){row.reportingPeriod},({row.organizationalBoundary},){row.emissionFactorVersion},({row.company_hash},){row.emissionThreshold},({row.zk_is_eligible},){row.attestation_commitment},8878354478741375577292055309019724727948722761368490706955389291814879505123|7343651140446206914940269604806566693819274121411846053000433739856834505102|1
({row.record_id},){row.reportingPeriod},({row.organizationalBoundary},){row.emissionFactorVersion},({row.company_hash},){row.emissionThreshold},({row.zk_is_eligible},){row.attestation_commitment},7047421818131069461494358355192205809796918970577203464775850881296654905568|21760580823108753618906967134575439296336137549344433183089201409019649729437|1
({row.record_id},){row.reportingPeriod},({row.organizationalBoundary},){row.emissionFactorVersion},({row.company_hash},){row.emissionThreshold},({row.zk_is_eligible},){row.attestation_commitment},10956240479398564449560008005568742973102228709327948479689958284192346952476|21648853974530627372816785332909939566009850079152274112680961811375115392505|1
({row.record_id},){row.reportingPeriod},({row.organizationalBoundary},){row.emissionFactorVersion},({row.company_hash},){row.emissionThreshold},({row.zk_is_eligible},){row.attestation_commitment},18184405218494796559124568645377976491217648059099553637325724975714873125753|19731017175995304270478157544847960404436937484130173264485673078180895349716|1
({row.record_id},){row.reportingPeriod},({row.organizationalBoundary},){row.emissionFactorVersion},({row.company_hash},){row.emissionThreshold},({row.zk_is_eligible},){row.attestation_commitment},5634349304126865730435565340416109918967139791112640243219012032841843953044|17391901754355717267852324897774852957525511042685387435379940899574729230164|1
({row.record_id},){row.reportingPeriod},({row.organizationalBoundary},){row.emissionFactorVersion},({row.company_hash},){row.emissionThreshold},({row.zk_is_eligible},){row.attestation_commitment},3164469410250190667577200321913427944601094872091052089172688115098050978352|19360030284175340349729012261458648304119549981534694437307015637247723932|1
({row.record_id},){row.reportingPeriod},({row.organizationalBoundary},){row.emissionFactorVersion},({row.company_hash},){row.emissionThreshold},({row.zk_is_eligible},){row.attestation_commitment},6865304486156185510669706954036001782428067121403589552167513173450051076695|4882638527317172028391752216734642173078473125249442546078983712164546205190|1
({row.record_id},){row.reportingPeriod},({row.organizationalBoundary},){row.emissionFactorVersion},({row.company_hash},){row.emissionThreshold},({row.zk_is_eligible},){row.attestation_commitment},11142146677083391371617403429074912427254524267422472471923260183535150967665|14565774536859693663048529844454632651383331740003497092996273243424698811998|1
({row.record_id},){row.reportingPeriod},({row.organizationalBoundary},){row.emissionFactorVersion},({row.company_hash},){row.emissionThreshold},({row.zk_is_eligible},){row.attestation_commitment},6077676694741686133251031849555733543493470091139873881636390217739118545578|13587167634199460903529989063156067484881509183739017631607176894926230484480|1
({row.record_id},){row.reportingPeriod},({row.organizationalBoundary},){row.emissionFactorVersion},({row.company_hash},){row.emissionThreshold},({row.zk_is_eligible},){row.attestation_commitment},20948705906750686191859811747202944461322726893355473433892964344168845010105|5177236740690103754237021306352068538319990077097805667826633848816202861499|1
({row.record_id},){row.reportingPeriod},({row.organizationalBoundary},){row.emissionFactorVersion},({row.company_hash},){row.emissionThreshold},({row.zk_is_eligible},){row.attestation_commitment},16533446234372720359526078438615947434833658093116451217318961296619918871271|9650118364525294420618493334423716790818325828631425821127890587107334741326|1
({row.record_id},){row.reportingPeriod},({row.organizationalBoundary},){row.emissionFactorVersion},({row.company_hash},){row.emissionThreshold},({row.zk_is_eligible},){row.attestation_commitment},17889842299200460414738910058759078592431182130232557679790026889359295318200|15431692834053065011076948816484501212262836121720101256860666536907855094540|1
({row.record_id},){row.reportingPeriod},({row.organizationalBoundary},){row.emissionFactorVersion},({row.company_hash},){row.emissionThreshold},({row.zk_is_eligible},){row.attestation_commitment},1113747166106027302650783583928678438690179345162377591946792203440713711431|6304959007677401210451133840156542981145885501577429037766487239764277191136|1
({row.record_id},){row.reportingPeriod},({row.organizationalBoundary},){row.emissionFactorVersion},({row.company_hash},){row.emissionThreshold},({row.zk_is_eligible},){row.attestation_commitment},1351106104788990635017310205943454140781263404188244889515810172183703820966|11033359751915261989780905224862950867870054856556443719249590402627272479808|1
({row.record_id},){row.reportingPeriod},({row.organizationalBoundary},){row.emissionFactorVersion},({row.company_hash},){row.emissionThreshold},({row.zk_is_eligible},){row.attestation_commitment},17073135389905407882376822893874716822718757570924371157442224596546080347161|4335003515559961986455305458761400325197461454378409035302713949491812855811|1
({row.record_id},){row.reportingPeriod},({row.organizationalBoundary},){row.emissionFactorVersion},({row.company_hash},){row.emissionThreshold},({row.zk_is_eligible},){row.attestation_commitment},11123838589451813386169563869630947150925065738289842882608012984709713387177|1275790267737448166781690241741968695333646400249105147434989071481239094730|1
({row.record_id},){row.reportingPeriod},({row.organizationalBoundary},){row.emissionFactorVersion},({row.company_hash},){row.emissionThreshold},({row.zk_is_eligible},){row.attestation_commitment},9405604783094182800532256468504387079416074955570519982801768252263092268916|3430044829199944453933353753937605331054005593877896234899309738159070393915|1
({row.record_id},){row.reportingPeriod},({row.organizationalBoundary},){row.emissionFactorVersion},({row.company_hash},){row.emissionThreshold},({row.zk_is_eligible},){row.attestation_commitment},17266548682238374222768105143244618808399046746831960562750383671766436040346|10455552517024430472660233396526478789369877552649074436042616212456462637153|1
({row.record_id},){row.reportingPeriod},({row.organizationalBoundary},){row.emissionFactorVersion},({row.company_hash},){row.emissionThreshold},({row.zk_is_eligible},){row.attestation_commitment},18626788707308782671299022845855634298241495262907507153814629209941994079139|14873199767018625205219668273667714131775374971720162020412581003871485589420|1
({row.record_id},){row.reportingPeriod},({row.organizationalBoundary},){row.emissionFactorVersion},({row.company_hash},){row.emissionThreshold},({row.zk_is_eligible},){row.attestation_commitment},21059533478325606105851797258304521863834236075093332047590373869097605194959|1400421916041724439731407958640260688746089361316292097854931556831138840458|1
({row.record_id},){row.reportingPeriod},({row.organizationalBoundary},){row.emissionFactorVersion},({row.company_hash},){row.emissionThreshold},({row.zk_is_eligible},){row.attestation_commitment},1655883262978010062043487130118679547022375541238552379690422792770729928086|19746128599565536596128586306959479295154012682667093936859688090165738295839|1
({row.record_id},){row.reportingPeriod},({row.organizationalBoundary},){row.emissionFactorVersion},({row.company_hash},){row.emissionThreshold},({row.zk_is_eligible},){row.attestation_commitment},8915966124384124309352896608682020978417262609996674716986769190795803787480|914690618894388318340691552622380902717367039798353172946438197082069333229|1
({row.record_id},){row.reportingPeriod},({row.organizationalBoundary},){row.emissionFactorVersion},({row.company_hash},){row.emissionThreshold},({row.zk_is_eligible},){row.attestation_commitment},18136837611626094667434607040216581709972604499377528324282024003446846364995|11098653769472132108262684364826129942140639443380336153655200790564426611774|1
({row.record_id},){row.reportingPeriod},({row.organizationalBoundary},){row.emissionFactorVersion},({row.company_hash},){row.emissionThreshold},({row.zk_is_eligible},){row.attestation_commitment},17857139434524911809787735734762431282269038252006325987994051119081858646549|11966743914618870506312450612119328280559218189666229302198307614439379848723|1
({row.record_id},){row.reportingPeriod},({row.organizationalBoundary},){row.emissionFactorVersion},({row.company_hash},){row.emissionThreshold},({row.zk_is_eligible},){row.attestation_commitment},7207585240041858960334459144103289687539296362727139194195548181295093262225|2364497146020317579547567709961151599845420078373544478803883636721232701660|1
({row.record_id},){row.reportingPeriod},({row.organizationalBoundary},){row.emissionFactorVersion},({row.company_hash},){row.emissionThreshold},({row.zk_is_eligible},){row.attestation_commitment},18353198318414556651670081111501559363676135929548866798672509125176869223025|20940701054633373733234224905619729952605475933000729730153498715908901587117|1
({row.record_id},){row.reportingPeriod},({row.organizationalBoundary},){row.emissionFactorVersion},({row.company_hash},){row.emissionThreshold},({row.zk_is_eligible},){row.attestation_commitment},11596841123410218398324514657141993554429231364902098699320212150834990469905|14768557893868940004369420410784102262285487302520377376332164980479974967496|1
({row.record_id},){row.reportingPeriod},({row.organizationalBoundary},){row.emissionFactorVersion},({row.company_hash},){row.emissionThreshold},({row.zk_is_eligible},){row.attestation_commitment},3791654855934628937072674156988683793528269642318802677393348098534133557550|21404372331480978621530812299636855554242248402165125583616231618669487982164|1
({row.record_id},){row.reportingPeriod},({row.organizationalBoundary},){row.emissionFactorVersion},({row.company_hash},){row.emissionThreshold},({row.zk_is_eligible},){row.attestation_commitment},20880280545162871206987158042796148300000862602805377559650398874603107385110|17529890935778648102873325255427164090221582930269927229235909336946014146029|1
({row.record_id},){row.reportingPeriod},({row.organizationalBoundary},){row.emissionFactorVersion},({row.company_hash},){row.emissionThreshold},({row.zk_is_eligible},){row.attestation_commitment},20281140818630085760205366589711878438175015210517919997128115193331626332273|2533033027077175094813012736860821592278779935680916792781243269352389242743|1
({row.record_id},){row.reportingPeriod},({row.organizationalBoundary},){row.emissionFactorVersion},({row.company_hash},){row.emissionThreshold},({row.zk_is_eligible},){row.attestation_commitment},6808327592094440478842758982041579893800535185040491660084416982004827571821|4750738668744613220248049350350759128811415516188214517713592659573123043611|1
({row.record_id},){row.reportingPeriod},({row.organizationalBoundary},){row.emissionFactorVersion},({row.company_hash},){row.emissionThreshold},({row.zk_is_eligible},){row.attestation_commitment},6834927201963049697450697704783409122633146793105264038979054556884609372905|17282076456955932738701948829077367132708226804132698054993765755069466318464|1
({row.record_id},){row.reportingPeriod},({row.organizationalBoundary},){row.emissionFactorVersion},({row.company_hash},){row.emissionThreshold},({row.zk_is_eligible},){row.attestation_commitment},20003626761780345951441201747041889740699047651673253510722016504626363253935|11125200184990456106769594828847946026810114431885175333506748377628932095877|1
({row.record_id},){row.reportingPeriod},({row.organizationalBoundary},){row.emissionFactorVersion},({row.company_hash},){row.emissionThreshold},({row.zk_is_eligible},){row.attestation_commitment},3363091424534713167502724712998300150128492282984282692971306177402791446758|4243673022057719740040706414257354583420330931660282490872198861641345786546|1
({row.record_id},){row.reportingPeriod},({row.organizationalBoundary},){row.emissionFactorVersion},({row.company_hash},){row.emissionThreshold},({row.zk_is_eligible},){row.attestation_commitment},2301832981227885753082514081170477063034035262390899010374960356251179000688|13052512531372021746787581220709649388508284500391822762591366796821505487093|1
({row.record_id},){row.reportingPeriod},({row.organizationalBoundary},){row.emissionFactorVersion},({row.company_hash},){row.emissionThreshold},({row.zk_is_eligible},){row.attestation_commitment},10194319136524334381277532977145959755332956574876704923190655974634125551185|10142613734352273253913212322970151913803713195840828669401173378570655309900|1
({row.record_id},){row.reportingPeriod},({row.organizationalBoundary},){row.emissionFactorVersion},({row.company_hash},){row.emissionThreshold},({row.zk_is_eligible},){row.attestation_commitment},13599064404366229077907413718807083626516463572473067437384482180130957047614|12317965279242799387375435904829604521345050834320635317032860850723651083697|1
({row.record_id},){row.reportingPeriod},({row.organizationalBoundary},){row.emissionFactorVersion},({row.company_hash},){row.emissionThreshold},({row.zk_is_eligible},){row.attestation_commitment},19426589385168007401479669399711300230248229525392324948229831252122172239398|18733627350192433109025203006733997363533015290307445105868439078031153673955|1
({row.record_id},){row.reportingPeriod},({row.organizationalBoundary},){row.emissionFactorVersion},({row.company_hash},){row.emissionThreshold},({row.zk_is_eligible},){row.attestation_commitment},4935353980439208774071637644183224874823725864921643573879753432455248002721|9155357556085890432596227005471974322160134338036757827127431648795139948377|1
({row.record_id},){row.reportingPeriod},({row.organizationalBoundary},){row.emissionFactorVersion},({row.company_hash},){row.emissionThreshold},({row.zk_is_eligible},){row.attestation_commitment},692444763722546853866426449957214641259721348368133248499012234225351329753|9307246585807219904542516906287519263563666584097409713659032905129445198973|1
({row.record_id},){row.reportingPeriod},({row.organizationalBoundary},){row.emissionFactorVersion},({row.company_hash},){row.emissionThreshold},({row.zk_is_eligible},){row.attestation_commitment},11103135989814554421675472299325798073796797925809618966227011716264349292301|16841999892957639821468744154832472018014641391163388038692727230882552504082|1
({row.record_id},){row.reportingPeriod},({row.organizationalBoundary},){row.emissionFactorVersion},({row.company_hash},){row.emissionThreshold},({row.zk_is_eligible},){row.attestation_commitment},18239804514066958613591310950669563993108635558202253493972783056753988132513|16084410347332182590449743073395166255346706543053378468764110232661892178053|1
({row.record_id},){row.reportingPeriod},({row.organizationalBoundary},){row.emissionFactorVersion},({row.company_hash},){row.emissionThreshold},({row.zk_is_eligible},){row.attestation_commitment},4374468427922328970432025890933701311304573959545037100502075452387865948515|5471382493325199806969658481494768103087667132357567604414431614220186514620|1
({row.record_id},){row.reportingPeriod},({row.organizationalBoundary},){row.emissionFactorVersion},({row.company_hash},){row.emissionThreshold},({row.zk_is_eligible},){row.attestation_commitment},1473655707823599392120796840975737367612184198470373579704160416561251009197|3940624055357140791180831133455441227571471657791512408139215893717192170704|1
({row.record_id},){row.reportingPeriod},({row.organizationalBoundary},){row.emissionFactorVersion},({row.company_hash},){row.emissionThreshold},({row.zk_is_eligible},){row.attestation_commitment},2973880201630791224914724097405808586105890131792102594003794325648259334595|2924052593090468998940117593156511335634284032746416214186528620015774517051|1
({row.record_id},){row.reportingPeriod},({row.organizationalBoundary},){row.emissionFactorVersion},({row.company_hash},){row.emissionThreshold},({row.zk_is_eligible},){row.attestation_commitment},2163985709892673560549956173876570231404770002904146958731465639470018600036|19000685227214014201016981478988176957513007445130116201883574579099565853760|1
({row.record_id},){row.reportingPeriod},({row.organizationalBoundary},){row.emissionFactorVersion},({row.company_hash},){row.emissionThreshold},({row.zk_is_eligible},){row.attestation_commitment},12918694537039334980918572458308128456010809865178587169453840473589921420228|18256360795489165608849918474974077312769625889132203651367494549950105495402|1
({row.record_id},){row.reportingPeriod},({row.organizationalBoundary},){row.emissionFactorVersion},({row.company_hash},){row.emissionThreshold},({row.zk_is_eligible},){row.attestation_commitment},17397607273878990123807069296982045106050159214357130211893534340733528495798|19274012187195346909351928135958365584079365902208895122625170068895800302166|1
({row.record_id},){row.reportingPeriod},({row.organizationalBoundary},){row.emissionFactorVersion},({row.company_hash},){row.emissionThreshold},({row.zk_is_eligible},){row.attestation_commitment},10764611796456613760015519094581402039027539380751128924871539839700304029778|1730871001294799164084273068571452907814381140162508926974718032951840798166|1
({row.record_id},){row.reportingPeriod},({row.organizationalBoundary},){row.emissionFactorVersion},({row.company_hash},){row.emissionThreshold},({row.zk_is_eligible},){row.attestation_commitment},1571442251273825263586571860500419515840554442154066130183968633819746037699|1932768098623056663547849289233072553441842010729839491340533128412762397813|1
({row.record_id},){row.reportingPeriod},({row.organizationalBoundary},){row.emissionFactorVersion},({row.company_hash},){row.emissionThreshold},({row.zk_is_eligible},){row.attestation_commitment},15344800667337750858821814689094043955585906709811806413874742033939385732223|4423528226993829549031219760870957048799261348785818785243156438471609976010|1
({row.record_id},){row.reportingPeriod},({row.organizationalBoundary},){row.emissionFactorVersion},({row.company_hash},){row.emissionThreshold},({row.zk_is_eligible},){row.attestation_commitment},12853221909159773058841358681157403647465460766726349637679476375687168093568|17654818590455043701701291307314882325804085158521026966283646171786555634282|1
({row.record_id},){row.reportingPeriod},({row.organizationalBoundary},){row.emissionFactorVersion},({row.company_hash},){row.emissionThreshold},({row.zk_is_eligible},){row.attestation_commitment},11964189093102396280832495692398912770429420164440952865434946166011125822429|21393285503862820935697265317996332017995769092497622326468712863582776521132|1
({row.record_id},){row.reportingPeriod},({row.organizationalBoundary},){row.emissionFactorVersion},({row.company_hash},){row.emissionThreshold},({row.zk_is_eligible},){row.attestation_commitment},10008706808406082444031111449343238766700823272146938645233399795925108056328|17050690406138692860413714291174118021249085010849491853631114922257945972143|1
({row.record_id},){row.reportingPeriod},({row.organizationalBoundary},){row.emissionFactorVersion},({row.company_hash},){row.emissionThreshold},({row.zk_is_eligible},){row.attestation_commitment},10675126456828485597247558742788630358330621240311786123873350060062600263277|21686691971703645408407107238929414604762923491973456643291520043097965450725|1
({row.record_id},){row.reportingPeriod},({row.organizationalBoundary},){row.emissionFactorVersion},({row.company_hash},){row.emissionThreshold},({row.zk_is_eligible},){row.attestation_commitment},883290610359806246837625541938860494691600934349224849085487853039493441625|3366242203925483310833473944124617142332734943239250810577369396140677893082|1
({row.record_id},){row.reportingPeriod},({row.organizationalBoundary},){row.emissionFactorVersion},({row.company_hash},){row.emissionThreshold},({row.zk_is_eligible},){row.attestation_commitment},1818802525753392544709461908608258107890129405616334469523214849015622744103|15901499474175754717914777390341709574759323099722282858853712669134943553610|1
({row.record_id},){row.reportingPeriod},({row.organizationalBoundary},){row.emissionFactorVersion},({row.company_hash},){row.emissionThreshold},({row.zk_is_eligible},){row.attestation_commitment},5627054883948839086475320075837189063977815404152696073849829780936729035934|16579727985344359922140392177788270426192014178500467030991837989939859503729|1
({row.record_id},){row.reportingPeriod},({row.organizationalBoundary},){row.emissionFactorVersion},({row.company_hash},){row.emissionThreshold},({row.zk_is_eligible},){row.attestation_commitment},16941863723410919064929797905099016905248062066942538766629354517786446778040|5025452859807080635327837180324611560078552088511953625797334714819524112617|1
({row.record_id},){row.reportingPeriod},({row.organizationalBoundary},){row.emissionFactorVersion},({row.company_hash},){row.emissionThreshold},({row.zk_is_eligible},){row.attestation_commitment},364265934563741513453093636342587874901212382533883831905378015991914633150|6025655137421973944951288569594061824905090009442007235329060769466905616012|1
({row.record_id},){row.reportingPeriod},({row.organizationalBoundary},){row.emissionFactorVersion},({row.company_hash},){row.emissionThreshold},({row.zk_is_eligible},){row.attestation_commitment},15082643602214515413602420283169816528805248543087835048630592995418385771450|21166684837818575125746851571812355453016768018657291943894578694015185873049|1
({row.record_id},){row.reportingPeriod},({row.organizationalBoundary},){row.emissionFactorVersion},({row.company_hash},){row.emissionThreshold},({row.zk_is_eligible},){row.attestation_commitment},1637518314043728002115297224949111714047522978372399845039921147568604515896|12829370518186783793862634689566081254181493918158212996722141323921854384568|1
({row.record_id},){row.reportingPeriod},({row.organizationalBoundary},){row.emissionFactorVersion},({row.company_hash},){row.emissionThreshold},({row.zk_is_eligible},){row.attestation_commitment},10938094215484724620448029379708935596690947921989330504075623014462951705655|6976892501387440048737133142438132522873705554298838728118801510337996222904|1
({row.record_id},){row.reportingPeriod},({row.organizationalBoundary},){row.emissionFactorVersion},({row.company_hash},){row.emissionThreshold},({row.zk_is_eligible},){row.attestation_commitment},8411360048751894729882178084735874149216260365524522427347351557067256659568|20947281112232909452685463451602901154561466132603545934332629293875086488118|1
({row.record_id},){row.reportingPeriod},({row.organizationalBoundary},){row.emissionFactorVersion},({row.company_hash},){row.emissionThreshold},({row.zk_is_eligible},){row.attestation_commitment},17079084573046731748895124908946329396791892818635354299246540883705493035422|15702622868999611316245872187492672589998517351948376324545244715945060029869|1
({row.record_id},){row.reportingPeriod},({row.organizationalBoundary},){row.emissionFactorVersion},({row.company_hash},){row.emissionThreshold},({row.zk_is_eligible},){row.attestation_commitment},12688540841665826289133703371076963049156789708763006623756285956049197410916|20948094576836924130172689996860589594349495215893282807506145848685937168066|1
({row.record_id},){row.reportingPeriod},({row.organizationalBoundary},){row.emissionFactorVersion},({row.company_hash},){row.emissionThreshold},({row.zk_is_eligible},){row.attestation_commitment},9927128620303001251010935996674640369368362448167815362961208410787717639167|3537539944390829255242860683211313818752162326809194548328795425680153763094|1
({row.record_id},){row.reportingPeriod},({row.organizationalBoundary},){row.emissionFactorVersion},({row.company_hash},){row.emissionThreshold},({row.zk_is_eligible},){row.attestation_commitment},14373660142204662909588982993627697025446359807086967820019387137898415357271|18805376705645460731295628319347391471495889577964815721881724863947137070863|1
({row.record_id},){row.reportingPeriod},({row.organizationalBoundary},){row.emissionFactorVersion},({row.company_hash},){row.emissionThreshold},({row.zk_is_eligible},){row.attestation_commitment},739433060141852922714757197979641161305492224462042119341172883254994800589|18834574608018482800395861752617902889992520325928511268851101358672231594527|1
({row.record_id},){row.reportingPeriod},({row.organizationalBoundary},){row.emissionFactorVersion},({row.company_hash},){row.emissionThreshold},({row.zk_is_eligible},){row.attestation_commitment},11940299419010195641715695710308015163880641009277410882180016598940946228358|8506403059877510582910958769084122003354565524484404533801795531132969121691|1
({row.record_id},){row.reportingPeriod},({row.organizationalBoundary},){row.emissionFactorVersion},({row.company_hash},){row.emissionThreshold},({row.zk_is_eligible},){row.attestation_commitment},6031232917217584855871303947594094399655770031519837561954458143909058327900|16972313264508703454760755643195596067532652788310805225359709614839282335466|1
({row.record_id},){row.reportingPeriod},({row.organizationalBoundary},){row.emissionFactorVersion},({row.company_hash},){row.emissionThreshold},({row.zk_is_eligible},){row.attestation_commitment},6164999420723060206142736525143395767763633941656999932000369625338783938026|12985175912501900045233412191493690079016999716776169207220079386813234871028|1
({row.record_id},){row.reportingPeriod},({row.organizationalBoundary},){row.emissionFactorVersion},({row.company_hash},){row.emissionThreshold},({row.zk_is_eligible},){row.attestation_commitment},5900147965698613205462473624456717880156057003787117436757642304346176766140|13720776532547186392466261109862826023445737725953191491379031014345687051919|1
({row.record_id},){row.reportingPeriod},({row.organizationalBoundary},){row.emissionFactorVersion},({row.company_hash},){row.emissionThreshold},({row.zk_is_eligible},){row.attestation_commitment},21504739861186858791987964818821799622281559803214423152373879315269893555597|8705095920324600973212538166370456744626390229004018009444418146139604132663|1
({row.record_id},){row.reportingPeriod},({row.organizationalBoundary},){row.emissionFactorVersion},({row.company_hash},){row.emissionThreshold},({row.zk_is_eligible},){row.attestation_commitment},2081488414849648636929245825929469576499411117368259364184905096651128315058|4806221166693147636689045296094899576925253194195090951985746318560311719895|1
({row.record_id},){row.reportingPeriod},({row.organizationalBoundary},){row.emissionFactorVersion},({row.company_hash},){row.emissionThreshold},({row.zk_is_eligible},){row.attestation_commitment},2160319722429342580914365483343567812974795886842902942572470806512324833390|11455455846783594040209047942448392543782377264076611315509853872184540379487|1
({row.record_id},){row.reportingPeriod},({row.organizationalBoundary},){row.emissionFactorVersion},({row.company_hash},){row.emissionThreshold},({row.zk_is_eligible},){row.attestation_commitment},1020983036908651871767133693802212657454395667890697963642991737355730890304|6215910524710945766892643878079892425766095787631677087266461529395127407112|1
({row.record_id},){row.reportingPeriod},({row.organizationalBoundary},){row.emissionFactorVersion},({row.company_hash},){row.emissionThreshold},({row.zk_is_eligible},){row.attestation_commitment},4621613342183309330968073009054909308848629859529944332664208546132446950480|8173583448677345684722582421821901551005703638458427637113304624866365593419|1
({row.record_id},){row.reportingPeriod},({row.organizationalBoundary},){row.emissionFactorVersion},({row.company_hash},){row.emissionThreshold},({row.zk_is_eligible},){row.attestation_commitment},5505207969915205291662458428735063191750205879033630630042227484403717300606|18238936555585189639970990085734113505850923555289214277376315034101119926242|1
({row.record_id},){row.reportingPeriod},({row.organizationalBoundary},){row.emissionFactorVersion},({row.company_hash},){row.emissionThreshold},({row.zk_is_eligible},){row.attestation_commitment},18324702967621623596533366030655418902863429432054703639995344829032536216881|10384612755343123501606998901990358043674071064213186748867064975184403359891|1
({row.record_id},){row.reportingPeriod},({row.organizationalBoundary},){row.emissionFactorVersion},({row.company_hash},){row.emissionThreshold},({row.zk_is_eligible},){row.attestation_commitment},21522136182018997673386439656212507512038068659276595605059596627842806265541|9822987025214820401407090297701991416600673813236413587196049559125436124167|1
({row.record_id},){row.reportingPeriod},({row.organizationalBoundary},){row.emissionFactorVersion},({row.company_hash},){row.emissionThreshold},({row.zk_is_eligible},){row.attestation_commitment},602908753096613864396886251817518397848445540664067449918294105962910901829|3050479228904847902290208705000111548266721965819688250283621547322264182092|1
({row.record_id},){row.reportingPeriod},({row.organizationalBoundary},){row.emissionFactorVersion},({row.company_hash},){row.emissionThreshold},({row.zk_is_eligible},){row.attestation_commitment},21649758782074736300377907164856526613092407456385448714000558581042893707211|8986246636186805684607409324374476243908731116194742100113503912640012060724|1
({row.record_id},){row.reportingPeriod},({row.organizationalBoundary},){row.emissionFactorVersion},({row.company_hash},){row.emissionThreshold},({row.zk_is_eligible},){row.attestation_commitment},4139339204449629176866605768014583384239466659154833530802253120578963988315|19029344020649844367591531065940685773937565486663723215128420244343814369527|1
({row.record_id},){row.reportingPeriod},({row.organizationalBoundary},){row.emissionFactorVersion},({row.company_hash},){row.emissionThreshold},({row.zk_is_eligible},){row.attestation_commitment},11880871069717770083327827133865285120488511391368441059796124797123763185013|10876808573503449759662237583852348308914339648990050666126891576550143211416|1
({row.record_id},){row.reportingPeriod},({row.organizationalBoundary},){row.emissionFactorVersion},({row.company_hash},){row.emissionThreshold},({row.zk_is_eligible},){row.attestation_commitment},15281514275843990636081464298146702145795419696094898703307567307441294956929|10719634353065722527191651896256955460204595827213640637236564074541528668110|1
({row.record_id},){row.reportingPeriod},({row.organizationalBoundary},){row.emissionFactorVersion},({row.company_hash},){row.emissionThreshold},({row.zk_is_eligible},){row.attestation_commitment},15861945135463345978148714833367977417018415692128272594312425910315171361859|8868591200128384837985187994480530052638774235547810373207837692394965635654|1
({row.record_id},){row.reportingPeriod},({row.organizationalBoundary},){row.emissionFactorVersion},({row.company_hash},){row.emissionThreshold},({row.zk_is_eligible},){row.attestation_commitment},3944861518479185510639243893920081561800393372714333674857435839236700854970|13433200329779836797860488274339478454362825759555493064164261555570445706821|1
({row.record_id},){row.reportingPeriod},({row.organizationalBoundary},){row.emissionFactorVersion},({row.company_hash},){row.emissionThreshold},({row.zk_is_eligible},){row.attestation_commitment},15620937860863817304639819418527491470101368907710664804741578970645465619734|10056796957722718325094281637024611526254726642396296067505910061469626725583|1
({row.record_id},){row.reportingPeriod},({row.organizationalBoundary},){row.emissionFactorVersion},({row.company_hash},){row.emissionThreshold},({row.zk_is_eligible},){row.attestation_commitment},6590638406516169446362493401010125739884646536112338015532984084039790384998|5595529266910287217228035568642965705315329100708272359851549654997301315453|1
({row.record_id},){row.reportingPeriod},({row.organizationalBoundary},){row.emissionFactorVersion},({row.company_hash},){row.emissionThreshold},({row.zk_is_eligible},){row.attestation_commitment},9418993687523501905797854013051333508087936138708670296426151269300549656419|16282217634301422122728786074336721040603273486585079159969423714819600653428|1
({row.record_id},){row.reportingPeriod},({row.organizationalBoundary},){row.emissionFactorVersion},({row.company_hash},){row.emissionThreshold},({row.zk_is_eligible},){row.attestation_commitment},17689282214971386488545300312256107896477408332286051261306730617688215986037|7703753310793974520836440035192676373265083996887919715574636986241445965779|1
({row.record_id},){row.reportingPeriod},({row.organizationalBoundary},){row.emissionFactorVersion},({row.company_hash},){row.emissionThreshold},({row.zk_is_eligible},){row.attestation_commitment},19865382200703172534835864424498077818806574840718417206268291632494197087771|17268646675172551875945969407318667178977687999846481718159014204332608897794|1
({row.record_id},){row.reportingPeriod},({row.organizationalBoundary},){row.emissionFactorVersion},({row.company_hash},){row.emissionThreshold},({row.zk_is_eligible},){row.attestation_commitment},3595712456135855592686766346449021287524786451056188258720897460521069156167|10533107805253271646218394211834798661815806884848768883951708863232089763220|1
({row.record_id},){row.reportingPeriod},({row.organizationalBoundary},){row.emissionFactorVersion},({row.company_hash},){row.emissionThreshold},({row.zk_is_eligible},){row.attestation_commitment},8876011364565582756941377630862625609323785887408144509699917698404519096878|11692664691176667309487073733949320063306550278780864617264839979617129480569|1
({row.record_id},){row.reportingPeriod},({row.organizationalBoundary},){row.emissionFactorVersion},({row.company_hash},){row.emissionThreshold},({row.zk_is_eligible},){row.attestation_commitment},14096459360932457960485188187962183921579911651662667635896805963582773204200|9740961188594359617930277073441694107585851718924669521271688411567823349364|1
({row.record_id},){row.reportingPeriod},({row.organizationalBoundary},){row.emissionFactorVersion},({row.company_hash},){row.emissionThreshold},({row.zk_is_eligible},){row.attestation_commitment},3301478424870410572760908928286472440482678021534266681451409705454401023221|7030581374836102263217303901564881663168366427931445229151580223938609787455|1
({row.record_id},){row.reportingPeriod},({row.organizationalBoundary},){row.emissionFactorVersion},({row.company_hash},){row.emissionThreshold},({row.zk_is_eligible},){row.attestation_commitment},7576379891150192497022256918723915391809410127427243032264077834295478009135|10897103072318732575435932383045215572362938683407325504973214805579057750604|1
({row.record_id},){row.reportingPeriod},({row.organizationalBoundary},){row.emissionFactorVersion},({row.company_hash},){row.emissionThreshold},({row.zk_is_eligible},){row.attestation_commitment},4363774326979319780572442787948950367002202031791672101230970527927540869627|1661898143654972806497150002072307875674341025088339353528154047969434311213|1
({row.record_id},){row.reportingPeriod},({row.organizationalBoundary},){row.emissionFactorVersion},({row.company_hash},){row.emissionThreshold},({row.zk_is_eligible},){row.attestation_commitment},8650131987280748334354677997835632662400274874740689765072872429857754841315|14119534155298277023187198417025746241375088354839627236729765933664733089982|1
({row.record_id},){row.reportingPeriod},({row.organizationalBoundary},){row.emissionFactorVersion},({row.company_hash},){row.emissionThreshold},({row.zk_is_eligible},){row.attestation_commitment},9216609058835027824290822028908029482368947959060669614710349123369431375044|4662965162706785724278796498311176938947076241920543515454916193396474735138|1
({row.record_id},){row.reportingPeriod},({row.organizationalBoundary},){row.emissionFactorVersion},({row.company_hash},){row.emissionThreshold},({row.zk_is_eligible},){row.attestation_commitment},9764442860553180621803632723734969175265182457631241218062340628571035673379|8100663457668107267138698900420108353338683078966923606113689518849696067693|1
({row.record_id},){row.reportingPeriod},({row.organizationalBoundary},){row.emissionFactorVersion},({row.company_hash},){row.emissionThreshold},({row.zk_is_eligible},){row.attestation_commitment},6779563485658978027981435421069960233918685332093863354737354315734800187490|4451411759963531776059954303851975140508634062916376370667872282186518625437|1
({row.record_id},){row.reportingPeriod},({row.organizationalBoundary},){row.emissionFactorVersion},({row.company_hash},){row.emissionThreshold},({row.zk_is_eligible},){row.attestation_commitment},2078467110950393508469704815983277011258813091084414669012111732612636488521|8103959707652921930960819687902041554226184811597864759095093108193574706937|1
({row.record_id},){row.reportingPeriod},({row.organizationalBoundary},){row.emissionFactorVersion},({row.company_hash},){row.emissionThreshold},({row.zk_is_eligible},){row.attestation_commitment},8375156034153599654234215094844100318597291786390764412414289130384954381096|14825578544986266660505270750134537613951388835727734874029698073921489298179|1
({row.record_id},){row.reportingPeriod},({row.organizationalBoundary},){row.emissionFactorVersion},({row.company_hash},){row.emissionThreshold},({row.zk_is_eligible},){row.attestation_commitment},3857386867796582112393838020437285918658200328599628504906515699035207754920|15919124288444137118111502319384959910111720100654930817876803910588552135062|1
({row.record_id},){row.reportingPeriod},({row.organizationalBoundary},){row.emissionFactorVersion},({row.company_hash},){row.emissionThreshold},({row.zk_is_eligible},){row.attestation_commitment},13403027509686673401124309449107770576566678411819165637539598981618265093487|13283012002231726596601660489808012395111737012836118288387708761534246186656|1
({row.record_id},){row.reportingPeriod},({row.organizationalBoundary},){row.emissionFactorVersion},({row.company_hash},){row.emissionThreshold},({row.zk_is_eligible},){row.attestation_commitment},15122892260032352626530532101105534150405413515236415832416414411867136893022|14805423973672733759183072142276585345957296253844005726884466027975682102113|1
({row.record_id},){row.reportingPeriod},({row.organizationalBoundary},){row.emissionFactorVersion},({row.company_hash},){row.emissionThreshold},({row.zk_is_eligible},){row.attestation_commitment},12550886213758933105226726075333269912264546490121396738367143063595903789113|14978645288360390734098082932488517999336881453729049964172781422654176292429|1
({row.record_id},){row.reportingPeriod},({row.organizationalBoundary},){row.emissionFactorVersion},({row.company_hash},){row.emissionThreshold},({row.zk_is_eligible},){row.attestation_commitment},19484004789303810809020475715277765833059570530976231507445690850108939015377|14555879353970968093553941158317476940333763209522871133707572453026415131628|1
({row.record_id},){row.reportingPeriod},({row.organizationalBoundary},){row.emissionFactorVersion},({row.company_hash},){row.emissionThreshold},({row.zk_is_eligible},){row.attestation_commitment},8454663265153685370793236345820563886995661117886636935065344623519636833401|21872967956160739416205157010406172647044548714016153451415696153979786408737|1
({row.record_id},){row.reportingPeriod},({row.organizationalBoundary},){row.emissionFactorVersion},({row.company_hash},){row.emissionThreshold},({row.zk_is_eligible},){row.attestation_commitment},20854893834893988548800673225436957563368898643280382655106663891434744809309|13191434948563347966999333919177229098154576694776466006463215940107777879323|1
({row.record_id},){row.reportingPeriod},({row.organizationalBoundary},){row.emissionFactorVersion},({row.company_hash},){row.emissionThreshold},({row.zk_is_eligible},){row.attestation_commitment},19298734250277420762434940479214501432141855178562996182444102392755713927339|7679668829065494443569221361317804844148804227341163308115287815431281127672|1
({row.record_id},){row.reportingPeriod},({row.organizationalBoundary},){row.emissionFactorVersion},({row.company_hash},){row.emissionThreshold},({row.zk_is_eligible},){row.attestation_commitment},20550551981501791793749429109761009270164647541111969913830370408089452726377|258855261944441906380859572395889633413068187386847954981250976551746677269|1
({row.record_id},){row.reportingPeriod},({row.organizationalBoundary},){row.emissionFactorVersion},({row.company_hash},){row.emissionThreshold},({row.zk_is_eligible},){row.attestation_commitment},13619397963232825359734271568578414617499031832095564069451336633437038402431|5600501848601768315145150716780151076219040038063235095003495542118503436979|1
({row.record_id},){row.reportingPeriod},({row.organizationalBoundary},){row.emissionFactorVersion},({row.company_hash},){row.emissionThreshold},({row.zk_is_eligible},){row.attestation_commitment},20528948780470598820071662113926937811837499287344995512098602167367961322497|6117460651149674445485821523971345169895209165946234990796639883279764703998|1
({row.record_id},){row.reportingPeriod},({row.organizationalBoundary},){row.emissionFactorVersion},({row.company_hash},){row.emissionThreshold},({row.zk_is_eligible},){row.attestation_commitment},8465739408825286719784798593859782577796488305620291354025443826140398650713|18554559992639024731512148498346969158368793848504110094731697454991839469657|1
({row.record_id},){row.reportingPeriod},({row.organizationalBoundary},){row.emissionFactorVersion},({row.company_hash},){row.emissionThreshold},({row.zk_is_eligible},){row.attestation_commitment},11991629716940594210212753365552943070023052336490172456766235832411015271616|10343228711559687160477361242077949110773952351309928736268199135730701872753|1
({row.record_id},){row.reportingPeriod},({row.organizationalBoundary},){row.emissionFactorVersion},({row.company_hash},){row.emissionThreshold},({row.zk_is_eligible},){row.attestation_commitment},16575167803768354601851779247138010014847221546921865420220620603722461589725|18671529862470965582649669934479758143536498421473247163536181463525719293014|1
({row.record_id},){row.reportingPeriod},({row.organizationalBoundary},){row.emissionFactorVersion},({row.company_hash},){row.emissionThreshold},({row.zk_is_eligible},){row.attestation_commitment},21559205674938046937431929513545468434646976553298250748269177437930035631783|7165345222042425394976665188787417531013865060462699198704586024817899933962|1
({row.record_id},){row.reportingPeriod},({row.organizationalBoundary},){row.emissionFactorVersion},({row.company_hash},){row.emissionThreshold},({row.zk_is_eligible},){row.attestation_commitment},175905072300973012985812198193243448311972700905941381471178005025237006773|7389425951165048623364206564181503908384768451527634501367412263267815806657|1
({row.record_id},){row.reportingPeriod},({row.organizationalBoundary},){row.emissionFactorVersion},({row.company_hash},){row.emissionThreshold},({row.zk_is_eligible},){row.attestation_commitment},11428639282345482087984162071774647018006073147173501111786401473751677451469|4893864776846130775369600643038192060024840311981355809023761281996228281640|1
({row.record_id},){row.reportingPeriod},({row.organizationalBoundary},){row.emissionFactorVersion},({row.company_hash},){row.emissionThreshold},({row.zk_is_eligible},){row.attestation_commitment},11501523463361345564613320697071762289388591757924140524628499036188902717608|21262414140320776671466114902586396998581150404823020631050184892708468728790|1
({row.record_id},){row.reportingPeriod},({row.organizationalBoundary},){row.emissionFactorVersion},({row.company_hash},){row.emissionThreshold},({row.zk_is_eligible},){row.attestation_commitment},6011102522740033408846687610995064112492008397420469756343277596163403526650|18538401635837808050465933149231987717722267216513917673054077502979021374433|1
({row.record_id},){row.reportingPeriod},({row.organizationalBoundary},){row.emissionFactorVersion},({row.company_hash},){row.emissionThreshold},({row.zk_is_eligible},){row.attestation_commitment},13056494485186981568471172185867035180199330718249541877312960765779486214528|144000292350482340281118534415841941949267953350611297378390221562953516167|1
({row.record_id},){row.reportingPeriod},({row.organizationalBoundary},){row.emissionFactorVersion},({row.company_hash},){row.emissionThreshold},({row.zk_is_eligible},){row.attestation_commitment},21372463533813986328292888056284996987921755970413458222580716730771240755966|16679271631393580340712001141587616756184903614833892271310156842857866215282|1
({row.record_id},){row.reportingPeriod},({row.organizationalBoundary},){row.emissionFactorVersion},({row.company_hash},){row.emissionThreshold},({row.zk_is_eligible},){row.attestation_commitment},7500270134051502809699808872853530391281067779658412126528360450370044408901|8733821591290559489447200698900753523591376583098731262464825165975318578952|1
({row.record_id},){row.reportingPeriod},({row.organizationalBoundary},){row.emissionFactorVersion},({row.company_hash},){row.emissionThreshold},({row.zk_is_eligible},){row.attestation_commitment},12025959847720530325411060426997010591922168476937065047730460596675548532245|17535342910688943169897806274005202784284074016957234039165502290928464977447|1
({row.record_id},){row.reportingPeriod},({row.organizationalBoundary},){row.emissionFactorVersion},({row.company_hash},){row.emissionThreshold},({row.zk_is_eligible},){row.attestation_commitment},8082032970781832680292077526974905689738658409467784473487186079655192425341|16887887333067574015949560635051259783102440399977885269566603935415353948419|1
({row.record_id},){row.reportingPeriod},({row.organizationalBoundary},){row.emissionFactorVersion},({row.company_hash},){row.emissionThreshold},({row.zk_is_eligible},){row.attestation_commitment},15767226452085711114023322993640963532605177048068728471558968948818529431921|3644189874040277570221908263148989000223072706073123178355266169432827686308|1
({row.record_id},){row.reportingPeriod},({row.organizationalBoundary},){row.emissionFactorVersion},({row.company_hash},){row.emissionThreshold},({row.zk_is_eligible},){row.attestation_commitment},14798855040633083627486512912417590161915811939284677191106876625389764312515|5264189412499332968856445683722364554396288180184067382729934935778836098157|1
({row.record_id},){row.reportingPeriod},({row.organizationalBoundary},){row.emissionFactorVersion},({row.company_hash},){row.emissionThreshold},({row.zk_is_eligible},){row.attestation_commitment},9738175204201920173238314708811208809372893665563078571572851115319051982311|11654687534018008486127783652648671871547983694272264080659403524763064626776|1
({row.record_id},){row.reportingPeriod},({row.organizationalBoundary},){row.emissionFactorVersion},({row.company_hash},){row.emissionThreshold},({row.zk_is_eligible},){row.attestation_commitment},9242339242294554164188656397446749248447493355375378331401741326835593257965|16471719843457511633007671072682485849898464546634238825474933579457206785019|1
({row.record_id},){row.reportingPeriod},({row.organizationalBoundary},){row.emissionFactorVersion},({row.company_hash},){row.emissionThreshold},({row.zk_is_eligible},){row.attestation_commitment},14986013662279824825951150219350846851353986719989337750966870622045728781444|10881887549332497270567333700130389859361250687615238874623382376729417332385|1
({row.record_id},){row.reportingPeriod},({row.organizationalBoundary},){row.emissionFactorVersion},({row.company_hash},){row.emissionThreshold},({row.zk_is_eligible},){row.attestation_commitment},8216235663596888091427503336483857673588939720079209484608157323639968636263|1166532943212460870817887504452805606902923502198438423685629371848005943849|1
({row.record_id},){row.reportingPeriod},({row.organizationalBoundary},){row.emissionFactorVersion},({row.company_hash},){row.emissionThreshold},({row.zk_is_eligible},){row.attestation_commitment},4666539655172591089595858784738383461481157138794313934236265892150667376938|6983230130412542180840919156032011541378908940390008447109323578972004680796|1
({row.record_id},){row.reportingPeriod},({row.organizationalBoundary},){row.emissionFactorVersion},({row.company_hash},){row.emissionThreshold},({row.zk_is_eligible},){row.attestation_commitment},604738480290603454633652242450260538501788513096750745542030075339252285051|2786358711814759351860152197026875113926673645875109670366987121306501058834|1
({row.record_id},){row.reportingPeriod},({row.organizationalBoundary},){row.emissionFactorVersion},({row.company_hash},){row.emissionThreshold},({row.zk_is_eligible},){row.attestation_commitment},7473818792145674539906275140861595306877263048264162686015140874754211878980|3315088770941314718043683366162058790859878938873246377783334411052145706197|1
({row.record_id},){row.reportingPeriod},({row.organizationalBoundary},){row.emissionFactorVersion},({row.company_hash},){row.emissionThreshold},({row.zk_is_eligible},){row.attestation_commitment},7795361210611611487701093010371163997530054470643286434977541272641702877923|18696124075218157953749296739269112476749502803329645492907159416915384538354|1
({row.record_id},){row.reportingPeriod},({row.organizationalBoundary},){row.emissionFactorVersion},({row.company_hash},){row.emissionThreshold},({row.zk_is_eligible},){row.attestation_commitment},2088008378212172098676893613463922221111774836293521610162765077723484285618|10075539113156999999837128176596573831811115239028824045840667036383807806280|1
({row.record_id},){row.reportingPeriod},({row.organizationalBoundary},){row.emissionFactorVersion},({row.company_hash},){row.emissionThreshold},({row.zk_is_eligible},){row.attestation_commitment},8493960168414153831222884000812340841965348065044330500213510058224801938669|8557135716814585726149377084221729155909588028486355545955202928174419544961|1
({row.record_id},){row.reportingPeriod},({row.organizationalBoundary},){row.emissionFactorVersion},({row.company_hash},){row.emissionThreshold},({row.zk_is_eligible},){row.attestation_commitment},10776317705489513365338905564367216420389251301929660536672739353761365619369|12061150436389550226075770861621002960252131244843161621209310554912665167002|1
({row.record_id},){row.reportingPeriod},({row.organizationalBoundary},){row.emissionFactorVersion},({row.company_hash},){row.emissionThreshold},({row.zk_is_eligible},){row.attestation_commitment},4984574389759893592431030291088641254472302976130486841430087816078337688386|21761268271061771030011742521337639749932959114350444654191691350883697785337|1
({row.record_id},){row.reportingPeriod},({row.organizationalBoundary},){row.emissionFactorVersion},({row.company_hash},){row.emissionThreshold},({row.zk_is_eligible},){row.attestation_commitment},6232523141889883973195571719530950839789848477900140021665721456067263577617|520473966050019282114553013710713016630286444458102526716775384258420015250|1
({row.record_id},){row.reportingPeriod},({row.organizationalBoundary},){row.emissionFactorVersion},({row.company_hash},){row.emissionThreshold},({row.zk_is_eligible},){row.attestation_commitment},9657805464235615143720487756670318108137716058444029151350324239148588267920|17080345082219767363635257291235874906296189276410653836441694372524976257403|1
({row.record_id},){row.reportingPeriod},({row.organizationalBoundary},){row.emissionFactorVersion},({row.company_hash},){row.emissionThreshold},({row.zk_is_eligible},){row.attestation_commitment},7282867116669140025802962145299151560089523729317244132467971743428872989950|19914213379958873061679588793207210748803880490479678457728872719117634026777|1
({row.record_id},){row.reportingPeriod},({row.organizationalBoundary},){row.emissionFactorVersion},({row.company_hash},){row.emissionThreshold},({row.zk_is_eligible},){row.attestation_commitment},3871643399041805271090821855690337893396728000345804384957979027624012102675|16605711687304474216051856312707767311067867304322287196786889275343528413609|1
({row.record_id},){row.reportingPeriod},({row.organizationalBoundary},){row.emissionFactorVersion},({row.company_hash},){row.emissionThreshold},({row.zk_is_eligible},){row.attestation_commitment},2117953404947359689522054151978182063255365699009832112055333086425712409819|20479713829891713368136720555033019791250824883472565063708479671301229263575|1
({row.record_id},){row.reportingPeriod},({row.organizationalBoundary},){row.emissionFactorVersion},({row.company_hash},){row.emissionThreshold},({row.zk_is_eligible},){row.attestation_commitment},3306954661834554659002654040749265898459865777438706486287666154661316749850|12388314170072335732006999858693482048726822045725308653499834941160062036803|1
({row.record_id},){row.reportingPeriod},({row.organizationalBoundary},){row.emissionFactorVersion},({row.company_hash},){row.emissionThreshold},({row.zk_is_eligible},){row.attestation_commitment},3252205152644110991597660449261511820613612267774333173420585425250379658444|7642115821394923817195388087623121827874140612501997869960977991003616625598|1
({row.record_id},){row.reportingPeriod},({row.organizationalBoundary},){row.emissionFactorVersion},({row.company_hash},){row.emissionThreshold},({row.zk_is_eligible},){row.attestation_commitment},1906959353994736020514933933379171992555192564953302155533251982316426268524|3997660037702214180175960726639462313113632300332128171718289427583047799169|1
({row.record_id},){row.reportingPeriod},({row.organizationalBoundary},){row.emissionFactorVersion},({row.company_hash},){row.emissionThreshold},({row.zk_is_eligible},){row.attestation_commitment},13783375250826939282709000400318324522659290468774431797318676387611169127908|343870363523764834631836536959232213872948934176997702966848443375490914104|1
({row.record_id},){row.reportingPeriod},({row.organizationalBoundary},){row.emissionFactorVersion},({row.company_hash},){row.emissionThreshold},({row.zk_is_eligible},){row.attestation_commitment},3193141642565931869731762350876859523616672279796515799926304849863393097149|9687307978676309878013877181242153765417104165973983737671378291026156864876|1
({row.record_id},){row.reportingPeriod},({row.organizationalBoundary},){row.emissionFactorVersion},({row.company_hash},){row.emissionThreshold},({row.zk_is_eligible},){row.attestation_commitment},4765117574341064240126422268522495512782546536727126049557066482144167796203|7438861865194854330654198189037110784547033466056729035401974924057005993861|1
({row.record_id},){row.reportingPeriod},({row.organizationalBoundary},){row.emissionFactorVersion},({row.company_hash},){row.emissionThreshold},({row.zk_is_eligible},){row.attestation_commitment},19991951406446503207352352059430203119092328106731342046230577644796261577933|3916206734954674470727867229242704254665208292053587025834292331654957854165|1
({row.record_id},){row.reportingPeriod},({row.organizationalBoundary},){row.emissionFactorVersion},({row.company_hash},){row.emissionThreshold},({row.zk_is_eligible},){row.attestation_commitment},15401047688581594558557997996724544206067748454199265621702895102294413796603|450344814515507733679621326581810839484431839825954231120868429543657095697|1
({row.record_id},){row.reportingPeriod},({row.organizationalBoundary},){row.emissionFactorVersion},({row.company_hash},){row.emissionThreshold},({row.zk_is_eligible},){row.attestation_commitment},14270346713124710021723878320538306607257564564458445497317678651385283909546|17907664757540119967135328609805196695930175919108023640779196672810855590283|1
({row.record_id},){row.reportingPeriod},({row.organizationalBoundary},){row.emissionFactorVersion},({row.company_hash},){row.emissionThreshold},({row.zk_is_eligible},){row.attestation_commitment},104960341928771079207154890926994390916253443197504423159044292194300930436|12951354076002086946536941011523450303252131515747008243012665247525512105081|1
({row.record_id},){row.reportingPeriod},({row.organizationalBoundary},){row.emissionFactorVersion},({row.company_hash},){row.emissionThreshold},({row.zk_is_eligible},){row.attestation_commitment},21164313144495915786309980364211265341181918476937524575762875366777565745266|10791134261238962371665256646386038522126241676947996681897427577194153532247|1
({row.record_id},){row.reportingPeriod},({row.organizationalBoundary},){row.emissionFactorVersion},({row.company_hash},){row.emissionThreshold},({row.zk_is_eligible},){row.attestation_commitment},21778468602746735520821307916052338238555946431322797224550847053799200496849|1807028182777085409027281782656361994788892895912011927199304249508620382426|1
({row.record_id},){row.reportingPeriod},({row.organizationalBoundary},){row.emissionFactorVersion},({row.company_hash},){row.emissionThreshold},({row.zk_is_eligible},){row.attestation_commitment},9504859585621917698172677249764624940986046100045227916972341674663896511326|14090841022109075868520361958909780283212512322804247661099693404820628927543|1
({row.record_id},){row.reportingPeriod},({row.organizationalBoundary},){row.emissionFactorVersion},({row.company_hash},){row.emissionThreshold},({row.zk_is_eligible},){row.attestation_commitment},17485018857127846344237999451570411082215893516179963267905568200888736439284|14536043443339891181340499968100821725204333331766066351867769082077226715353|1
({row.record_id},){row.reportingPeriod},({row.organizationalBoundary},){row.emissionFactorVersion},({row.company_hash},){row.emissionThreshold},({row.zk_is_eligible},){row.attestation_commitment},14998057326254235159088670976082724004757144717227707759060579242239471209405|3541620750443198587355164691935858207464933139090067373253450787555096124982|1
({row.record_id},){row.reportingPeriod},({row.organizationalBoundary},){row.emissionFactorVersion},({row.company_hash},){row.emissionThreshold},({row.zk_is_eligible},){row.attestation_commitment},4248703567629358556247802679848081802175369061600203753307806714085219698220|15387385508225142987528499596721458345378076886505306505195539422901417682971|1
({row.record_id},){row.reportingPeriod},({row.organizationalBoundary},){row.emissionFactorVersion},({row.company_hash},){row.emissionThreshold},({row.zk_is_eligible},){row.attestation_commitment},17640313842108055688095009550418014621968280729811294335092736802525700436660|4609390791007292534479371196324564733569635359697358616393257118532182287880|1
({row.record_id},){row.reportingPeriod},({row.organizationalBoundary},){row.emissionFactorVersion},({row.company_hash},){row.emissionThreshold},({row.zk_is_eligible},){row.attestation_commitment},12153068042403259597731258049964567724678405333222642238045463882370769956340|4712433863241942671475743054600704695854681081617278023301369892264138140893|1
({row.record_id},){row.reportingPeriod},({row.organizationalBoundary},){row.emissionFactorVersion},({row.company_hash},){row.emissionThreshold},({row.zk_is_eligible},){row.attestation_commitment},16663648445392854602154153697135075095554949167724611130142863952396186449020|16777817424935270136023672134181465407203625511589550964281280652543327184792|1
({row.record_id},){row.reportingPeriod},({row.organizationalBoundary},){row.emissionFactorVersion},({row.company_hash},){row.emissionThreshold},({row.zk_is_eligible},){row.attestation_commitment},4026644783712645245729624758016885577957699433912009989134241104865536989771|9916160351395421904612960273112598317024123253766788351773815127340623439132|1
({row.record_id},){row.reportingPeriod},({row.organizationalBoundary},){row.emissionFactorVersion},({row.company_hash},){row.emissionThreshold},({row.zk_is_eligible},){row.attestation_commitment},14809459204725410644805997001317751772498909337221785258308195767439046948710|16071338305513360883105586876814119277033905961643478511921815113559653273602|1
({row.record_id},){row.reportingPeriod},({row.organizationalBoundary},){row.emissionFactorVersion},({row.company_hash},){row.emissionThreshold},({row.zk_is_eligible},){row.attestation_commitment},10933653056271838492340688613660744466413438587138561717312756834024039534931|2794345529996398396665719886296586366351045045871338997031058422583234549383|1
({row.record_id},){row.reportingPeriod},({row.organizationalBoundary},){row.emissionFactorVersion},({row.company_hash},){row.emissionThreshold},({row.zk_is_eligible},){row.attestation_commitment},2709297028453863761863922897798747856714759701969869712628757359622368823459|1007074819758943450507407562469754211282030651077951926842532361615197776848|1
({row.record_id},){row.reportingPeriod},({row.organizationalBoundary},){row.emissionFactorVersion},({row.company_hash},){row.emissionThreshold},({row.zk_is_eligible},){row.attestation_commitment},11837231834824971893615956554352344818512378678946747903851939378106053252748|5565848432734059581170051814575487239722529462081052809058537865559177558705|1
({row.record_id},){row.reportingPeriod},({row.organizationalBoundary},){row.emissionFactorVersion},({row.company_hash},){row.emissionThreshold},({row.zk_is_eligible},){row.attestation_commitment},7664012954091655656996754567107693556820566821313176659293383217064597196026|9723080181170643136880599943103093464367881909729504104394408210691430143262|1
({row.record_id},){row.reportingPeriod},({row.organizationalBoundary},){row.emissionFactorVersion},({row.company_hash},){row.emissionThreshold},({row.zk_is_eligible},){row.attestation_commitment},19995637083329946657830715371632187914040472907460131780502698983650058938909|20371020247228550773036349889538654746698676888422980602430809474012553540231|1
({row.record_id},){row.reportingPeriod},({row.organizationalBoundary},){row.emissionFactorVersion},({row.company_hash},){row.emissionThreshold},({row.zk_is_eligible},){row.attestation_commitment},21136677141652208111928677748629289310338390581663347510243782081174370270774|18699986990315417852975753144035604720101283831402918562038035150814297095804|1
({row.record_id},){row.reportingPeriod},({row.organizationalBoundary},){row.emissionFactorVersion},({row.company_hash},){row.emissionThreshold},({row.zk_is_eligible},){row.attestation_commitment},10033013468450438405483060268733243955374231019750673722140695683566196359241|7402583694444910702922234253544240962930542152807098505245808411526609852957|1
({row.record_id},){row.reportingPeriod},({row.organizationalBoundary},){row.emissionFactorVersion},({row.company_hash},){row.emissionThreshold},({row.zk_is_eligible},){row.attestation_commitment},7121568265114934536882954979474722515851255584846123141193758276133625372056|2837471142067966206287694147963949953336846166708735342348799138418203224210|1
({row.record_id},){row.reportingPeriod},({row.organizationalBoundary},){row.emissionFactorVersion},({row.company_hash},){row.emissionThreshold},({row.zk_is_eligible},){row.attestation_commitment},14337256457552185140282641360776720167769117447696373574418297579251763440323|16188704381894818530341170602448110029134870908778130117534083942430051268216|1
({row.record_id},){row.reportingPeriod},({row.organizationalBoundary},){row.emissionFactorVersion},({row.company_hash},){row.emissionThreshold},({row.zk_is_eligible},){row.attestation_commitment},5555306961118105376501033424520584451537723951005873298302515871599791478681|21819373781008870251822462156389498399351296437162914179551075175465564612213|1
({row.record_id},){row.reportingPeriod},({row.organizationalBoundary},){row.emissionFactorVersion},({row.company_hash},){row.emissionThreshold},({row.zk_is_eligible},){row.attestation_commitment},12640427385719498385828575890194843097375952183569438199749526043508810009739|20419777641177483871276142541908303730382267066212492705284455666992905996536|1
({row.record_id},){row.reportingPeriod},({row.organizationalBoundary},){row.emissionFactorVersion},({row.company_hash},){row.emissionThreshold},({row.zk_is_eligible},){row.attestation_commitment},21514546364286603014133660511688864872492503231919210896233851240631822079802|15862564025085899968039005017522681219588960210091023628914509637438194853747|1
({row.record_id},){row.reportingPeriod},({row.organizationalBoundary},){row.emissionFactorVersion},({row.company_hash},){row.emissionThreshold},({row.zk_is_eligible},){row.attestation_commitment},20471817398445811612748994249363006510128499580843260799482266714820350033334|18899023893885342203537304403799497412875483825481294213981244046106823859219|1
({row.record_id},){row.reportingPeriod},({row.organizationalBoundary},){row.emissionFactorVersion},({row.company_hash},){row.emissionThreshold},({row.zk_is_eligible},){row.attestation_commitment},8540409060359148358324185803413896087731086645637254876626430906381225966060|6455508738083202706775596302252424774411095638072396111177619799117450633782|1
({row.record_id},){row.reportingPeriod},({row.organizationalBoundary},){row.emissionFactorVersion},({row.company_hash},){row.emissionThreshold},({row.zk_is_eligible},){row.attestation_commitment},8002251234959443571965992887526245271631819178420337804671860374901035353843|12613830583293590113023594240671081493253337942747970551453057466650581017912|1
({row.record_id},){row.reportingPeriod},({row.organizationalBoundary},){row.emissionFactorVersion},({row.company_hash},){row.emissionThreshold},({row.zk_is_eligible},){row.attestation_commitment},2079578968165201951521061573046602067087177330585510717551693802360109037091|5862594888126974647395825259543920771951504834598676233225578421346897351239|1
({row.record_id},){row.reportingPeriod},({row.organizationalBoundary},){row.emissionFactorVersion},({row.company_hash},){row.emissionThreshold},({row.zk_is_eligible},){row.attestation_commitment},11735656360484843389162598578111568670973741367649651130919356062687803014043|7835510237437371208151680321611073812025272686473797559626373744051913164915|1
({row.record_id},){row.reportingPeriod},({row.organizationalBoundary},){row.emissionFactorVersion},({row.company_hash},){row.emissionThreshold},({row.zk_is_eligible},){row.attestation_commitment},9320479735268865956511546067370145809605929453848279300092342260988894914658|18283553353037817353873485320902002340395359009723472046287392473532049198806|1
({row.record_id},){row.reportingPeriod},({row.organizationalBoundary},){row.emissionFactorVersion},({row.company_hash},){row.emissionThreshold},({row.zk_is_eligible},){row.attestation_commitment},2894463534495273815158869561413613695754304871598595636047899458344857468486|4677352002013264647480254442733905494081531672787197582542712147771422267820|1
({row.record_id},){row.reportingPeriod},({row.organizationalBoundary},){row.emissionFactorVersion},({row.company_hash},){row.emissionThreshold},({row.zk_is_eligible},){row.attestation_commitment},3554569286552880883076374073486451722570606172915922595718050053311253975338|6980952819613800736296022777258424373277440386238959547128959632645782952801|1
({row.record_id},){row.reportingPeriod},({row.organizationalBoundary},){row.emissionFactorVersion},({row.company_hash},){row.emissionThreshold},({row.zk_is_eligible},){row.attestation_commitment},16204284935608736079698750538664815372802849506691894811490017056110271644433|20070271343321947903380871585853899190446804082690718769606933459063003767515|1
({row.record_id},){row.reportingPeriod},({row.organizationalBoundary},){row.emissionFactorVersion},({row.company_hash},){row.emissionThreshold},({row.zk_is_eligible},){row.attestation_commitment},12090825054803604382667956560373025696251866150375941972909046888925767979579|9539244450017065066923466855454957678755772626676425316702231014681596810998|1
({row.record_id},){row.reportingPeriod},({row.organizationalBoundary},){row.emissionFactorVersion},({row.company_hash},){row.emissionThreshold},({row.zk_is_eligible},){row.attestation_commitment},7904553656671237902536004098133805355385665969794349182001168095495563731669|3140319528210981601945067636243280140994842479023948736902904444705224372253|1
({row.record_id},){row.reportingPeriod},({row.organizationalBoundary},){row.emissionFactorVersion},({row.company_hash},){row.emissionThreshold},({row.zk_is_eligible},){row.attestation_commitment},12983354636764528367076734972587380812694942898683593998460530040770632666993|17385615029238489236401175749910568871602194139621282020920871577362217799123|1
({row.record_id},){row.reportingPeriod},({row.organizationalBoundary},){row.emissionFactorVersion},({row.company_hash},){row.emissionThreshold},({row.zk_is_eligible},){row.attestation_commitment},3457260050612448769682005624603726400315077758151173617752029177317269487646|17515805212627721230901434532862040296843684149920584666636928270618879145932|1
({row.record_id},){row.reportingPeriod},({row.organizationalBoundary},){row.emissionFactorVersion},({row.company_hash},){row.emissionThreshold},({row.zk_is_eligible},){row.attestation_commitment},14161822234085506059190704879627302816149642364218496479472667598664841018496|446249986825852801818108912631169910316576079830741587332204944457597300544|1
({row.record_id},){row.reportingPeriod},({row.organizationalBoundary},){row.emissionFactorVersion},({row.company_hash},){row.emissionThreshold},({row.zk_is_eligible},){row.attestation_commitment},20472518397921699102161732380322489641119040999807095359144775392330416733077|8138586025073036807077329970101676432804789084294149624504593285928234868670|1
({row.record_id},){row.reportingPeriod},({row.organizationalBoundary},){row.emissionFactorVersion},({row.company_hash},){row.emissionThreshold},({row.zk_is_eligible},){row.attestation_commitment},17169664604486960124952247803757612525020634303683840318144882474588128236783|14352447263102881753412199201305347590935170754698926873051902902171112987970|1
({row.record_id},){row.reportingPeriod},({row.organizationalBoundary},){row.emissionFactorVersion},({row.company_hash},){row.emissionThreshold},({row.zk_is_eligible},){row.attestation_commitment},2110662375879560945914810084182524221570397946635835832627992747719405310026|13741961468902136720479391075554412605778048069256661126771283785697971322168|1
({row.record_id},){row.reportingPeriod},({row.organizationalBoundary},){row.emissionFactorVersion},({row.company_hash},){row.emissionThreshold},({row.zk_is_eligible},){row.attestation_commitment},12913864239431992012345858806945835059234256131358737342220851370614668581876|19946613666079874402392342944839747789451436048760472043136430815979433920132|1
({row.record_id},){row.reportingPeriod},({row.organizationalBoundary},){row.emissionFactorVersion},({row.company_hash},){row.emissionThreshold},({row.zk_is_eligible},){row.attestation_commitment},8821235244295010189059967068473136110686344582859796929146030427145385752828|9525316315307446208316117886724839770744402144065431967543365236534925117311|1
({row.record_id},){row.reportingPeriod},({row.organizationalBoundary},){row.emissionFactorVersion},({row.company_hash},){row.emissionThreshold},({row.zk_is_eligible},){row.attestation_commitment},6648428406210030148021387083586625416116249822613789380254005744860051572587|14352033324912750848961213500465848934871989931273171316438610000869476506896|1
({row.record_id},){row.reportingPeriod},({row.organizationalBoundary},){row.emissionFactorVersion},({row.company_hash},){row.emissionThreshold},({row.zk_is_eligible},){row.attestation_commitment},8352373798783902379693568726173165505278091515546698783160348715099434042176|10543059728049067696353054687006491496946052861001444617279217832731303296791|1
({row.record_id},){row.reportingPeriod},({row.organizationalBoundary},){row.emissionFactorVersion},({row.company_hash},){row.emissionThreshold},({row.zk_is_eligible},){row.attestation_commitment},7434714031295003214426006068455004255121639102303622385109949864113288804818|9019197439683868309289827776126418248595037699205276250631103546483450532135|1
({row.record_id},){row.reportingPeriod},({row.organizationalBoundary},){row.emissionFactorVersion},({row.company_hash},){row.emissionThreshold},({row.zk_is_eligible},){row.attestation_commitment},11319812331732887559672987086146091197765403669188075996349419210603491012574|1769051831870721161501136244712265888216207137336168104512977405703766914472|1
({row.record_id},){row.reportingPeriod},({row.organizationalBoundary},){row.emissionFactorVersion},({row.company_hash},){row.emissionThreshold},({row.zk_is_eligible},){row.attestation_commitment},18228146697581753257854990179916168626890709960653327602533368774967971763440|10381669250488459867401315150005225171664512081626318565066641290871741568859|1
({row.record_id},){row.reportingPeriod},({row.organizationalBoundary},){row.emissionFactorVersion},({row.company_hash},){row.emissionThreshold},({row.zk_is_eligible},){row.attestation_commitment},3901353918634428741138682530682575725868706994175187569980322701479390351980|2616684158773355865323875111613142583800100349570028481659237140005220443089|1
({row.record_id},){row.reportingPeriod},({row.organizationalBoundary},){row.emissionFactorVersion},({row.company_hash},){row.emissionThreshold},({row.zk_is_eligible},){row.attestation_commitment},16295401808257791924269278130265647655984072176858670507536092893441238843553|200313715478250905466972894209521944658863817469722975387747288035461159709|1
({row.record_id},){row.reportingPeriod},({row.organizationalBoundary},){row.emissionFactorVersion},({row.company_hash},){row.emissionThreshold},({row.zk_is_eligible},){row.attestation_commitment},20503455279661806021836751031372806299461718638795808522004982951418012166495|20897294586979841470658872215051889606246310405309546087244850441414432969297|1
({row.record_id},){row.reportingPeriod},({row.organizationalBoundary},){row.emissionFactorVersion},({row.company_hash},){row.emissionThreshold},({row.zk_is_eligible},){row.attestation_commitment},17179422855491743109374790262923930874828342227626878068127719176240842638755|21249055092133360301673067199366411933854612779867575898523567118745562435601|1
({row.record_id},){row.reportingPeriod},({row.organizationalBoundary},){row.emissionFactorVersion},({row.company_hash},){row.emissionThreshold},({row.zk_is_eligible},){row.attestation_commitment},5859437072052569963607068716746128554886793587465957826209300325609761940433|7990307105670146489627444626649244928831825687559104762213275764688711525663|1
({row.record_id},){row.reportingPeriod},({row.organizationalBoundary},){row.emissionFactorVersion},({row.company_hash},){row.emissionThreshold},({row.zk_is_eligible},){row.attestation_commitment},5751302896510351025420635474335736930357933089117588093994887398574275865947|7254754108001971002816579053402941692410407239873513647361885211328573537404|1
({row.record_id},){row.reportingPeriod},({row.organizationalBoundary},){row.emissionFactorVersion},({row.company_hash},){row.emissionThreshold},({row.zk_is_eligible},){row.attestation_commitment},14436787244752932865405567090082758061439504360745041229557592764052897847638|156701414433358862946851983965777358189358126317449083228952838782500861319|1
({row.record_id},){row.reportingPeriod},({row.organizationalBoundary},){row.emissionFactorVersion},({row.company_hash},){row.emissionThreshold},({row.zk_is_eligible},){row.attestation_commitment},13621403094377837291253984312787960715848309671391936166833662831989864786699|20889567727667287251300147062174242972291790198014319551314599992231728606752|1
({row.record_id},){row.reportingPeriod},({row.organizationalBoundary},){row.emissionFactorVersion},({row.company_hash},){row.emissionThreshold},({row.zk_is_eligible},){row.attestation_commitment},13326469459090454919976095559510472400823678070775493240764923871747756381556|18633783059062688992478122564103353775842901323252370653406500263090217518066|1
({row.record_id},){row.reportingPeriod},({row.organizationalBoundary},){row.emissionFactorVersion},({row.company_hash},){row.emissionThreshold},({row.zk_is_eligible},){row.attestation_commitment},8952210297240129676734582163230268277548981323131170663581283891462512803468|6222798362369776309019995891618252120097573906533580048273885015401604449692|1
({row.record_id},){row.reportingPeriod},({row.organizationalBoundary},){row.emissionFactorVersion},({row.company_hash},){row.emissionThreshold},({row.zk_is_eligible},){row.attestation_commitment},39779064223855843638990475860162100429143243455949106105772570184139010038|14239878633639597328118518580455347504194349157484733507988152623758785106396|1
({row.record_id},){row.reportingPeriod},({row.organizationalBoundary},){row.emissionFactorVersion},({row.company_hash},){row.emissionThreshold},({row.zk_is_eligible},){row.attestation_commitment},10174955459929773378909729329303264858045533947516479716604835568320281617335|1033789342396989941956055502374245728569440515966861346708475151618968104580|1
({row.record_id},){row.reportingPeriod},({row.organizationalBoundary},){row.emissionFactorVersion},({row.company_hash},){row.emissionThreshold},({row.zk_is_eligible},){row.attestation_commitment},13445940324052910866682311597034412856640186155654262269305257613901688756746|19618699267561928945744054830898095705350638162243344276111375762950829115700|1
({row.record_id},){row.reportingPeriod},({row.organizationalBoundary},){row.emissionFactorVersion},({row.company_hash},){row.emissionThreshold},({row.zk_is_eligible},){row.attestation_commitment},19199614835794083514066147419870052381861148323978863547057437277323972520533|21029890405584057847129483828612725684038055881101733145217706878196862337520|1
({row.record_id},){row.reportingPeriod},({row.organizationalBoundary},){row.emissionFactorVersion},({row.company_hash},){row.emissionThreshold},({row.zk_is_eligible},){row.attestation_commitment},17354540630680692769223433183768642001195273523728491028971236442509665781891|18403215166805589351471928159722551253881443153432967700539100361256668809498|1
({row.record_id},){row.reportingPeriod},({row.organizationalBoundary},){row.emissionFactorVersion},({row.company_hash},){row.emissionThreshold},({row.zk_is_eligible},){row.attestation_commitment},2293844629520932633300696568770942264297793375602543187100141004314488093642|16137510112078870482019370091733033281859926304029645356268960048485807641905|1
({row.record_id},){row.reportingPeriod},({row.organizationalBoundary},){row.emissionFactorVersion},({row.company_hash},){row.emissionThreshold},({row.zk_is_eligible},){row.attestation_commitment},11195669217648552858770610876858376109216864476852727982780887731196984858115|16320561350238005513376196256785183219852884126003440259078827321931488381868|1
({row.record_id},){row.reportingPeriod},({row.organizationalBoundary},){row.emissionFactorVersion},({row.company_hash},){row.emissionThreshold},({row.zk_is_eligible},){row.attestation_commitment},6675212372711084922296044915937675266760898998800422789056984500225100600406|19988515855187793945131773505081954407590691157325532156230644644549680745955|1
({row.record_id},){row.reportingPeriod},({row.organizationalBoundary},){row.emissionFactorVersion},({row.company_hash},){row.emissionThreshold},({row.zk_is_eligible},){row.attestation_commitment},4193205483719620080060898411118936881746045177184520939871861992787557285730|1561959527041541049255072142109642861284995055911608045862782889867592459737|1
({row.record_id},){row.reportingPeriod},({row.organizationalBoundary},){row.emissionFactorVersion},({row.company_hash},){row.emissionThreshold},({row.zk_is_eligible},){row.attestation_commitment},1473380301422191460237416423369118824239670897746921222982449244151163602857|19679695860520536279038189647620544406460663295897583845526630536160535535355|1
({row.record_id},){row.reportingPeriod},({row.organizationalBoundary},){row.emissionFactorVersion},({row.company_hash},){row.emissionThreshold},({row.zk_is_eligible},){row.attestation_commitment},17536359634662278383535362803312037825693846867327035826661566865677662916526|1063427885210737788990925603960026297880453120231901210001495423796936163600|1
({row.record_id},){row.reportingPeriod},({row.organizationalBoundary},){row.emissionFactorVersion},({row.company_hash},){row.emissionThreshold},({row.zk_is_eligible},){row.attestation_commitment},21305188293553605089479023920641418221813582278683810942260928835820969553506|17533411212050758683458169167344553862537778265462085872843857133411891464817|1
({row.record_id},){row.reportingPeriod},({row.organizationalBoundary},){row.emissionFactorVersion},({row.company_hash},){row.emissionThreshold},({row.zk_is_eligible},){row.attestation_commitment},16933179722186476194736968858487600166719728363835220518045187201986084192775|1898629546793988397555958268832750294451731936212374856190111547875822636349|1
({row.record_id},){row.reportingPeriod},({row.organizationalBoundary},){row.emissionFactorVersion},({row.company_hash},){row.emissionThreshold},({row.zk_is_eligible},){row.attestation_commitment},11152860493760659334478501810257993065305080467902155132515900872923635918598|13053934037630338847705016382154763593414700810498515843075789563072456277031|1
({row.record_id},){row.reportingPeriod},({row.organizationalBoundary},){row.emissionFactorVersion},({row.company_hash},){row.emissionThreshold},({row.zk_is_eligible},){row.attestation_commitment},10418029602297879206225104445490493874365677376569082651418041193866106756432|3607413662365846589036141265570196562941077177279060143135022503344731219994|1
({row.record_id},){row.reportingPeriod},({row.organizationalBoundary},){row.emissionFactorVersion},({row.company_hash},){row.emissionThreshold},({row.zk_is_eligible},){row.attestation_commitment},239107092460011208423260290698154312802824537892388331426553076390121944390|3647627208856360896094485982968218291172582414537398682283828503661410217162|1
({row.record_id},){row.reportingPeriod},({row.organizationalBoundary},){row.emissionFactorVersion},({row.company_hash},){row.emissionThreshold},({row.zk_is_eligible},){row.attestation_commitment},21369342827270464640098591011243771247347213131310103015552350208458756408987|5634507087349466006649554188224300333061150455586696791414407097486476324379|1
({row.record_id},){row.reportingPeriod},({row.organizationalBoundary},){row.emissionFactorVersion},({row.company_hash},){row.emissionThreshold},({row.zk_is_eligible},){row.attestation_commitment},13725814876965289454357199771687304355775922327691916712631939786599574938599|2107638750395154997015112209633034119633023637684465285673290674501133002110|1
({row.record_id},){row.reportingPeriod},({row.organizationalBoundary},){row.emissionFactorVersion},({row.company_hash},){row.emissionThreshold},({row.zk_is_eligible},){row.attestation_commitment},19722690594010120132218984916449743162174008171933255984560306304939986068971|18720008551934585204981287958719160036609327358394921433178372052535093737920|1
({row.record_id},){row.reportingPeriod},({row.organizationalBoundary},){row.emissionFactorVersion},({row.company_hash},){row.emissionThreshold},({row.zk_is_eligible},){row.attestation_commitment},11533552254151744043227426991857077045873625042376399899439606259410232730395|10597614345620467319879804440093741159904069155153264872317773030662627011366|1
({row.record_id},){row.reportingPeriod},({row.organizationalBoundary},){row.emissionFactorVersion},({row.company_hash},){row.emissionThreshold},({row.zk_is_eligible},){row.attestation_commitment},13147405657894674053106167931832940079945467236205722350164033980873350563|15188764065096719990505806924748752173544543724385349636541226597193885625050|1
({row.record_id},){row.reportingPeriod},({row.organizationalBoundary},){row.emissionFactorVersion},({row.company_hash},){row.emissionThreshold},({row.zk_is_eligible},){row.attestation_commitment},20343333144637177713082899280063025999239353926565740361964683901749658943679|17967616677123578816035021090821538248556845053718554239413003081741043315818|1
({row.record_id},){row.reportingPeriod},({row.organizationalBoundary},){row.emissionFactorVersion},({row.company_hash},){row.emissionThreshold},({row.zk_is_eligible},){row.attestation_commitment},5737105732692231853756349385221423415016974418384097335781164978010911539873|12286307660926857436735306692386590602919238063228892096698149972656293742756|1
({row.record_id},){row.reportingPeriod},({row.organizationalBoundary},){row.emissionFactorVersion},({row.company_hash},){row.emissionThreshold},({row.zk_is_eligible},){row.attestation_commitment},14426931974909121871310221810409250092518459210895593768587524204821476706418|12192362962019344479752237641059057620205429908129887100408418713468018921128|1
({row.record_id},){row.reportingPeriod},({row.organizationalBoundary},){row.emissionFactorVersion},({row.company_hash},){row.emissionThreshold},({row.zk_is_eligible},){row.attestation_commitment},8318139965499075830721030069363049704991692874659617018507687794792345252017|10511407572078278862542042036043174805202998139273797233307450692334074354000|1
({row.record_id},){row.reportingPeriod},({row.organizationalBoundary},){row.emissionFactorVersion},({row.company_hash},){row.emissionThreshold},({row.zk_is_eligible},){row.attestation_commitment},5489218536714608010268232349285848781666287654371178698280010614570292856366|4325241760875980401334520211739808580078474453416678189216034699221456749|1
({row.record_id},){row.reportingPeriod},({row.organizationalBoundary},){row.emissionFactorVersion},({row.company_hash},){row.emissionThreshold},({row.zk_is_eligible},){row.attestation_commitment},7073068726613350462173465526200945501423110378175943612841613242891064657027|6109037587018611720236738308272155092709585649989192907485702780131148699004|1
({row.record_id},){row.reportingPeriod},({row.organizationalBoundary},){row.emissionFactorVersion},({row.company_hash},){row.emissionThreshold},({row.zk_is_eligible},){row.attestation_commitment},9575522291581835263393353727163320428561289363120160322102229821204629473442|12943125265417879358823832525322142405015757144139571588178417741737478413240|1
({row.record_id},){row.reportingPeriod},({row.organizationalBoundary},){row.emissionFactorVersion},({row.company_hash},){row.emissionThreshold},({row.zk_is_eligible},){row.attestation_commitment},18051241152538070349732743557592625780706134539176578667307664149587003182291|8986789528925068707698001028551085608853952362532790295872869279752197366946|1
({row.record_id},){row.reportingPeriod},({row.organizationalBoundary},){row.emissionFactorVersion},({row.company_hash},){row.emissionThreshold},({row.zk_is_eligible},){row.attestation_commitment},914212588416909711444767205290202756291665547410921849297109939417711686427|4831452388365816169544781665736612938100491446504761887694167113864747593007|1
({row.record_id},){row.reportingPeriod},({row.organizationalBoundary},){row.emissionFactorVersion},({row.company_hash},){row.emissionThreshold},({row.zk_is_eligible},){row.attestation_commitment},17882316469542650898577345815981971965063110926077997155299765694949556055712|11012517047360534984758728852003535851015502142637461644597947273975250656018|1
({row.record_id},){row.reportingPeriod},({row.organizationalBoundary},){row.emissionFactorVersion},({row.company_hash},){row.emissionThreshold},({row.zk_is_eligible},){row.attestation_commitment},1148414462577151413526263263791408273679486348237758497556822863311238832394|11751806636821597984050045754499930796155059779935622470189642026289625707600|1
({row.record_id},){row.reportingPeriod},({row.organizationalBoundary},){row.emissionFactorVersion},({row.company_hash},){row.emissionThreshold},({row.zk_is_eligible},){row.attestation_commitment},17351869948515310348186021530998244188247678960316260916032318791652670412003|9131159331287179228676758126066550077037513546969945943926743112922331184204|1
({row.record_id},){row.reportingPeriod},({row.organizationalBoundary},){row.emissionFactorVersion},({row.company_hash},){row.emissionThreshold},({row.zk_is_eligible},){row.attestation_commitment},19138956280592583407122483921226065552469728840079696213923181540073988479725|13806306868925769667698759120436556744689746582986893337368110237407967496483|1
({row.record_id},){row.reportingPeriod},({row.organizationalBoundary},){row.emissionFactorVersion},({row.company_hash},){row.emissionThreshold},({row.zk_is_eligible},){row.attestation_commitment},16676368312254849088846042282600177586710426732025936981864578031630762556899|8648552385894568849883251393490466856518111303146223710210076049785880183684|1
({row.record_id},){row.reportingPeriod},({row.organizationalBoundary},){row.emissionFactorVersion},({row.company_hash},){row.emissionThreshold},({row.zk_is_eligible},){row.attestation_commitment},16416541402032274165535025759414425909488830304086697323809999432360225438784|7471353875327724124130103188739293789457782128393112206674705436045672504663|1
({row.record_id},){row.reportingPeriod},({row.organizationalBoundary},){row.emissionFactorVersion},({row.company_hash},){row.emissionThreshold},({row.zk_is_eligible},){row.attestation_commitment},4530082163085048692042293060347864462264510419224402003887687534348636843526|14302280318895626305750204295115000705386076984739103009548001692013527390434|1
({row.record_id},){row.reportingPeriod},({row.organizationalBoundary},){row.emissionFactorVersion},({row.company_hash},){row.emissionThreshold},({row.zk_is_eligible},){row.attestation_commitment},10147235789423968208352665329152589510309007746747389911039226089114977666935|13134515012570067421018809736523279567048601155739734838868649914698520536596|1
({row.record_id},){row.reportingPeriod},({row.organizationalBoundary},){row.emissionFactorVersion},({row.company_hash},){row.emissionThreshold},({row.zk_is_eligible},){row.attestation_commitment},8842835628948878739426092946788680595750920749823792766907767651804443298896|3025247289761069634636444496559513486524795701045029666345731836276561800912|1
({row.record_id},){row.reportingPeriod},({row.organizationalBoundary},){row.emissionFactorVersion},({row.company_hash},){row.emissionThreshold},({row.zk_is_eligible},){row.attestation_commitment},20846971486265195500543483175695947755118809627420263619907249284156183056359|17705932840551651817056041955394400104707921714928855300743421152993730578171|1
({row.record_id},){row.reportingPeriod},({row.organizationalBoundary},){row.emissionFactorVersion},({row.company_hash},){row.emissionThreshold},({row.zk_is_eligible},){row.attestation_commitment},13746955970989122825641261556764334623954713020825594741656681087412787669382|20968734704433142542892588332077370373305904729566870025598691248091654853926|1
({row.record_id},){row.reportingPeriod},({row.organizationalBoundary},){row.emissionFactorVersion},({row.company_hash},){row.emissionThreshold},({row.zk_is_eligible},){row.attestation_commitment},18983842809699948083447495944557660877445104287001850023701123388438901318695|9804656122182438599646683177139107990842445900020614788110009402570172825620|1
({row.record_id},){row.reportingPeriod},({row.organizationalBoundary},){row.emissionFactorVersion},({row.company_hash},){row.emissionThreshold},({row.zk_is_eligible},){row.attestation_commitment},13822142409681736592077289778005727669110705405874284459622034577090318336587|10830368133884518213786206928717159827815875787227544707370455010026251864514|1
({row.record_id},){row.reportingPeriod},({row.organizationalBoundary},){row.emissionFactorVersion},({row.company_hash},){row.emissionThreshold},({row.zk_is_eligible},){row.attestation_commitment},15333451287495450598079983635070466862767376157950458530704125339516788000608|4950669696611815062940897390076888118722863383801407024234801118783019338671|1
({row.record_id},){row.reportingPeriod},({row.organizationalBoundary},){row.emissionFactorVersion},({row.company_hash},){row.emissionThreshold},({row.zk_is_eligible},){row.attestation_commitment},16312680659074737074867168849647434682585249663595885832712150852185361280683|16358387631227225006669701430147572793741168652902288579251909284129056658026|1
({row.record_id},){row.reportingPeriod},({row.organizationalBoundary},){row.emissionFactorVersion},({row.company_hash},){row.emissionThreshold},({row.zk_is_eligible},){row.attestation_commitment},9513807498718630252056312058251348996310090920085616580543654697628929584981|7746730847184547497939618174322967099903607360114414793483555940251401660276|1
({row.record_id},){row.reportingPeriod},({row.organizationalBoundary},){row.emissionFactorVersion},({row.company_hash},){row.emissionThreshold},({row.zk_is_eligible},){row.attestation_commitment},15722348482572727790032694175515203997515226204559305663833241828881724047547|3552635999495615297032447099663962802292647869790846080805845259735588638666|1
({row.record_id},){row.reportingPeriod},({row.organizationalBoundary},){row.emissionFactorVersion},({row.company_hash},){row.emissionThreshold},({row.zk_is_eligible},){row.attestation_commitment},5180398534680193942404034540228050544958190834066674381447344008230119680798|19720683509174015113915600757242705571477718828353337174717148266634058694307|1
({row.record_id},){row.reportingPeriod},({row.organizationalBoundary},){row.emissionFactorVersion},({row.company_hash},){row.emissionThreshold},({row.zk_is_eligible},){row.attestation_commitment},19861398535724844408930250096990317214003729445444263325016299882363206621018|926457940876671370919669450259135983390427092762525981879381262271490149762|1
({row.record_id},){row.reportingPeriod},({row.organizationalBoundary},){row.emissionFactorVersion},({row.company_hash},){row.emissionThreshold},({row.zk_is_eligible},){row.attestation_commitment},14256150107410458173449022694506218260101929952873698474028208014977934547799|340619484684158180862173136953576127088350598270617440797852282894922124262|1
({row.record_id},){row.reportingPeriod},({row.organizationalBoundary},){row.emissionFactorVersion},({row.company_hash},){row.emissionThreshold},({row.zk_is_eligible},){row.attestation_commitment},3151185336515843101057551622354162368073156550839644772582773880275018952581|2151410189086937376512639710974138009815085380087330210800506188029176371692|1
({row.record_id},){row.reportingPeriod},({row.organizationalBoundary},){row.emissionFactorVersion},({row.company_hash},){row.emissionThreshold},({row.zk_is_eligible},){row.attestation_commitment},2843252727417139275406350301166063764411235692245755938260153174977745833031|8292299847225775301571541958105399314529249559885436985173912077873316498894|1
({row.record_id},){row.reportingPeriod},({row.organizationalBoundary},){row.emissionFactorVersion},({row.company_hash},){row.emissionThreshold},({row.zk_is_eligible},){row.attestation_commitment},20425725148359859872887516834401424407573018874060602772381288119166767600274|20971852743680860082848318580843751495028739494181918375421399551879809980006|1
({row.record_id},){row.reportingPeriod},({row.organizationalBoundary},){row.emissionFactorVersion},({row.company_hash},){row.emissionThreshold},({row.zk_is_eligible},){row.attestation_commitment},8573311759326300394161782124673155055671234497155760081380395422616810220049|20450551375424582784527085574124926885295031107381394104838141691020643760150|1
({row.record_id},){row.reportingPeriod},({row.organizationalBoundary},){row.emissionFactorVersion},({row.company_hash},){row.emissionThreshold},({row.zk_is_eligible},){row.attestation_commitment},55871240029664542558394968118072058422620687490005843488847321304695557713|4009364464345978688463067694986429582950018033585186462230022772286759786254|1
({row.record_id},){row.reportingPeriod},({row.organizationalBoundary},){row.emissionFactorVersion},({row.company_hash},){row.emissionThreshold},({row.zk_is_eligible},){row.attestation_commitment},12382512637046596268129202686446025796534680637133554813239407314895092895011|20460396486725221404442045420454850547515064432383489735149056359740576235738|1
({row.record_id},){row.reportingPeriod},({row.organizationalBoundary},){row.emissionFactorVersion},({row.company_hash},){row.emissionThreshold},({row.zk_is_eligible},){row.attestation_commitment},1127915181015679600127844191573209997741677918550852203190702788645089214100|11431041489777358646870846406887747898402257270389796558886855899952850499438|1
({row.record_id},){row.reportingPeriod},({row.organizationalBoundary},){row.emissionFactorVersion},({row.company_hash},){row.emissionThreshold},({row.zk_is_eligible},){row.attestation_commitment},4209165197607126029531592023907870068623923491516812616227013209845464423965|2969342738846657707687416848448322657383000387043880113218779775330186450212|1
({row.record_id},){row.reportingPeriod},({row.organizationalBoundary},){row.emissionFactorVersion},({row.company_hash},){row.emissionThreshold},({row.zk_is_eligible},){row.attestation_commitment},17040717621696868950517527314557581350316758046550795378257767704857473290567|19465367244166149664637211078970546989137847054748295238691708508550565071271|1
({row.record_id},){row.reportingPeriod},({row.organizationalBoundary},){row.emissionFactorVersion},({row.company_hash},){row.emissionThreshold},({row.zk_is_eligible},){row.attestation_commitment},189435530035801142166786434601599600890907438277608805625487869361780691425|12727119585973915156995993013901968250631397124968683781398170046511957473705|1
({row.record_id},){row.reportingPeriod},({row.organizationalBoundary},){row.emissionFactorVersion},({row.company_hash},){row.emissionThreshold},({row.zk_is_eligible},){row.attestation_commitment},21279091036137994768909768954814346540351864087043306018301314195419452866676|6660881007471859708461526660424563202021320002158400972521822824906520448371|1
({row.record_id},){row.reportingPeriod},({row.organizationalBoundary},){row.emissionFactorVersion},({row.company_hash},){row.emissionThreshold},({row.zk_is_eligible},){row.attestation_commitment},5711168220152088199350329537698130608033742780723397891825201665224036633252|3654147831352142872893095339874491967353827461654269558702263930220810287620|1
({row.record_id},){row.reportingPeriod},({row.organizationalBoundary},){row.emissionFactorVersion},({row.company_hash},){row.emissionThreshold},({row.zk_is_eligible},){row.attestation_commitment},5544963257208291013931480232512904519445247884775695281530821977914501465763|11422425082505805405449029866468012276446137774815571559587856011279450939958|1
({row.record_id},){row.reportingPeriod},({row.organizationalBoundary},){row.emissionFactorVersion},({row.company_hash},){row.emissionThreshold},({row.zk_is_eligible},){row.attestation_commitment},21003757719048255449485854648275559134242291578330886046082964797909643796141|2907473790095537913540635556877216087641061792459404524705769592151872368522|1
({row.record_id},){row.reportingPeriod},({row.organizationalBoundary},){row.emissionFactorVersion},({row.company_hash},){row.emissionThreshold},({row.zk_is_eligible},){row.attestation_commitment},18209658870731169466760658710204418965602327244558849902547162596905631907626|12532379960492164799424172280609129764764371179580070085125964845147962016233|1
({row.record_id},){row.reportingPeriod},({row.organizationalBoundary},){row.emissionFactorVersion},({row.company_hash},){row.emissionThreshold},({row.zk_is_eligible},){row.attestation_commitment},18803940460739061829195207148248309640486647654941177858041936554856629373752|7757114399790190857103542669445050347545298141130851764869703734542172735178|1
({row.record_id},){row.reportingPeriod},({row.organizationalBoundary},){row.emissionFactorVersion},({row.company_hash},){row.emissionThreshold},({row.zk_is_eligible},){row.attestation_commitment},16492125321467038861279661582625567342991472768195899428340771996921141328014|10683498935745159047340699140077200445127480097862332678608765354820713242245|1
({row.record_id},){row.reportingPeriod},({row.organizationalBoundary},){row.emissionFactorVersion},({row.company_hash},){row.emissionThreshold},({row.zk_is_eligible},){row.attestation_commitment},19419298566821741400483449804722096885443737353967793915607128703903311668770|8665586391716379771990314627178316225391219059692715455491206091272393810664|1
({row.record_id},){row.reportingPeriod},({row.organizationalBoundary},){row.emissionFactorVersion},({row.company_hash},){row.emissionThreshold},({row.zk_is_eligible},){row.attestation_commitment},889710564341266740269900902566122480854681435857370175734963379463700774745|13925150894902145046431933038871107966101990894934220079047855747064144054478|1
({row.record_id},){row.reportingPeriod},({row.organizationalBoundary},){row.emissionFactorVersion},({row.company_hash},){row.emissionThreshold},({row.zk_is_eligible},){row.attestation_commitment},16717821799493577422508027368732187203466615884091360941103893710183517655678|18967578496629309537201339419745599822727778481446283991582543386764466665811|1
({row.record_id},){row.reportingPeriod},({row.organizationalBoundary},){row.emissionFactorVersion},({row.company_hash},){row.emissionThreshold},({row.zk_is_eligible},){row.attestation_commitment},15378596138724531224882489815007780489895725612263905934387552607447001248837|4815303245809150230318696914030991003485675897708882618520763031959641551988|1
({row.record_id},){row.reportingPeriod},({row.organizationalBoundary},){row.emissionFactorVersion},({row.company_hash},){row.emissionThreshold},({row.zk_is_eligible},){row.attestation_commitment},12412180980576511006689505916487913217310530919053532940192679162508012872158|6610594138307623679452965914053760283154360509453755370200290918914612315588|1
({row.record_id},){row.reportingPeriod},({row.organizationalBoundary},){row.emissionFactorVersion},({row.company_hash},){row.emissionThreshold},({row.zk_is_eligible},){row.attestation_commitment},19642855192234833206095616981497241758348356344286849636926230255851687783092|18574819517072526563513128127521673692362607077515439548707683332335866469729|1
({row.record_id},){row.reportingPeriod},({row.organizationalBoundary},){row.emissionFactorVersion},({row.company_hash},){row.emissionThreshold},({row.zk_is_eligible},){row.attestation_commitment},16395360657298105179399753064985225280021538523621994656850801060965171201775|16462768762690405941789635931348011748000089747681577105539058488030926078984|1
({row.record_id},){row.reportingPeriod},({row.organizationalBoundary},){row.emissionFactorVersion},({row.company_hash},){row.emissionThreshold},({row.zk_is_eligible},){row.attestation_commitment},8722865991643734042672514908635225300207390932636270481972203184130498526553|6126114710545292135502170008556252567271737412763436026544311813797788519540|1
({row.record_id},){row.reportingPeriod},({row.organizationalBoundary},){row.emissionFactorVersion},({row.company_hash},){row.emissionThreshold},({row.zk_is_eligible},){row.attestation_commitment},16535746130968970524915795637008534589082765506126358743645264562545435188370|14254061557123465307477974152248454359727569208037661594905181575047239990386|1
({row.record_id},){row.reportingPeriod},({row.organizationalBoundary},){row.emissionFactorVersion},({row.company_hash},){row.emissionThreshold},({row.zk_is_eligible},){row.attestation_commitment},15082116768384196913887557440702686319919514233134863007141339031426622955648|17080377766716471648240671763638957541982949835534252851180751472067325370374|1
({row.record_id},){row.reportingPeriod},({row.organizationalBoundary},){row.emissionFactorVersion},({row.company_hash},){row.emissionThreshold},({row.zk_is_eligible},){row.attestation_commitment},2857731106657653955276454749815136254496939408205641113427242431537113794190|19314754260111883022369076944821233734422927977760951025491354508849204411048|1
({row.record_id},){row.reportingPeriod},({row.organizationalBoundary},){row.emissionFactorVersion},({row.company_hash},){row.emissionThreshold},({row.zk_is_eligible},){row.attestation_commitment},6002636006460808580810345346115105801879371024953441477109953552596306806550|6154566109424272984810635818938764865317942081116353571473836126748697592012|1
({row.record_id},){row.reportingPeriod},({row.organizationalBoundary},){row.emissionFactorVersion},({row.company_hash},){row.emissionThreshold},({row.zk_is_eligible},){row.attestation_commitment},13131918945757420407444468674306133481267916528574968919622918127802597744545|19070156623056259571782126376488566053470321584768030380914434174382152683907|1
({row.record_id},){row.reportingPeriod},({row.organizationalBoundary},){row.emissionFactorVersion},({row.company_hash},){row.emissionThreshold},({row.zk_is_eligible},){row.attestation_commitment},13956500464732677176673625194347999936567845498662502068094716109870061513920|9457713641843307398302166571741548836073972707273720959417084503983824153244|1
({row.record_id},){row.reportingPeriod},({row.organizationalBoundary},){row.emissionFactorVersion},({row.company_hash},){row.emissionThreshold},({row.zk_is_eligible},){row.attestation_commitment},12553536953297386573818978722395808934910683267225760407238279264250635013138|14198362628056966312308283289150454847859849374882831945093928368256501816321|1
({row.record_id},){row.reportingPeriod},({row.organizationalBoundary},){row.emissionFactorVersion},({row.company_hash},){row.emissionThreshold},({row.zk_is_eligible},){row.attestation_commitment},14836906523046192586105833016115270678246811369067431499426922974632269293164|20584008401960888764035478343891799675000749963085114140789937294908481605117|1
({row.record_id},){row.reportingPeriod},({row.organizationalBoundary},){row.emissionFactorVersion},({row.company_hash},){row.emissionThreshold},({row.zk_is_eligible},){row.attestation_commitment},17863328409700176483242293977854538862461300640730749817710293553892347244905|14944175569291128125266524292074797675045689491993259779683033139735914168081|1
({row.record_id},){row.reportingPeriod},({row.organizationalBoundary},){row.emissionFactorVersion},({row.company_hash},){row.emissionThreshold},({row.zk_is_eligible},){row.attestation_commitment},3374917632240937296403306370630084482563874078907492512442437551437930550421|12043174901378676542109452459764027375590940540980933510369818515196822782544|1
({row.record_id},){row.reportingPeriod},({row.organizationalBoundary},){row.emissionFactorVersion},({row.company_hash},){row.emissionThreshold},({row.zk_is_eligible},){row.attestation_commitment},4794537692917376144739034216542865099145652724110285679236714876655124575366|7526930654270352499243597757625703897751576016248752862273352401950668252076|1
({row.record_id},){row.reportingPeriod},({row.organizationalBoundary},){row.emissionFactorVersion},({row.company_hash},){row.emissionThreshold},({row.zk_is_eligible},){row.attestation_commitment},5400197886057573983520720945501821078691268889499460470295048724041462812354|18673714884120050767653674221212236249365410049447682908641777918859375301690|1
({row.record_id},){row.reportingPeriod},({row.organizationalBoundary},){row.emissionFactorVersion},({row.company_hash},){row.emissionThreshold},({row.zk_is_eligible},){row.attestation_commitment},19962950564945507663521736778519793532748477962396010533195879077089197324595|5367463241837126803621441864912470566699231691202803294716772235922776844991|1
({row.record_id},){row.reportingPeriod},({row.organizationalBoundary},){row.emissionFactorVersion},({row.company_hash},){row.emissionThreshold},({row.zk_is_eligible},){row.attestation_commitment},1482511883985963820985010070939392592300058884829402619280396515839330531996|11902845448616746111428149851802900491319112317061074122761916715382229480691|1
({row.record_id},){row.reportingPeriod},({row.organizationalBoundary},){row.emissionFactorVersion},({row.company_hash},){row.emissionThreshold},({row.zk_is_eligible},){row.attestation_commitment},3042830996510945258850457657800791178636258753359416488043797735375009489142|12267514659115390448932386290477614749920563297754310429530432439056945266888|1
({row.record_id},){row.reportingPeriod},({row.organizationalBoundary},){row.emissionFactorVersion},({row.company_hash},){row.emissionThreshold},({row.zk_is_eligible},){row.attestation_commitment},4210659646417103413722970225201982563747478469444703308859451263732662757981|10988813098273396125081613099384526679916313881514843170925826143661909651384|1
({row.record_id},){row.reportingPeriod},({row.organizationalBoundary},){row.emissionFactorVersion},({row.company_hash},){row.emissionThreshold},({row.zk_is_eligible},){row.attestation_commitment},20377731742239610234535615774265493187814945085320088258106548816908530049086|13789781541383100971262223114390812879029142980215577500774021267654833605577|1
({row.record_id},){row.reportingPeriod},({row.organizationalBoundary},){row.emissionFactorVersion},({row.company_hash},){row.emissionThreshold},({row.zk_is_eligible},){row.attestation_commitment},15923093423473265348820533285581290457219916409162473256597164948822818866745|13546615044653260173574738022056523967418458976806123879153917640929969312793|1
({row.record_id},){row.reportingPeriod},({row.organizationalBoundary},){row.emissionFactorVersion},({row.company_hash},){row.emissionThreshold},({row.zk_is_eligible},){row.attestation_commitment},13404289913849233712686748752258382935278952857342036346829785402852353748192|978705777812237221431685428260695119957912184095054153057128803126689006151|1
({row.record_id},){row.reportingPeriod},({row.organizationalBoundary},){row.emissionFactorVersion},({row.company_hash},){row.emissionThreshold},({row.zk_is_eligible},){row.attestation_commitment},5749840955174651077555140601177292593832208081820860839786759349122110043620|2423511904646943322630619172682299794326750554078959673862302923891884446210|1
({row.record_id},){row.reportingPeriod},({row.organizationalBoundary},){row.emissionFactorVersion},({row.company_hash},){row.emissionThreshold},({row.zk_is_eligible},){row.attestation_commitment},14596206570491788652144251007374567750972399577403629975065077145379328167453|1766870087848719701401787930457782198570415139743057702652040462135835566891|1
({row.record_id},){row.reportingPeriod},({row.organizationalBoundary},){row.emissionFactorVersion},({row.company_hash},){row.emissionThreshold},({row.zk_is_eligible},){row.attestation_commitment},15584221934309408670095459983310378929765884070795196855759132659877144276723|5133327437195477287853786873348014525582586713052986517388194361625414036183|1
({row.record_id},){row.reportingPeriod},({row.organizationalBoundary},){row.emissionFactorVersion},({row.company_hash},){row.emissionThreshold},({row.zk_is_eligible},){row.attestation_commitment},9799660576044704696605251862297053633985240547149880840227426574190095623710|17448075688900885668428508088747902904995397991908592478888826940587002199401|1
({row.record_id},){row.reportingPeriod},({row.organizationalBoundary},){row.emissionFactorVersion},({row.company_hash},){row.emissionThreshold},({row.zk_is_eligible},){row.attestation_commitment},14902035616474972299730130323327413305820088059752207885924222220620606115669|7763473097789769810817589939911229468262073955536139837950866798522639405663|1
({row.record_id},){row.reportingPeriod},({row.organizationalBoundary},){row.emissionFactorVersion},({row.company_hash},){row.emissionThreshold},({row.zk_is_eligible},){row.attestation_commitment},1041157857438596370986491701502820488274292256681942681546877842150849220390|6885813291517998279967801219460079412312602657607541322951111591537053897832|1
({row.record_id},){row.reportingPeriod},({row.organizationalBoundary},){row.emissionFactorVersion},({row.company_hash},){row.emissionThreshold},({row.zk_is_eligible},){row.attestation_commitment},863995971992707090637010668101844465488679277685391549848404971698965523436|18686094760083589588622080205836433267482817028166611537439106516825725788260|1
({row.record_id},){row.reportingPeriod},({row.organizationalBoundary},){row.emissionFactorVersion},({row.company_hash},){row.emissionThreshold},({row.zk_is_eligible},){row.attestation_commitment},10451320393291337288377047031365219017518954111629728008211543376173107226288|937343137701166351728654115794398987194060110891599798289975318696140617310|1
({row.record_id},){row.reportingPeriod},({row.organizationalBoundary},){row.emissionFactorVersion},({row.company_hash},){row.emissionThreshold},({row.zk_is_eligible},){row.attestation_commitment},8434467365746409428998677264868722196669050365918245738092154057182298999998|15351237110140184593655385223047990835790033158891294669961767870500452465280|1
({row.record_id},){row.reportingPeriod},({row.organizationalBoundary},){row.emissionFactorVersion},({row.company_hash},){row.emissionThreshold},({row.zk_is_eligible},){row.attestation_commitment},5270073191549715794874542487247950016235564404266177551445666648863186781901|219079566446972310598178541152446142152190651092641525646462460566528539555|1
({row.record_id},){row.reportingPeriod},({row.organizationalBoundary},){row.emissionFactorVersion},({row.company_hash},){row.emissionThreshold},({row.zk_is_eligible},){row.attestation_commitment},18495065673229231798182702545932385131508678224936216273229438306748034716|10875950021917131004763674292819773337665975098678169353103085999410186319069|1
({row.record_id},){row.reportingPeriod},({row.organizationalBoundary},){row.emissionFactorVersion},({row.company_hash},){row.emissionThreshold},({row.zk_is_eligible},){row.attestation_commitment},12743913586970762970945723694766693598247768142699138646065118160120462623702|1248748738646261607131702804620363021821610932351711672965455821780049205506|1
({row.record_id},){row.reportingPeriod},({row.organizationalBoundary},){row.emissionFactorVersion},({row.company_hash},){row.emissionThreshold},({row.zk_is_eligible},){row.attestation_commitment},11596032655420710760631103566402861595906782152640703190823820527260195101200|4540623825115718997345328701173690926751557643734017082507588838723386851537|1
({row.record_id},){row.reportingPeriod},({row.organizationalBoundary},){row.emissionFactorVersion},({row.company_hash},){row.emissionThreshold},({row.zk_is_eligible},){row.attestation_commitment},10765857267174440426343416244432335341785999621639188188540777278015065682677|20271587198887024749190250038370259043986588069482954876308527314729666626613|1
({row.record_id},){row.reportingPeriod},({row.organizationalBoundary},){row.emissionFactorVersion},({row.company_hash},){row.emissionThreshold},({row.zk_is_eligible},){row.attestation_commitment},20123523722031118560616306382286973178600998671413489512273484269589976730871|10580668508548197786265880296259463956205061174457914293062243235193600351005|1
({row.record_id},){row.reportingPeriod},({row.organizationalBoundary},){row.emissionFactorVersion},({row.company_hash},){row.emissionThreshold},({row.zk_is_eligible},){row.attestation_commitment},1375209231603274218308585030987083105349187006444713663592880179750775236531|12350402363636928225059307847542931042535365517996413165763852735648373037051|1
({row.record_id},){row.reportingPeriod},({row.organizationalBoundary},){row.emissionFactorVersion},({row.company_hash},){row.emissionThreshold},({row.zk_is_eligible},){row.attestation_commitment},14279564261364124931736242714815956046746000662006368476211225958831288595671|657305392580757155432288672076349720929869473745712042276930472097570868796|1
({row.record_id},){row.reportingPeriod},({row.organizationalBoundary},){row.emissionFactorVersion},({row.company_hash},){row.emissionThreshold},({row.zk_is_eligible},){row.attestation_commitment},9906420692507340660907944795694311530509086934558678866797124642764066881522|6999745070365735735302193860673042896849095172297929361432893301020999110213|1
({row.record_id},){row.reportingPeriod},({row.organizationalBoundary},){row.emissionFactorVersion},({row.company_hash},){row.emissionThreshold},({row.zk_is_eligible},){row.attestation_commitment},14281630355087047756355868973242556383226865932833915944983337042577675248765|3637153151805074622831132392668564795904503903136325345425789897775808764900|1
({row.record_id},){row.reportingPeriod},({row.organizationalBoundary},){row.emissionFactorVersion},({row.company_hash},){row.emissionThreshold},({row.zk_is_eligible},){row.attestation_commitment},8112794065454196674892667655744811745084924233296877728175895368980912758895|12971361825569544830442769879777804204795988468802679238630531629301960346942|1
({row.record_id},){row.reportingPeriod},({row.organizationalBoundary},){row.emissionFactorVersion},({row.company_hash},){row.emissionThreshold},({row.zk_is_eligible},){row.attestation_commitment},20137412738442866111604621444811155617265525797985917537805544190089715530463|16371745084948421383985477375694824932834701778421741217891304002968094311164|1
({row.record_id},){row.reportingPeriod},({row.organizationalBoundary},){row.emissionFactorVersion},({row.company_hash},){row.emissionThreshold},({row.zk_is_eligible},){row.attestation_commitment},15331407242434542717539819987313470091675726841683391667621302882498469283745|5587303881798227189216186009541340125188362914077612241358716964159187191810|1
({row.record_id},){row.reportingPeriod},({row.organizationalBoundary},){row.emissionFactorVersion},({row.company_hash},){row.emissionThreshold},({row.zk_is_eligible},){row.attestation_commitment},19713268170335196834383685269756788783288152442074321588405496939591390406637|2780085336274385721502734847575350834314277143768535706301627880569635770457|1
({row.record_id},){row.reportingPeriod},({row.organizationalBoundary},){row.emissionFactorVersion},({row.company_hash},){row.emissionThreshold},({row.zk_is_eligible},){row.attestation_commitment},1946371625670297648114700720240255628442647226397107081965562809780810904968|16293962237385885447866532350993163406283517263878442713427547672976920927835|1
({row.record_id},){row.reportingPeriod},({row.organizationalBoundary},){row.emissionFactorVersion},({row.company_hash},){row.emissionThreshold},({row.zk_is_eligible},){row.attestation_commitment},15878163049639119326934235821473978475171083860733957535023541017424997640902|16742930541609019439394640244557626116782194825068676301912702574152996337122|1
({row.record_id},){row.reportingPeriod},({row.organizationalBoundary},){row.emissionFactorVersion},({row.company_hash},){row.emissionThreshold},({row.zk_is_eligible},){row.attestation_commitment},5237743938311488841651699265841848077023857216695252554619646319750301358364|18459562243854303801331072927479368244198370376757294381606465979888342397227|1
({row.record_id},){row.reportingPeriod},({row.organizationalBoundary},){row.emissionFactorVersion},({row.company_hash},){row.emissionThreshold},({row.zk_is_eligible},){row.attestation_commitment},6452510533717137179594872588076406193399761958632112927609017568991258757005|5801899233411550397218059544623893878809865819702313216986980724320868525390|1
({row.record_id},){row.reportingPeriod},({row.organizationalBoundary},){row.emissionFactorVersion},({row.company_hash},){row.emissionThreshold},({row.zk_is_eligible},){row.attestation_commitment},8864590605531543814046839144973898778577688574936540930752258407604993608985|3261955716356276129379962305411417529091677649270597091629487295521486881704|1
({row.record_id},){row.reportingPeriod},({row.organizationalBoundary},){row.emissionFactorVersion},({row.company_hash},){row.emissionThreshold},({row.zk_is_eligible},){row.attestation_commitment},1788339343218722273136196807156352128362485631483495915967634940883776129609|2095963611498927609745028639902574757523857918882728330839186147552552023097|1
({row.record_id},){row.reportingPeriod},({row.organizationalBoundary},){row.emissionFactorVersion},({row.company_hash},){row.emissionThreshold},({row.zk_is_eligible},){row.attestation_commitment},17341193414575424737212719655398168688316304705420763140189656888826813409378|303411246811107150129776987443847239322185694490755163020319660396515804006|1
({row.record_id},){row.reportingPeriod},({row.organizationalBoundary},){row.emissionFactorVersion},({row.company_hash},){row.emissionThreshold},({row.zk_is_eligible},){row.attestation_commitment},16486940042318305450437837359394190600196163044357996228400525770645196731784|7060577896330089309362727895332273924711387126696321511607074758102089450043|1
({row.record_id},){row.reportingPeriod},({row.organizationalBoundary},){row.emissionFactorVersion},({row.company_hash},){row.emissionThreshold},({row.zk_is_eligible},){row.attestation_commitment},7456805334298491626022745948959243355245694057303412461391102848592719276702|4986631094516388993767337580135158892005585372479531921630942137079639105076|1
({row.record_id},){row.reportingPeriod},({row.organizationalBoundary},){row.emissionFactorVersion},({row.company_hash},){row.emissionThreshold},({row.zk_is_eligible},){row.attestation_commitment},14958454756161536632443643155947102063755148299682268477211498933050929495934|19272220081642917141759400581821476432876410985481278183803852270617532068839|1
({row.record_id},){row.reportingPeriod},({row.organizationalBoundary},){row.emissionFactorVersion},({row.company_hash},){row.emissionThreshold},({row.zk_is_eligible},){row.attestation_commitment},1008456259653362351445051232756365806809178054883512535605100582912613377187|17172937098958308516764757203344997088841195986861318201869848022749532770033|1
({row.record_id},){row.reportingPeriod},({row.organizationalBoundary},){row.emissionFactorVersion},({row.company_hash},){row.emissionThreshold},({row.zk_is_eligible},){row.attestation_commitment},8474815667509574360235122602970571776711716191304151681460839948073855112307|1681643323453340862047756294750003492937416161040903669748572181315225580383|1
({row.record_id},){row.reportingPeriod},({row.organizationalBoundary},){row.emissionFactorVersion},({row.company_hash},){row.emissionThreshold},({row.zk_is_eligible},){row.attestation_commitment},1436188250846317458868494187530242105794864593995170785849433984301595903703|6773691193438914902782271868327510688147824010385741447954972454984822204701|1
({row.record_id},){row.reportingPeriod},({row.organizationalBoundary},){row.emissionFactorVersion},({row.company_hash},){row.emissionThreshold},({row.zk_is_eligible},){row.attestation_commitment},8833976618726311865196236523430758867952597617997573194114359351638826307432|11810303489113005698628590749576725855908803956276003179699841247340568636987|1
({row.record_id},){row.reportingPeriod},({row.organizationalBoundary},){row.emissionFactorVersion},({row.company_hash},){row.emissionThreshold},({row.zk_is_eligible},){row.attestation_commitment},10295569747803023132911505409327002592901653784580088705350559333501606221906|13616619932915582970539346548567737979426035360306150941472051424491096154205|1
({row.record_id},){row.reportingPeriod},({row.organizationalBoundary},){row.emissionFactorVersion},({row.company_hash},){row.emissionThreshold},({row.zk_is_eligible},){row.attestation_commitment},6859888840929868205895132441633243267118863524568727741725076862510961215260|10566144760693757250504931225691100728773247975453112423892535511527176152839|1
({row.record_id},){row.reportingPeriod},({row.organizationalBoundary},){row.emissionFactorVersion},({row.company_hash},){row.emissionThreshold},({row.zk_is_eligible},){row.attestation_commitment},14341556356638382943778393708797950277331267937461901647563337548097789339432|8218950990482919266419757718343653290602489592433013027912620147001357711572|1
({row.record_id},){row.reportingPeriod},({row.organizationalBoundary},){row.emissionFactorVersion},({row.company_hash},){row.emissionThreshold},({row.zk_is_eligible},){row.attestation_commitment},1524143937434247856257476518600730121494520825201302576486998023171841553845|11065939304374901841891887017698695836617246228087088908824347777725527266044|1
({row.record_id},){row.reportingPeriod},({row.organizationalBoundary},){row.emissionFactorVersion},({row.company_hash},){row.emissionThreshold},({row.zk_is_eligible},){row.attestation_commitment},19652528384692470980227684979563648691232444021842388293864402911530314396097|20233194373243456011715423101117285705778971865343773814021887493550476214134|1
({row.record_id},){row.reportingPeriod},({row.organizationalBoundary},){row.emissionFactorVersion},({row.company_hash},){row.emissionThreshold},({row.zk_is_eligible},){row.attestation_commitment},17423654936269458317904989660029322384328505204682095496459789221535891483869|5873841538709117914371717641753450645026635582579115453917567319618826168404|1
({row.record_id},){row.reportingPeriod},({row.organizationalBoundary},){row.emissionFactorVersion},({row.company_hash},){row.emissionThreshold},({row.zk_is_eligible},){row.attestation_commitment},20871816231385808035033064030984313775068237144933844454116028138315485664154|15546552077277178994360108071727821198218820832138032085337021501386044599445|1
({row.record_id},){row.reportingPeriod},({row.organizationalBoundary},){row.emissionFactorVersion},({row.company_hash},){row.emissionThreshold},({row.zk_is_eligible},){row.attestation_commitment},4103959440304492948069464329479905796329547307509652498664860758698585882165|171791023903018679507430772418808415075852528905158915704656379956908875686|1
({row.record_id},){row.reportingPeriod},({row.organizationalBoundary},){row.emissionFactorVersion},({row.company_hash},){row.emissionThreshold},({row.zk_is_eligible},){row.attestation_commitment},4607525334046697652297299461547941411350660250444412071579100406672859067461|4399632364771939336013817110288759096804168237312372446797444868015101056669|1
({row.record_id},){row.reportingPeriod},({row.organizationalBoundary},){row.emissionFactorVersion},({row.company_hash},){row.emissionThreshold},({row.zk_is_eligible},){row.attestation_commitment},20449612059022811354329845951449222311611680526894062804429169759100792288226|6580840070078448095319222889008974344253413274678370946954687660953593106967|1
({row.record_id},){row.reportingPeriod},({row.organizationalBoundary},){row.emissionFactorVersion},({row.company_hash},){row.emissionThreshold},({row.zk_is_eligible},){row.attestation_commitment},17867746281261712631164831022523417522173957869076861275481224526669889355791|13450614670667511784546502845628561679766389260524237740569168197948651909429|1
({row.record_id},){row.reportingPeriod},({row.organizationalBoundary},){row.emissionFactorVersion},({row.company_hash},){row.emissionThreshold},({row.zk_is_eligible},){row.attestation_commitment},5871054281502908014357013238400584326016909534402550304828891008154162683810|1817966323579305646054814009386189244174893958786160704334865385803584928624|1
({row.record_id},){row.reportingPeriod},({row.organizationalBoundary},){row.emissionFactorVersion},({row.company_hash},){row.emissionThreshold},({row.zk_is_eligible},){row.attestation_commitment},5617162651292267798515167761212622409974856694199602470902450572296111726386|19961590827789128558138891565703448484647864260531725545704353079454642356628|1
({row.record_id},){row.reportingPeriod},({row.organizationalBoundary},){row.emissionFactorVersion},({row.company_hash},){row.emissionThreshold},({row.zk_is_eligible},){row.attestation_commitment},18907098052818330580001081959785194469852703952711602407920459910607609668546|19230453386936866807172148023577477979947303495315038836564833436586273648416|1
({row.record_id},){row.reportingPeriod},({row.organizationalBoundary},){row.emissionFactorVersion},({row.company_hash},){row.emissionThreshold},({row.zk_is_eligible},){row.attestation_commitment},1364086604210158605943025598863982211876515100857510537691222491439363500831|15523227736287312960909002627878840239219350757226842007879176445460886098634|1
({row.record_id},){row.reportingPeriod},({row.organizationalBoundary},){row.emissionFactorVersion},({row.company_hash},){row.emissionThreshold},({row.zk_is_eligible},){row.attestation_commitment},17096003982374555724391596959243599748404402681311970154250825979425512194424|9376407380709011032224514691912283106772978136869416026132609613481309344407|1
({row.record_id},){row.reportingPeriod},({row.organizationalBoundary},){row.emissionFactorVersion},({row.company_hash},){row.emissionThreshold},({row.zk_is_eligible},){row.attestation_commitment},16884880329107503377097677718618755624464159870311216884589240871734381557070|13799491427930605542660527425717940329025799427749029865247418235355181144736|1
({row.record_id},){row.reportingPeriod},({row.organizationalBoundary},){row.emissionFactorVersion},({row.company_hash},){row.emissionThreshold},({row.zk_is_eligible},){row.attestation_commitment},13332522170180668877010049502956830399707137976250278616941284755917288511437|11094745527116877694406322222971701796043071873457133833032163595180044233011|1
({row.record_id},){row.reportingPeriod},({row.organizationalBoundary},){row.emissionFactorVersion},({row.company_hash},){row.emissionThreshold},({row.zk_is_eligible},){row.attestation_commitment},10539384345748209570279233157074090882929176983504072873877310133671916636213|1719300287975656942702517650558246747507578273941042019988417430732352409774|1
({row.record_id},){row.reportingPeriod},({row.organizationalBoundary},){row.emissionFactorVersion},({row.company_hash},){row.emissionThreshold},({row.zk_is_eligible},){row.attestation_commitment},14099768778210097330628330390094864771789060352954909015085697790902231276166|19199970900863108831783344497769337149379596516031393637878420231102327071351|1
({row.record_id},){row.reportingPeriod},({row.organizationalBoundary},){row.emissionFactorVersion},({row.company_hash},){row.emissionThreshold},({row.zk_is_eligible},){row.attestation_commitment},5957450846381998381864878156636183624517805427107076287865931438601386803812|7072655611157793505105560715338172261278379706133386829769313652646442149902|1
({row.record_id},){row.reportingPeriod},({row.organizationalBoundary},){row.emissionFactorVersion},({row.company_hash},){row.emissionThreshold},({row.zk_is_eligible},){row.attestation_commitment},2980970019408198559794130607884524201387694963949529732063565219523250197339|4434390678858009513473414764571706123535497774150931167501173349003138197952|1
({row.record_id},){row.reportingPeriod},({row.organizationalBoundary},){row.emissionFactorVersion},({row.company_hash},){row.emissionThreshold},({row.zk_is_eligible},){row.attestation_commitment},21490323993204341961702777768670442957784676158377715090470750741080676436491|14232600855307870243800672539398863908216328997694381728413753886729719801744|1
({row.record_id},){row.reportingPeriod},({row.organizationalBoundary},){row.emissionFactorVersion},({row.company_hash},){row.emissionThreshold},({row.zk_is_eligible},){row.attestation_commitment},15947242053500334166585258752637408504035232206881057177260213421091610651916|15736738930342672605314287319049274723055968049852276828727853360034424271753|1
({row.record_id},){row.reportingPeriod},({row.organizationalBoundary},){row.emissionFactorVersion},({row.company_hash},){row.emissionThreshold},({row.zk_is_eligible},){row.attestation_commitment},11093139529939623710252335256266823631623660703223680804152330138023960723057|11834031800861325264127626970828105684823525197290369841803323192299233386806|1
({row.record_id},){row.reportingPeriod},({row.organizationalBoundary},){row.emissionFactorVersion},({row.company_hash},){row.emissionThreshold},({row.zk_is_eligible},){row.attestation_commitment},14051129573939447203837945745455575042970921008857248618231597962668029881746|9697245081747068919466661582557903237151835809294822570993906731964877893535|1
({row.record_id},){row.reportingPeriod},({row.organizationalBoundary},){row.emissionFactorVersion},({row.company_hash},){row.emissionThreshold},({row.zk_is_eligible},){row.attestation_commitment},15019150407080259835199363121011593888881856519131345247262885868084598306543|15295201323082445766667357040787784024367355139606206144952469049875259733548|1
({row.record_id},){row.reportingPeriod},({row.organizationalBoundary},){row.emissionFactorVersion},({row.company_hash},){row.emissionThreshold},({row.zk_is_eligible},){row.attestation_commitment},15553400480803709990674887553043395382876859594940476023249685400213705209730|3926043920560537673406217152563385999318438219873920011777027849090534728712|1
({row.record_id},){row.reportingPeriod},({row.organizationalBoundary},){row.emissionFactorVersion},({row.company_hash},){row.emissionThreshold},({row.zk_is_eligible},){row.attestation_commitment},8724373288606294512468287016511447653351951539689340500568134481050874514252|17888287515407511771781042217173601982962390594541370004146117554576508307454|1
({row.record_id},){row.reportingPeriod},({row.organizationalBoundary},){row.emissionFactorVersion},({row.company_hash},){row.emissionThreshold},({row.zk_is_eligible},){row.attestation_commitment},13577893084393263194955983997440915432959739890513335260303835099202533336719|3746922178813995522753945708045723097849850995448170216442441920487295688749|1
({row.record_id},){row.reportingPeriod},({row.organizationalBoundary},){row.emissionFactorVersion},({row.company_hash},){row.emissionThreshold},({row.zk_is_eligible},){row.attestation_commitment},17648448869519449526989424592852178727847585831272553044704375964904961277633|14352405028898015545171721491752429064312048260695607548108762597328072192496|1
({row.record_id},){row.reportingPeriod},({row.organizationalBoundary},){row.emissionFactorVersion},({row.company_hash},){row.emissionThreshold},({row.zk_is_eligible},){row.attestation_commitment},14162629770280923008226923700497202856945300347865517630623921198340863585386|9337631111552104802720167464620489218355603958063409272293479075799561030892|1
({row.record_id},){row.reportingPeriod},({row.organizationalBoundary},){row.emissionFactorVersion},({row.company_hash},){row.emissionThreshold},({row.zk_is_eligible},){row.attestation_commitment},15273272627222618355867742251746866435906494826085948289364281866308679569719|8042582521746039223953015280567031885082152220300607791983743482720058938662|1
({row.record_id},){row.reportingPeriod},({row.organizationalBoundary},){row.emissionFactorVersion},({row.company_hash},){row.emissionThreshold},({row.zk_is_eligible},){row.attestation_commitment},11297941934561480780509873373236170901965858828228964737210992400091404499605|1846667975727001775016441424892924351468233086420167340744958958315059529782|1
({row.record_id},){row.reportingPeriod},({row.organizationalBoundary},){row.emissionFactorVersion},({row.company_hash},){row.emissionThreshold},({row.zk_is_eligible},){row.attestation_commitment},5192557256415092219775122100956770559892307580662258622655259923584025420907|2253787496443032488780693219697367869927835011371132580801443599244533571182|1
({row.record_id},){row.reportingPeriod},({row.organizationalBoundary},){row.emissionFactorVersion},({row.company_hash},){row.emissionThreshold},({row.zk_is_eligible},){row.attestation_commitment},15020694223150047774850692577498380316301192383032072312335387844059873186074|16444255573951182390528895674603586885240613588888880809400300538047450921748|1
({row.record_id},){row.reportingPeriod},({row.organizationalBoundary},){row.emissionFactorVersion},({row.company_hash},){row.emissionThreshold},({row.zk_is_eligible},){row.attestation_commitment},17212446073040103655509119595030410077560530127863625840767812577820180728775|851590209626388522842799473751720354884379841012512827840197582482941604785|1
({row.record_id},){row.reportingPeriod},({row.organizationalBoundary},){row.emissionFactorVersion},({row.company_hash},){row.emissionThreshold},({row.zk_is_eligible},){row.attestation_commitment},17805371568229472058144997548352915555247021135276392297196403203449102286722|1752544557154102507816177027344233849330095558419442294107458899746679679924|1
({row.record_id},){row.reportingPeriod},({row.organizationalBoundary},){row.emissionFactorVersion},({row.company_hash},){row.emissionThreshold},({row.zk_is_eligible},){row.attestation_commitment},21005878642931322081360424167986348685904820466977828365930820950020013122952|1513488038133241869077248487446104824557214772633412396486077927518134011984|1
({row.record_id},){row.reportingPeriod},({row.organizationalBoundary},){row.emissionFactorVersion},({row.company_hash},){row.emissionThreshold},({row.zk_is_eligible},){row.attestation_commitment},1015783405350844790237344978212078660378632931944701775745485496938798305945|4569067093214303466776091123228420690621177782398613351282125926961218688751|1
({row.record_id},){row.reportingPeriod},({row.organizationalBoundary},){row.emissionFactorVersion},({row.company_hash},){row.emissionThreshold},({row.zk_is_eligible},){row.attestation_commitment},20218993515475739854529864720070005555211327673736184833398148367510894335310|4744655226145580423576474259705768351393725652961657583116946211651111401467|1
({row.record_id},){row.reportingPeriod},({row.organizationalBoundary},){row.emissionFactorVersion},({row.company_hash},){row.emissionThreshold},({row.zk_is_eligible},){row.attestation_commitment},13567783158955401588697270342719474215511362196375464422326794969542976347905|17135035193056416719142375934896691164013244920718137499560243017984849771528|1
({row.record_id},){row.reportingPeriod},({row.organizationalBoundary},){row.emissionFactorVersion},({row.company_hash},){row.emissionThreshold},({row.zk_is_eligible},){row.attestation_commitment},13972595435934538263982978526351382015126404143766093836859623626772417980674|18538897019527506263093408188934569032302555411278915974734630521307361166344|1
({row.record_id},){row.reportingPeriod},({row.organizationalBoundary},){row.emissionFactorVersion},({row.company_hash},){row.emissionThreshold},({row.zk_is_eligible},){row.attestation_commitment},14492812980712539519862987069852590773952205604669766924566741484067969735113|7148920746003835436316052374928059883275103568211512025232031828909475977208|1
({row.record_id},){row.reportingPeriod},({row.organizationalBoundary},){row.emissionFactorVersion},({row.company_hash},){row.emissionThreshold},({row.zk_is_eligible},){row.attestation_commitment},13583380560485573622396862870093787536228482009578385396829813423874743961259|2468358520988475569221505750088730507290953021539375758890593495169217009189|1
({row.record_id},){row.reportingPeriod},({row.organizationalBoundary},){row.emissionFactorVersion},({row.company_hash},){row.emissionThreshold},({row.zk_is_eligible},){row.attestation_commitment},4944954678647365935914585233821147529992278274172541631406882509799500896445|4518624567211443099930551378526774833565050824329394132682539208087868796440|1
({row.record_id},){row.reportingPeriod},({row.organizationalBoundary},){row.emissionFactorVersion},({row.company_hash},){row.emissionThreshold},({row.zk_is_eligible},){row.attestation_commitment},6004727791215740276655732570993293828750733057798039820789878444191237019063|9349352898528304337263735101938885222893663373955080286056406028016810352304|1
({row.record_id},){row.reportingPeriod},({row.organizationalBoundary},){row.emissionFactorVersion},({row.company_hash},){row.emissionThreshold},({row.zk_is_eligible},){row.attestation_commitment},2193999472452353742527524508139786557351287213518878154755322463477576732789|19346545541139368545274949065646550381049267654799667234824298293626799016410|1
({row.record_id},){row.reportingPeriod},({row.organizationalBoundary},){row.emissionFactorVersion},({row.company_hash},){row.emissionThreshold},({row.zk_is_eligible},){row.attestation_commitment},8784114895095326127083006903072163440389820096632212943333628598146322550059|2130451159123837822312967446655323583004065472662499667481393093102889341277|1
({row.record_id},){row.reportingPeriod},({row.organizationalBoundary},){row.emissionFactorVersion},({row.company_hash},){row.emissionThreshold},({row.zk_is_eligible},){row.attestation_commitment},7579070289440298857479844963553194264478582093290748387569555280668596956025|17843951154813357951878807207057438632125375228913844951761122172855282472098|1
({row.record_id},){row.reportingPeriod},({row.organizationalBoundary},){row.emissionFactorVersion},({row.company_hash},){row.emissionThreshold},({row.zk_is_eligible},){row.attestation_commitment},15210000811004076575416758937963847383712061254590867498735329846648260581344|19111773912274199022059095482189304416180701715772182116407715829709100472248|1
({row.record_id},){row.reportingPeriod},({row.organizationalBoundary},){row.emissionFactorVersion},({row.company_hash},){row.emissionThreshold},({row.zk_is_eligible},){row.attestation_commitment},10504619116989778170063377379575909775323530148668957270658832339882958138892|1361362404334952655860149158834187397787574132463663245762904120336331963082|1
({row.record_id},){row.reportingPeriod},({row.organizationalBoundary},){row.emissionFactorVersion},({row.company_hash},){row.emissionThreshold},({row.zk_is_eligible},){row.attestation_commitment},19126169524457533766404745910211299403728593463713019373067609261132382971382|4685846590982264407464551219077140705401708596037134600014871251924922180714|1
({row.record_id},){row.reportingPeriod},({row.organizationalBoundary},){row.emissionFactorVersion},({row.company_hash},){row.emissionThreshold},({row.zk_is_eligible},){row.attestation_commitment},12919987802128989012373945272092618294079391265264079392851326843805369935597|1921517984081406373994448619091836728678559508934891821401342609577885916753|1
({row.record_id},){row.reportingPeriod},({row.organizationalBoundary},){row.emissionFactorVersion},({row.company_hash},){row.emissionThreshold},({row.zk_is_eligible},){row.attestation_commitment},17298257891630392958899350594510570823509983283469080749846414725400398422358|11412841595803607025980849982971861887325989217346741249584081917378379209984|1
({row.record_id},){row.reportingPeriod},({row.organizationalBoundary},){row.emissionFactorVersion},({row.company_hash},){row.emissionThreshold},({row.zk_is_eligible},){row.attestation_commitment},19345608186462389047521585505468684576388120125097543267840264308144540076713|19613688816177485168554021223672961362873445663796862833631179573713512528835|1
({row.record_id},){row.reportingPeriod},({row.organizationalBoundary},){row.emissionFactorVersion},({row.company_hash},){row.emissionThreshold},({row.zk_is_eligible},){row.attestation_commitment},12524097941451315384869926101725486116075004923862389737750132170628661683802|12891136827450813504702272008074678297665975759576303497965841681919254694617|1
({row.record_id},){row.reportingPeriod},({row.organizationalBoundary},){row.emissionFactorVersion},({row.company_hash},){row.emissionThreshold},({row.zk_is_eligible},){row.attestation_commitment},16589452861284990791151854927030243580719043951416515671890010999142148976212|17497688576452577660713485191987778381681921761207156393399013585615034267187|1
({row.record_id},){row.reportingPeriod},({row.organizationalBoundary},){row.emissionFactorVersion},({row.company_hash},){row.emissionThreshold},({row.zk_is_eligible},){row.attestation_commitment},6853265182355853365997440274755872378142869958406103992438226130714363070882|5637931490252823023873144025541985105943718433392360514582788118916440692951|1
({row.record_id},){row.reportingPeriod},({row.organizationalBoundary},){row.emissionFactorVersion},({row.company_hash},){row.emissionThreshold},({row.zk_is_eligible},){row.attestation_commitment},1046007208979430999448944783977697026961735967172891836672332654047657335394|2900387389792462764852134715970072800456591186627189721289888856035320671178|1
({row.record_id},){row.reportingPeriod},({row.organizationalBoundary},){row.emissionFactorVersion},({row.company_hash},){row.emissionThreshold},({row.zk_is_eligible},){row.attestation_commitment},7810850260308085852355014911215903818613131880182722195651187834208664684837|836652406934202619578176102723414374823192953833704374388819099377700489369|1
({row.record_id},){row.reportingPeriod},({row.organizationalBoundary},){row.emissionFactorVersion},({row.company_hash},){row.emissionThreshold},({row.zk_is_eligible},){row.attestation_commitment},10085094230530845198116355918897362694685047698347297871888865200962255833680|2718773415954872999885941824110378990628418707039681636538582458740665269080|1
({row.record_id},){row.reportingPeriod},({row.organizationalBoundary},){row.emissionFactorVersion},({row.company_hash},){row.emissionThreshold},({row.zk_is_eligible},){row.attestation_commitment},1809553483120396546795447765798330101556613214790827585832166133597436851668|9137924728483206541576636144132067225139045231256474095435124384661367100610|1
({row.record_id},){row.reportingPeriod},({row.organizationalBoundary},){row.emissionFactorVersion},({row.company_hash},){row.emissionThreshold},({row.zk_is_eligible},){row.attestation_commitment},17132563232792106665936882938966382336995861483707315986348932572216406728362|4851886811778394739924039796064517930959209833653730671622978995657835988494|1
({row.record_id},){row.reportingPeriod},({row.organizationalBoundary},){row.emissionFactorVersion},({row.company_hash},){row.emissionThreshold},({row.zk_is_eligible},){row.attestation_commitment},16686547189105464335133826651048134153335438574653601902431521658625211936564|15838534751211420150673873572389790627409177938897407992012729122852457082310|1
({row.record_id},){row.reportingPeriod},({row.organizationalBoundary},){row.emissionFactorVersion},({row.company_hash},){row.emissionThreshold},({row.zk_is_eligible},){row.attestation_commitment},21388487723195217607484993810945224216437999670037256434092190340427209731942|5670801024529647608599348920216149126222767186855277988288343026293620341859|1
({row.record_id},){row.reportingPeriod},({row.organizationalBoundary},){row.emissionFactorVersion},({row.company_hash},){row.emissionThreshold},({row.zk_is_eligible},){row.attestation_commitment},21136002362463848100934910586404160581415058912769201094669618335408642497812|4586162814747877712006316166435772223863295487676262757598201144524830807626|1
({row.record_id},){row.reportingPeriod},({row.organizationalBoundary},){row.emissionFactorVersion},({row.company_hash},){row.emissionThreshold},({row.zk_is_eligible},){row.attestation_commitment},3985777032665561601694896309220424191773210166530161317695915410397017293909|16459513714567904221018747885972311499402957856295526138781426745567793805626|1
({row.record_id},){row.reportingPeriod},({row.organizationalBoundary},){row.emissionFactorVersion},({row.company_hash},){row.emissionThreshold},({row.zk_is_eligible},){row.attestation_commitment},20357930463187449641832817210195510450667846632241369327811022938462504639094|11957655570552172444984870707097296210915618062688610652901265464825732580253|1
({row.record_id},){row.reportingPeriod},({row.organizationalBoundary},){row.emissionFactorVersion},({row.company_hash},){row.emissionThreshold},({row.zk_is_eligible},){row.attestation_commitment},2057888301869867685275199413079021562508963746110769118219239200106973952107|15587358532268661730292448828407364282007828337656587828600413377480545536408|1
({row.record_id},){row.reportingPeriod},({row.organizationalBoundary},){row.emissionFactorVersion},({row.company_hash},){row.emissionThreshold},({row.zk_is_eligible},){row.attestation_commitment},1883309020609030623749869875837909074947175622634356344576085065787830953201|12083723567641116564698999025392358883904142439781708607152648529715138396489|1
({row.record_id},){row.reportingPeriod},({row.organizationalBoundary},){row.emissionFactorVersion},({row.company_hash},){row.emissionThreshold},({row.zk_is_eligible},){row.attestation_commitment},16806817452004086089402720206836556881715279667981890674766877727103814299717|21122730063313781295476876782244775752675718725028763741115736120885613851369|1
({row.record_id},){row.reportingPeriod},({row.organizationalBoundary},){row.emissionFactorVersion},({row.company_hash},){row.emissionThreshold},({row.zk_is_eligible},){row.attestation_commitment},6104709273711735922164822806232626690540560933300269683959018226017736449455|2482805532208684956820598626680918489861239535663348031869127713954386075162|1
({row.record_id},){row.reportingPeriod},({row.organizationalBoundary},){row.emissionFactorVersion},({row.company_hash},){row.emissionThreshold},({row.zk_is_eligible},){row.attestation_commitment},14853474185249568145043345572362164332674198753294135771533929301653324296187|21050589357037139603851266310670394329907223853621660978287331142265458851729|1
({row.record_id},){row.reportingPeriod},({row.organizationalBoundary},){row.emissionFactorVersion},({row.company_hash},){row.emissionThreshold},({row.zk_is_eligible},){row.attestation_commitment},16919525261823754111583854099729773909775930749299100662220087173140258185212|6629782704038550572514551905572723806391847459249336001394064585318646488476|1
({row.record_id},){row.reportingPeriod},({row.organizationalBoundary},){row.emissionFactorVersion},({row.company_hash},){row.emissionThreshold},({row.zk_is_eligible},){row.attestation_commitment},544402789661814707867268435881370651111660004398277775696295720760531659030|16529427391397646575029345398434673791105806653846999140329374388595579064840|1
({row.record_id},){row.reportingPeriod},({row.organizationalBoundary},){row.emissionFactorVersion},({row.company_hash},){row.emissionThreshold},({row.zk_is_eligible},){row.attestation_commitment},1882303071152373372806284182589982591039311533351769977715690232255657848699|4129622954895740732888139657567625280134407190656424050160655915424925478997|1
({row.record_id},){row.reportingPeriod},({row.organizationalBoundary},){row.emissionFactorVersion},({row.company_hash},){row.emissionThreshold},({row.zk_is_eligible},){row.attestation_commitment},11193895561058036685135018859032730448350346779651298942961645609189897326022|18608449185391030452172765410783405872091500290383413410277178607897964331097|1
({row.record_id},){row.reportingPeriod},({row.organizationalBoundary},){row.emissionFactorVersion},({row.company_hash},){row.emissionThreshold},({row.zk_is_eligible},){row.attestation_commitment},2240609521400940701512538570569949033896391092061294414766380387610933008398|18494902588749709879640454157715177089577717341953953376143849333329546782741|1
({row.record_id},){row.reportingPeriod},({row.organizationalBoundary},){row.emissionFactorVersion},({row.company_hash},){row.emissionThreshold},({row.zk_is_eligible},){row.attestation_commitment},14847134304195682374549461621423881639743822333514266786790376399841011139172|18189817662671484279148648597051913198618195797184263162226679445816793158018|1
({row.record_id},){row.reportingPeriod},({row.organizationalBoundary},){row.emissionFactorVersion},({row.company_hash},){row.emissionThreshold},({row.zk_is_eligible},){row.attestation_commitment},1541688420255688335815409639354014842893318196377803095045141104986694397156|2024053708162536960768424032438359502687306806191920368976148761628787872625|1
({row.record_id},){row.reportingPeriod},({row.organizationalBoundary},){row.emissionFactorVersion},({row.company_hash},){row.emissionThreshold},({row.zk_is_eligible},){row.attestation_commitment},16228941080011893116378387631504844386560752260416616800848977642341063496425|19024396624156571763301069297572033337298426490749288462803407796035361627700|1
({row.record_id},){row.reportingPeriod},({row.organizationalBoundary},){row.emissionFactorVersion},({row.company_hash},){row.emissionThreshold},({row.zk_is_eligible},){row.attestation_commitment},4132433369296778653784925567297264969521505255840521606610753479833436097947|16654639939046919095740868811482474606522840516055331457003641353348390798826|1
({row.record_id},){row.reportingPeriod},({row.organizationalBoundary},){row.emissionFactorVersion},({row.company_hash},){row.emissionThreshold},({row.zk_is_eligible},){row.attestation_commitment},11014279639369327169801037461319989426447649248999223091432395068056833436277|3207245707834030948487515797830652942936334040025185356406266141889138482939|1
({row.record_id},){row.reportingPeriod},({row.organizationalBoundary},){row.emissionFactorVersion},({row.company_hash},){row.emissionThreshold},({row.zk_is_eligible},){row.attestation_commitment},12280693667938231175704191214496458562255652866479667393349023051373570283472|419304176929266647421091861148353278013401340051798346378468622013219067889|1
({row.record_id},){row.reportingPeriod},({row.organizationalBoundary},){row.emissionFactorVersion},({row.company_hash},){row.emissionThreshold},({row.zk_is_eligible},){row.attestation_commitment},9911354222013098548738910901175885649029070377099656024725267922052010165347|1060415939282942295981192166125570848274202856788804709742409064945416004211|1
({row.record_id},){row.reportingPeriod},({row.organizationalBoundary},){row.emissionFactorVersion},({row.company_hash},){row.emissionThreshold},({row.zk_is_eligible},){row.attestation_commitment},11525057785529299262793437919213164955679269926203091465515226434481512460121|11421472211312565716962168145763853149632005770135841288787666033276427024584|1
({row.record_id},){row.reportingPeriod},({row.organizationalBoundary},){row.emissionFactorVersion},({row.company_hash},){row.emissionThreshold},({row.zk_is_eligible},){row.attestation_commitment},10651874865183050108904007734074749949017926941222712666068734794120289792318|13891062438101913699648690575444798013353070155215785243352945383836414729152|1
({row.record_id},){row.reportingPeriod},({row.organizationalBoundary},){row.emissionFactorVersion},({row.company_hash},){row.emissionThreshold},({row.zk_is_eligible},){row.attestation_commitment},14090558067973844863180146697316173635817471907632955960281631858211190003123|1318036475967660790118741970790127181425022645687022194924290492908421684415|1
({row.record_id},){row.reportingPeriod},({row.organizationalBoundary},){row.emissionFactorVersion},({row.company_hash},){row.emissionThreshold},({row.zk_is_eligible},){row.attestation_commitment},9162420033857762801108148601235750489095689867332513712705624634582671626121|17698412508850488998541117700475239202538117334784229150895407951493920701087|1
({row.record_id},){row.reportingPeriod},({row.organizationalBoundary},){row.emissionFactorVersion},({row.company_hash},){row.emissionThreshold},({row.zk_is_eligible},){row.attestation_commitment},8387058921687769595299419548722047312845893349297247703989689801172262084041|10041778940254778293089263381896263893252183436149822773251902180151689794628|1
({row.record_id},){row.reportingPeriod},({row.organizationalBoundary},){row.emissionFactorVersion},({row.company_hash},){row.emissionThreshold},({row.zk_is_eligible},){row.attestation_commitment},19824364677854182572149913172638007808214182660067599478662604308785060682128|21816887445246163761672868579097785558445874038025519522719178065349788055188|1
({row.record_id},){row.reportingPeriod},({row.organizationalBoundary},){row.emissionFactorVersion},({row.company_hash},){row.emissionThreshold},({row.zk_is_eligible},){row.attestation_commitment},7292396776682292442627615668921448940520439840305719680451553177668550460957|21389708961148450390181063536622951222834995439333853967295097734431907558725|1
({row.record_id},){row.reportingPeriod},({row.organizationalBoundary},){row.emissionFactorVersion},({row.company_hash},){row.emissionThreshold},({row.zk_is_eligible},){row.attestation_commitment},5074467285589641181188639239872149376974924335225849552268210993580751233014|9124563472611899540125972783929811796791060683807882437569973658361195892148|1
({row.record_id},){row.reportingPeriod},({row.organizationalBoundary},){row.emissionFactorVersion},({row.company_hash},){row.emissionThreshold},({row.zk_is_eligible},){row.attestation_commitment},11888328805104976448426677237154048398610961409607966532759741818285346817336|8464659528575846807715096197214595855059039976689126187593467174539231674750|1
({row.record_id},){row.reportingPeriod},({row.organizationalBoundary},){row.emissionFactorVersion},({row.company_hash},){row.emissionThreshold},({row.zk_is_eligible},){row.attestation_commitment},14234325790517997824043359443262001306293188639910892566698899888143019422937|1745900242921453499352576191011219467592969263431160156623840666158283337459|1
({row.record_id},){row.reportingPeriod},({row.organizationalBoundary},){row.emissionFactorVersion},({row.company_hash},){row.emissionThreshold},({row.zk_is_eligible},){row.attestation_commitment},8940798057672661377701549268623354783511011555359065467509202495015721979086|13443160875281067523680667330832000637834192314699060753908982177178168714377|1
({row.record_id},){row.reportingPeriod},({row.organizationalBoundary},){row.emissionFactorVersion},({row.company_hash},){row.emissionThreshold},({row.zk_is_eligible},){row.attestation_commitment},16739549934135622800269008064230001894393783534704344805573727976594521797691|16982983650119405564563116279642371342667323109308204818081754811275416592011|1
({row.record_id},){row.reportingPeriod},({row.organizationalBoundary},){row.emissionFactorVersion},({row.company_hash},){row.emissionThreshold},({row.zk_is_eligible},){row.attestation_commitment},15086450024656537316991401624103712049819388157842620146588196835579933842100|17064279436887492021276701790364121299236537997990582130924780953885777504282|1
({row.record_id},){row.reportingPeriod},({row.organizationalBoundary},){row.emissionFactorVersion},({row.company_hash},){row.emissionThreshold},({row.zk_is_eligible},){row.attestation_commitment},3231652884525270590025661186177478186724225419305575967861143704348882987280|7395449551647978024966617320314964550996497434126056693598289533672818525829|1
({row.record_id},){row.reportingPeriod},({row.organizationalBoundary},){row.emissionFactorVersion},({row.company_hash},){row.emissionThreshold},({row.zk_is_eligible},){row.attestation_commitment},8600991343682241469635548523654551430909663587919143508925125614242059050825|9172981908583028219412303616664179815568572120161058746845526516637089930211|1
({row.record_id},){row.reportingPeriod},({row.organizationalBoundary},){row.emissionFactorVersion},({row.company_hash},){row.emissionThreshold},({row.zk_is_eligible},){row.attestation_commitment},17729615220459645895626111614220918183813303850124302335349585436661381179949|9635835800000023667974966376343452072415879135716435250512150839836819130865|1
({row.record_id},){row.reportingPeriod},({row.organizationalBoundary},){row.emissionFactorVersion},({row.company_hash},){row.emissionThreshold},({row.zk_is_eligible},){row.attestation_commitment},4142048787612583101601196126160001737494667209722754166354787341715826738706|8303252084607546897758990021616768756990995303398793832223061294740607488786|1
({row.record_id},){row.reportingPeriod},({row.organizationalBoundary},){row.emissionFactorVersion},({row.company_hash},){row.emissionThreshold},({row.zk_is_eligible},){row.attestation_commitment},3449704375031768725239839610021419284150351222162581054989442504207796809827|10591790474649372230378626813648621627985349645011572691903797219126298463613|1
({row.record_id},){row.reportingPeriod},({row.organizationalBoundary},){row.emissionFactorVersion},({row.company_hash},){row.emissionThreshold},({row.zk_is_eligible},){row.attestation_commitment},12476941555450493257579506876490320223580235646645899265806206982214603672081|2626220485357513049555275784101012640605238256378575231480552683626005756119|1
({row.record_id},){row.reportingPeriod},({row.organizationalBoundary},){row.emissionFactorVersion},({row.company_hash},){row.emissionThreshold},({row.zk_is_eligible},){row.attestation_commitment},15012674730076617669689907286915517353514014809704342281193670046150795717645|8188394417607305687098049581599181276838058730643766458001424403507139685367|1
({row.record_id},){row.reportingPeriod},({row.organizationalBoundary},){row.emissionFactorVersion},({row.company_hash},){row.emissionThreshold},({row.zk_is_eligible},){row.attestation_commitment},5512949728764297957083333281319625660107906346744773411131332523690653915414|18875520507709374053015076698141266266173040469990002637276524306653407186086|1
({row.record_id},){row.reportingPeriod},({row.organizationalBoundary},){row.emissionFactorVersion},({row.company_hash},){row.emissionThreshold},({row.zk_is_eligible},){row.attestation_commitment},1641839035560486162562688523211384643888692879185094920256039869767336033869|11169331632791732783164643509317690350572156624425734769885133203691676478751|1
({row.record_id},){row.reportingPeriod},({row.organizationalBoundary},){row.emissionFactorVersion},({row.company_hash},){row.emissionThreshold},({row.zk_is_eligible},){row.attestation_commitment},10977105623896523605792919108613899690075174738031904157103730925688318459014|13380992234594821977565701117781345055971452683254391701379472367711325890103|1
({row.record_id},){row.reportingPeriod},({row.organizationalBoundary},){row.emissionFactorVersion},({row.company_hash},){row.emissionThreshold},({row.zk_is_eligible},){row.attestation_commitment},12031664899794619895848393295958143660488006001679602537169871386671843085512|18352564872947943224910786602450842412742610985247436551665214729648194635298|1
({row.record_id},){row.reportingPeriod},({row.organizationalBoundary},){row.emissionFactorVersion},({row.company_hash},){row.emissionThreshold},({row.zk_is_eligible},){row.attestation_commitment},18565117586296615616096183478257081648821444631234754933218814993742731909101|4682783851763860027093153131579872218929347160894700716409686046986203815619|1
({row.record_id},){row.reportingPeriod},({row.organizationalBoundary},){row.emissionFactorVersion},({row.company_hash},){row.emissionThreshold},({row.zk_is_eligible},){row.attestation_commitment},16410361832560937293470681416118104659568222304978816187141140938192236787471|10660846276471931755417039522090547604955526355019822902186108911698404988703|1
({row.record_id},){row.reportingPeriod},({row.organizationalBoundary},){row.emissionFactorVersion},({row.company_hash},){row.emissionThreshold},({row.zk_is_eligible},){row.attestation_commitment},6703347524718391107894505766423750764469766358329287240329957597452507852955|8879955976767092832478017506074954919530807656308759181023178642292960257137|1
({row.record_id},){row.reportingPeriod},({row.organizationalBoundary},){row.emissionFactorVersion},({row.company_hash},){row.emissionThreshold},({row.zk_is_eligible},){row.attestation_commitment},12884189507176457663843242759814258953164491679558710757635921627906451420172|7108984116966069472776166310386535302397321872406561769361787037675701758437|1
({row.record_id},){row.reportingPeriod},({row.organizationalBoundary},){row.emissionFactorVersion},({row.company_hash},){row.emissionThreshold},({row.zk_is_eligible},){row.attestation_commitment},5080236491840683436234041801518024287443185257530874904865008182339625016576|19523961619961400962720179610513351779305964978301140372797578428131376728015|1
({row.record_id},){row.reportingPeriod},({row.organizationalBoundary},){row.emissionFactorVersion},({row.company_hash},){row.emissionThreshold},({row.zk_is_eligible},){row.attestation_commitment},15160468525519927242706867013178969163657146515787895548193711960292362380956|1869780700026416092139332503740277402315419629138486000307879091114184769509|1
({row.record_id},){row.reportingPeriod},({row.organizationalBoundary},){row.emissionFactorVersion},({row.company_hash},){row.emissionThreshold},({row.zk_is_eligible},){row.attestation_commitment},18769074708727557728539877854266276917512797630336995291031495730460169125508|4820312151507214953970839335600802496233656161327252195102901220648258152531|1
({row.record_id},){row.reportingPeriod},({row.organizationalBoundary},){row.emissionFactorVersion},({row.company_hash},){row.emissionThreshold},({row.zk_is_eligible},){row.attestation_commitment},19122592132748371940055834241589136363578066561608995093688954996736075117805|1046021178746841341425029874503595601434414527971328328955731376322184899730|1
({row.record_id},){row.reportingPeriod},({row.organizationalBoundary},){row.emissionFactorVersion},({row.company_hash},){row.emissionThreshold},({row.zk_is_eligible},){row.attestation_commitment},14493025246651372334680747511555338469379161703566286706779166172440008804284|6711712330213158735887231024019708446845371261515326900083813336137808290710|1
({row.record_id},){row.reportingPeriod},({row.organizationalBoundary},){row.emissionFactorVersion},({row.company_hash},){row.emissionThreshold},({row.zk_is_eligible},){row.attestation_commitment},7228871806727960429376816484221761714060624051348533409684368945126258285812|18605034738616933346611533448702360398704628707181244385077861020825322312067|1
({row.record_id},){row.reportingPeriod},({row.organizationalBoundary},){row.emissionFactorVersion},({row.company_hash},){row.emissionThreshold},({row.zk_is_eligible},){row.attestation_commitment},1356207019567958291091693897325641926828121567699459698188929185738398482246|4028888293192366179493927836214298258962393166205673550404917370882040953337|1
({row.record_id},){row.reportingPeriod},({row.organizationalBoundary},){row.emissionFactorVersion},({row.company_hash},){row.emissionThreshold},({row.zk_is_eligible},){row.attestation_commitment},20138226201860072077149462674464621374832215125303178744233724011181628247998|17113921589266575201078486467850106236547069185227559230773887304194707984230|1
({row.record_id},){row.reportingPeriod},({row.organizationalBoundary},){row.emissionFactorVersion},({row.company_hash},){row.emissionThreshold},({row.zk_is_eligible},){row.attestation_commitment},12395484857830268679699694365593947997280211572419151982682185097734995720280|9237374047489073384424789253824115751109858379503492968679973502878718700734|1
({row.record_id},){row.reportingPeriod},({row.organizationalBoundary},){row.emissionFactorVersion},({row.company_hash},){row.emissionThreshold},({row.zk_is_eligible},){row.attestation_commitment},2132719941296514996611437222111998168311666729384416554751261715993590089145|12277868651125676968310707911762489035432949894561459647794869472021800063896|1
({row.record_id},){row.reportingPeriod},({row.organizationalBoundary},){row.emissionFactorVersion},({row.company_hash},){row.emissionThreshold},({row.zk_is_eligible},){row.attestation_commitment},18274309397440349636338492020236136809881190386118853839722829246918897583134|18236118055112555655865242004087393200288995042944046591726806552997748385523|1
({row.record_id},){row.reportingPeriod},({row.organizationalBoundary},){row.emissionFactorVersion},({row.company_hash},){row.emissionThreshold},({row.zk_is_eligible},){row.attestation_commitment},13583563733794264265291240129123969109704553179744668441238177554613412796454|12349979038331497931958770840210638935323993159295888092695588860543257559956|1
({row.record_id},){row.reportingPeriod},({row.organizationalBoundary},){row.emissionFactorVersion},({row.company_hash},){row.emissionThreshold},({row.zk_is_eligible},){row.attestation_commitment},6999554123316448744747739465512584547282351463293608563982442954993935620740|12866318179429930179467282756419221819189998127311798145498477577583279265206|1
({row.record_id},){row.reportingPeriod},({row.organizationalBoundary},){row.emissionFactorVersion},({row.company_hash},){row.emissionThreshold},({row.zk_is_eligible},){row.attestation_commitment},6565112199616450394026078965812965781048863351129235544710656262691570106763|2070604131743829706017744373939576936695352952717900473358162599430352979337|1
({row.record_id},){row.reportingPeriod},({row.organizationalBoundary},){row.emissionFactorVersion},({row.company_hash},){row.emissionThreshold},({row.zk_is_eligible},){row.attestation_commitment},14081106359858741186077188970890688841225833820168769867142806983301679173642|2106427459199783872908529439212388884599209861945311421280798656007330238106|1
({row.record_id},){row.reportingPeriod},({row.organizationalBoundary},){row.emissionFactorVersion},({row.company_hash},){row.emissionThreshold},({row.zk_is_eligible},){row.attestation_commitment},4218744594739701848946496227341611846340498625188945135157799153904750251392|5725682405553532446702079129978846791048852921498990537542732739854511040926|1
({row.record_id},){row.reportingPeriod},({row.organizationalBoundary},){row.emissionFactorVersion},({row.company_hash},){row.emissionThreshold},({row.zk_is_eligible},){row.attestation_commitment},17871003190181639560741397680831626073864268138730975776375702111132658575084|10762099580690602196113129224891962937520607241488317232100809708502425776954|1
({row.record_id},){row.reportingPeriod},({row.organizationalBoundary},){row.emissionFactorVersion},({row.company_hash},){row.emissionThreshold},({row.zk_is_eligible},){row.attestation_commitment},10725043747692756587535511339044911624260414248110591810495931852240829719270|11553267272483965214718713586761953902453914790367261143942817068766212286462|1
({row.record_id},){row.reportingPeriod},({row.organizationalBoundary},){row.emissionFactorVersion},({row.company_hash},){row.emissionThreshold},({row.zk_is_eligible},){row.attestation_commitment},781536992483513776456079772501802574050891000777928430477685468621009353975|15602652556004019899021585137321244246771399006389750189248873176137143774911|1
({row.record_id},){row.reportingPeriod},({row.organizationalBoundary},){row.emissionFactorVersion},({row.company_hash},){row.emissionThreshold},({row.zk_is_eligible},){row.attestation_commitment},14936713891899793531789350083168783907966393090354744893314810949674810912181|20712272265726521897963183315367487588547498756261544560925698029193091336954|1
({row.record_id},){row.reportingPeriod},({row.organizationalBoundary},){row.emissionFactorVersion},({row.company_hash},){row.emissionThreshold},({row.zk_is_eligible},){row.attestation_commitment},11470888085680406377672524695961074899086112230251695493047591848715436382719|7206082089630393681590689509394060156217248168041600102982888793633614887095|1
({row.record_id},){row.reportingPeriod},({row.organizationalBoundary},){row.emissionFactorVersion},({row.company_hash},){row.emissionThreshold},({row.zk_is_eligible},){row.attestation_commitment},2496902596915341359523422904536262547765094171231024875995662737544871962122|16760724794378623419249815394795055328781963287791032588070655661236986694900|1
({row.record_id},){row.reportingPeriod},({row.organizationalBoundary},){row.emissionFactorVersion},({row.company_hash},){row.emissionThreshold},({row.zk_is_eligible},){row.attestation_commitment},21184716288671625214150622094096542658084795974653507729913071897008864428209|598924721577835734050303780079230424941672372314695851667698902853442379982|1
({row.record_id},){row.reportingPeriod},({row.organizationalBoundary},){row.emissionFactorVersion},({row.company_hash},){row.emissionThreshold},({row.zk_is_eligible},){row.attestation_commitment},12546698270078467419733587405054702018040335564715445805065664044104988617801|12032490375216088405560419449164241802578881271520404007431374568557739901353|1
({row.record_id},){row.reportingPeriod},({row.organizationalBoundary},){row.emissionFactorVersion},({row.company_hash},){row.emissionThreshold},({row.zk_is_eligible},){row.attestation_commitment},8142699556671458241129527571933633206948843898891958933763045199789490611650|3050195437799213847113990914559249922019790778074237395754463248568947338094|1
({row.record_id},){row.reportingPeriod},({row.organizationalBoundary},){row.emissionFactorVersion},({row.company_hash},){row.emissionThreshold},({row.zk_is_eligible},){row.attestation_commitment},4061460408921589161503052743111134738647891533782016536083817755983875127222|1010939010470003068313838645547617629507832057840833137008637106882497404851|1
({row.record_id},){row.reportingPeriod},({row.organizationalBoundary},){row.emissionFactorVersion},({row.company_hash},){row.emissionThreshold},({row.zk_is_eligible},){row.attestation_commitment},7752274905725992175438062110986672860414969941730392074161783609888096637558|12033661155799675073171652278340173625187028905741158440875635153952771889326|1
({row.record_id},){row.reportingPeriod},({row.organizationalBoundary},){row.emissionFactorVersion},({row.company_hash},){row.emissionThreshold},({row.zk_is_eligible},){row.attestation_commitment},8130030888132891493332086305613794688506047212248350265925196918516043281877|9842926736218255678451229860535730640803175313007661399141868820640070828598|1
({row.record_id},){row.reportingPeriod},({row.organizationalBoundary},){row.emissionFactorVersion},({row.company_hash},){row.emissionThreshold},({row.zk_is_eligible},){row.attestation_commitment},223601767741216424549525825948999336935348318343149374008397879330895808856|19867536668482716728196527570963917010775411375951316884956531075453747538337|1
({row.record_id},){row.reportingPeriod},({row.organizationalBoundary},){row.emissionFactorVersion},({row.company_hash},){row.emissionThreshold},({row.zk_is_eligible},){row.attestation_commitment},1676837435895111241239128681923083400595846645171009191514060471235535051754|11685381962845322368609768345309807996670791295191175645907203706852785634575|1
({row.record_id},){row.reportingPeriod},({row.organizationalBoundary},){row.emissionFactorVersion},({row.company_hash},){row.emissionThreshold},({row.zk_is_eligible},){row.attestation_commitment},21822756617217250579332505604302027126099572989840659021117303071543969267722|7844654501701909604421849397800882942224539863890353821970199326794979889357|1
({row.record_id},){row.reportingPeriod},({row.organizationalBoundary},){row.emissionFactorVersion},({row.company_hash},){row.emissionThreshold},({row.zk_is_eligible},){row.attestation_commitment},4144138668830417545601167404875064072337483454692554907521221596464358403273|1614921953986643386446080279410773326446493288993685148713598979297174418096|1
({row.record_id},){row.reportingPeriod},({row.organizationalBoundary},){row.emissionFactorVersion},({row.company_hash},){row.emissionThreshold},({row.zk_is_eligible},){row.attestation_commitment},15757396628184802895501645814375597794142030564019275275880435358842080347871|17354861812622987753153875673437971480247795376004475261873511451659869679097|1
({row.record_id},){row.reportingPeriod},({row.organizationalBoundary},){row.emissionFactorVersion},({row.company_hash},){row.emissionThreshold},({row.zk_is_eligible},){row.attestation_commitment},9904036568500762852744857033183432979081601146293974554772355656583886271478|7954199421184654462786937337419931371091822819746828909176845626764683966836|1
({row.record_id},){row.reportingPeriod},({row.organizationalBoundary},){row.emissionFactorVersion},({row.company_hash},){row.emissionThreshold},({row.zk_is_eligible},){row.attestation_commitment},7697168340223304519844771353944811487418312126809454351125256564297655663350|16918907166227171144049380784396756188162253913508578516973309821063576412368|1
({row.record_id},){row.reportingPeriod},({row.organizationalBoundary},){row.emissionFactorVersion},({row.company_hash},){row.emissionThreshold},({row.zk_is_eligible},){row.attestation_commitment},98788277653178077391446292150525490972626692321383810220972058336125836706|17708341122088058677355667200108178946857908696700270358556695371946028557267|1
({row.record_id},){row.reportingPeriod},({row.organizationalBoundary},){row.emissionFactorVersion},({row.company_hash},){row.emissionThreshold},({row.zk_is_eligible},){row.attestation_commitment},5497544191578040209236730565882581685570660328690409200346701502380857694568|6114215584830780820723831315207543539434470084683637268249104588546993421654|1
({row.record_id},){row.reportingPeriod},({row.organizationalBoundary},){row.emissionFactorVersion},({row.company_hash},){row.emissionThreshold},({row.zk_is_eligible},){row.attestation_commitment},9873863999815353313784250832934046871704774938075582160173652023027326294715|525047745028916861944869752307929307851195232912824329582764429715904918843|1
({row.record_id},){row.reportingPeriod},({row.organizationalBoundary},){row.emissionFactorVersion},({row.company_hash},){row.emissionThreshold},({row.zk_is_eligible},){row.attestation_commitment},15483724934651627758611326390499162676810978662640301165642775375569986377745|6874748474567762132496439318648737117425574813979349132638306203091268586841|1
({row.record_id},){row.reportingPeriod},({row.organizationalBoundary},){row.emissionFactorVersion},({row.company_hash},){row.emissionThreshold},({row.zk_is_eligible},){row.attestation_commitment},7888491046339844967233061956251851069141064477480803953892521475955324775631|7537385053064195194791870867795029288638300721991789469081295704509006232098|1
({row.record_id},){row.reportingPeriod},({row.organizationalBoundary},){row.emissionFactorVersion},({row.company_hash},){row.emissionThreshold},({row.zk_is_eligible},){row.attestation_commitment},20041502512174985104208707078092768650271642023448631416318158677613337372192|14683921274308032912467074467709805086366847494993895494963560025028395439382|1
({row.record_id},){row.reportingPeriod},({row.organizationalBoundary},){row.emissionFactorVersion},({row.company_hash},){row.emissionThreshold},({row.zk_is_eligible},){row.attestation_commitment},15626977108461299293365181996273831494267964947984996095219691111804133455793|2201714440024828042561234842241181197023665327371559597018768506075342939227|1
({row.record_id},){row.reportingPeriod},({row.organizationalBoundary},){row.emissionFactorVersion},({row.company_hash},){row.emissionThreshold},({row.zk_is_eligible},){row.attestation_commitment},6914708612805259529843708117901592735095824458857258011261207557200246293863|5071949402423610370375235742962649152841405982317760070638131599816597893263|1
({row.record_id},){row.reportingPeriod},({row.organizationalBoundary},){row.emissionFactorVersion},({row.company_hash},){row.emissionThreshold},({row.zk_is_eligible},){row.attestation_commitment},8952409572588095516997202172424817983321867353968861349494434526689896456805|5297003831134350680335632727104297605614246729509676714924566277697937431985|1
({row.record_id},){row.reportingPeriod},({row.organizationalBoundary},){row.emissionFactorVersion},({row.company_hash},){row.emissionThreshold},({row.zk_is_eligible},){row.attestation_commitment},14538908956209416000496012108922553169976966918049722695970676986757094517259|15176252814115791889154092702753969165668923481609820966117235278520297287486|1
({row.record_id},){row.reportingPeriod},({row.organizationalBoundary},){row.emissionFactorVersion},({row.company_hash},){row.emissionThreshold},({row.zk_is_eligible},){row.attestation_commitment},9194510285185858066984546824565844856342234123987583291081450464004925628508|224011106776209560055255626381980977530585711684199091015978252986894829936|1
({row.record_id},){row.reportingPeriod},({row.organizationalBoundary},){row.emissionFactorVersion},({row.company_hash},){row.emissionThreshold},({row.zk_is_eligible},){row.attestation_commitment},17527286727879096977400425976669100855196586675137224216404957485300907706699|5801196554131762475653096356191795993305743865364219611499256391708511092023|1
({row.record_id},){row.reportingPeriod},({row.organizationalBoundary},){row.emissionFactorVersion},({row.company_hash},){row.emissionThreshold},({row.zk_is_eligible},){row.attestation_commitment},8212457535611985474370790755188297226657204525114740779698099022008298067013|3359654473917200012052818211595017582326515174227943202389624887585410625715|1
({row.record_id},){row.reportingPeriod},({row.organizationalBoundary},){row.emissionFactorVersion},({row.company_hash},){row.emissionThreshold},({row.zk_is_eligible},){row.attestation_commitment},2769282560214979631369870842597413716093348683635874833772224825698561489299|7151623602952469111683686787870727858352705714741198725672481771512695191104|1
({row.record_id},){row.reportingPeriod},({row.organizationalBoundary},){row.emissionFactorVersion},({row.company_hash},){row.emissionThreshold},({row.zk_is_eligible},){row.attestation_commitment},15928394075450410041283896192329156966001401127277585752231293715346765818455|9187898574629867071725504054137930000210224271870605698206486650236296605593|1
({row.record_id},){row.reportingPeriod},({row.organizationalBoundary},){row.emissionFactorVersion},({row.company_hash},){row.emissionThreshold},({row.zk_is_eligible},){row.attestation_commitment},16987699354558724412151406436867301049788479203687312208020634059342769669272|8929838244490518533037073671229478942567033472160186260853958514970149593418|1
({row.record_id},){row.reportingPeriod},({row.organizationalBoundary},){row.emissionFactorVersion},({row.company_hash},){row.emissionThreshold},({row.zk_is_eligible},){row.attestation_commitment},13888828940127334605420230113933458522951231038626664025422646949265190208524|1235738246174795605078151586374323902815927445784061184032377606621031873390|1
({row.record_id},){row.reportingPeriod},({row.organizationalBoundary},){row.emissionFactorVersion},({row.company_hash},){row.emissionThreshold},({row.zk_is_eligible},){row.attestation_commitment},12317850966812701842637267352505435110414035406733229684423177908346822778113|19530173884695380823065750068331323487069669388198964318610371864570765149699|1
({row.record_id},){row.reportingPeriod},({row.organizationalBoundary},){row.emissionFactorVersion},({row.company_hash},){row.emissionThreshold},({row.zk_is_eligible},){row.attestation_commitment},6112714964865163648810006458700060886535158321862340161857791404518655722003|20413827525975877854053023811604770386689806831625697890512152867049324271902|1
({row.record_id},){row.reportingPeriod},({row.organizationalBoundary},){row.emissionFactorVersion},({row.company_hash},){row.emissionThreshold},({row.zk_is_eligible},){row.attestation_commitment},9010994184220529923950858538418449625215481165147560717873603297500202678083|20916585857732498884395854990423894120580939370853707824655334034109861953592|1
({row.record_id},){row.reportingPeriod},({row.organizationalBoundary},){row.emissionFactorVersion},({row.company_hash},){row.emissionThreshold},({row.zk_is_eligible},){row.attestation_commitment},3038476041367002431333163706577224101159397270574776801260212223009219090128|8732534693645111155297642921797654097782364241458846619928520264120436326078|1
({row.record_id},){row.reportingPeriod},({row.organizationalBoundary},){row.emissionFactorVersion},({row.company_hash},){row.emissionThreshold},({row.zk_is_eligible},){row.attestation_commitment},14611256023661790285637097316772000837684502040101981651901299929722030715451|13914064594925087781774958713028813295877473216131849452188893605058724371927|1
({row.record_id},){row.reportingPeriod},({row.organizationalBoundary},){row.emissionFactorVersion},({row.company_hash},){row.emissionThreshold},({row.zk_is_eligible},){row.attestation_commitment},13569403446526026622480537365378634028209486777956464479230828539498066612516|19181469010006508396749398155961001152228184751236223383481451323396522733607|1
({row.record_id},){row.reportingPeriod},({row.organizationalBoundary},){row.emissionFactorVersion},({row.company_hash},){row.emissionThreshold},({row.zk_is_eligible},){row.attestation_commitment},1477710755962581121484276472989306708344495878953133343355591446549687600110|15494112064513748120717296111487987698486766524586159894984498196856056674810|1
({row.record_id},){row.reportingPeriod},({row.organizationalBoundary},){row.emissionFactorVersion},({row.company_hash},){row.emissionThreshold},({row.zk_is_eligible},){row.attestation_commitment},19689062484567073818699695455854023408567480489240541935600741410840013993047|6183406276607904380310187937523812664340691006047310056154708417097782229087|1
({row.record_id},){row.reportingPeriod},({row.organizationalBoundary},){row.emissionFactorVersion},({row.company_hash},){row.emissionThreshold},({row.zk_is_eligible},){row.attestation_commitment},18100763490459155297424976458676439598369809672188472154732011857872252832894|20575469567381331913742297754411346648931506029918378763303331771619702921821|1
({row.record_id},){row.reportingPeriod},({row.organizationalBoundary},){row.emissionFactorVersion},({row.company_hash},){row.emissionThreshold},({row.zk_is_eligible},){row.attestation_commitment},13715929021664156210342709495440465022119068163444055962093588360269122921235|13732933840494605854624883736479981245607818446725347975757645157216599257537|1
({row.record_id},){row.reportingPeriod},({row.organizationalBoundary},){row.emissionFactorVersion},({row.company_hash},){row.emissionThreshold},({row.zk_is_eligible},){row.attestation_commitment},7282909661426845696524429382650480547412942907901966542034098537554144175524|3505251062467536924896443537790022785171330197820926974561341259428984270039|1
({row.record_id},){row.reportingPeriod},({row.organizationalBoundary},){row.emissionFactorVersion},({row.company_hash},){row.emissionThreshold},({row.zk_is_eligible},){row.attestation_commitment},3462721924429335365338839995150467935855762661999467095876825092787726505308|7615899650487505036430305734047224001065321007508890035471029363254884980091|1
({row.record_id},){row.reportingPeriod},({row.organizationalBoundary},){row.emissionFactorVersion},({row.company_hash},){row.emissionThreshold},({row.zk_is_eligible},){row.attestation_commitment},4394962732699543459507108864752174716166835584265848755949408785335833238379|20684829804293368837848668791001736490900560047262407201140429337228652585334|1
({row.record_id},){row.reportingPeriod},({row.organizationalBoundary},){row.emissionFactorVersion},({row.company_hash},){row.emissionThreshold},({row.zk_is_eligible},){row.attestation_commitment},6216666845833411431234842272462758477281052697185564156271330374919987379134|19335770798755540165959243739592855688012335376984586909300788363376427705665|1
({row.record_id},){row.reportingPeriod},({row.organizationalBoundary},){row.emissionFactorVersion},({row.company_hash},){row.emissionThreshold},({row.zk_is_eligible},){row.attestation_commitment},1273253126282500982019984673669715085841255560796307384689512137174696511463|17101232691995752788677484057102025509030070384134043375197401555585932590598|1
({row.record_id},){row.reportingPeriod},({row.organizationalBoundary},){row.emissionFactorVersion},({row.company_hash},){row.emissionThreshold},({row.zk_is_eligible},){row.attestation_commitment},12937948837843714671858122041840559550728872752549015303901348965476654368620|1141697407470991253862103992466509529319025130381487639135642536733675341960|1
({row.record_id},){row.reportingPeriod},({row.organizationalBoundary},){row.emissionFactorVersion},({row.company_hash},){row.emissionThreshold},({row.zk_is_eligible},){row.attestation_commitment},11481012026319054963128910844946348656107003731656333803260364037184292892439|13629331237202235100045828381059139570008011644065004661726365686713808845555|1
({row.record_id},){row.reportingPeriod},({row.organizationalBoundary},){row.emissionFactorVersion},({row.company_hash},){row.emissionThreshold},({row.zk_is_eligible},){row.attestation_commitment},10734902040856071250586276275809048940521604775893936620625804337183467497912|6803344667774979592406798681916513003981437335531040647961948947325785265296|1
({row.record_id},){row.reportingPeriod},({row.organizationalBoundary},){row.emissionFactorVersion},({row.company_hash},){row.emissionThreshold},({row.zk_is_eligible},){row.attestation_commitment},330093837954775635797802363676489369903570595020291701707744293558572229792|18072676016592225426137684779931766051911085952486728314993164850419281440494|1
({row.record_id},){row.reportingPeriod},({row.organizationalBoundary},){row.emissionFactorVersion},({row.company_hash},){row.emissionThreshold},({row.zk_is_eligible},){row.attestation_commitment},19554045162009186890599714467013528289990804317377541986976965743861925398532|8087664718613741256220246230045920800447521745143944393219067779026595511826|1
({row.record_id},){row.reportingPeriod},({row.organizationalBoundary},){row.emissionFactorVersion},({row.company_hash},){row.emissionThreshold},({row.zk_is_eligible},){row.attestation_commitment},20915775479662900082209047399767980586642368398212701921976087289127084620496|9143117139623934262238137557857438842829922023076017629263797026869497469998|1
({row.record_id},){row.reportingPeriod},({row.organizationalBoundary},){row.emissionFactorVersion},({row.company_hash},){row.emissionThreshold},({row.zk_is_eligible},){row.attestation_commitment},3812190307683193888292888040007429274104102671026106547302114523245267343532|19905991548068076319944402772096601010261029698813584503433116942997815741222|1
({row.record_id},){row.reportingPeriod},({row.organizationalBoundary},){row.emissionFactorVersion},({row.company_hash},){row.emissionThreshold},({row.zk_is_eligible},){row.attestation_commitment},19574390611607152763089228717483923251113679587841795100218563201370870666325|12093367458396616236737167300751477132672741639761930173511135330120891634754|1
({row.record_id},){row.reportingPeriod},({row.organizationalBoundary},){row.emissionFactorVersion},({row.company_hash},){row.emissionThreshold},({row.zk_is_eligible},){row.attestation_commitment},15412299617628006916504136567219910535200461624645138213237169933398779516865|5618710222233098549545412262268879468847461452985308656532929605493821737015|1
({row.record_id},){row.reportingPeriod},({row.organizationalBoundary},){row.emissionFactorVersion},({row.company_hash},){row.emissionThreshold},({row.zk_is_eligible},){row.attestation_commitment},17468867917304980542782169178133954878252209151989473867551199044538768497675|11920027841944439422254793285555053916732873264803274296173605282096170742488|1
({row.record_id},){row.reportingPeriod},({row.organizationalBoundary},){row.emissionFactorVersion},({row.company_hash},){row.emissionThreshold},({row.zk_is_eligible},){row.attestation_commitment},7164475429285942349412147182184941757332378997902864510278308691020786334070|17281221635198181328324372022157528752801170791685969070282330314681122520586|1
({row.record_id},){row.reportingPeriod},({row.organizationalBoundary},){row.emissionFactorVersion},({row.company_hash},){row.emissionThreshold},({row.zk_is_eligible},){row.attestation_commitment},15656603234875917403841202594449554173503986724384661297328318407138110314348|17707952669738225816006729699702952386595176603262849187331419878215496815317|1
({row.record_id},){row.reportingPeriod},({row.organizationalBoundary},){row.emissionFactorVersion},({row.company_hash},){row.emissionThreshold},({row.zk_is_eligible},){row.attestation_commitment},21183576747831993021257703879503341533222105670403439774228466895510533394841|16870850719258131258260100397761984946653364385772724789748624123670873811726|1
({row.record_id},){row.reportingPeriod},({row.organizationalBoundary},){row.emissionFactorVersion},({row.company_hash},){row.emissionThreshold},({row.zk_is_eligible},){row.attestation_commitment},18280208676422878154027233217238032758047902419463681153240853003658916063045|3197617110623153072105553103372503699197863551330818698890418294604654703385|1
({row.record_id},){row.reportingPeriod},({row.organizationalBoundary},){row.emissionFactorVersion},({row.company_hash},){row.emissionThreshold},({row.zk_is_eligible},){row.attestation_commitment},16425494724715008309359850271239515832404714812851680022749051234417559638102|10024380364317357747049789212798835580607115633703131466302885175142444767933|1
({row.record_id},){row.reportingPeriod},({row.organizationalBoundary},){row.emissionFactorVersion},({row.company_hash},){row.emissionThreshold},({row.zk_is_eligible},){row.attestation_commitment},10593877557342818395201350595319695242439601632513195610855157102814647187607|3426691963359317122126450052921411601142918680389493944590903729238865077913|1
({row.record_id},){row.reportingPeriod},({row.organizationalBoundary},){row.emissionFactorVersion},({row.company_hash},){row.emissionThreshold},({row.zk_is_eligible},){row.attestation_commitment},3949772660903914089172618719198899526279557130879012771865799852935006812577|12850250904185310907091977861207025254384970621902582257433721546047682494726|1
({row.record_id},){row.reportingPeriod},({row.organizationalBoundary},){row.emissionFactorVersion},({row.company_hash},){row.emissionThreshold},({row.zk_is_eligible},){row.attestation_commitment},499614066138630744199505512165264535871153627034951533625864056384816879387|7923985042400350187303367100728302187662892531924949274734197652981810385172|1
({row.record_id},){row.reportingPeriod},({row.organizationalBoundary},){row.emissionFactorVersion},({row.company_hash},){row.emissionThreshold},({row.zk_is_eligible},){row.attestation_commitment},5810206137658958815698627415341014183219754872559844048642804812321042640914|20511713211265244688009044556006098201607756477086385741462787263448227908254|1
({row.record_id},){row.reportingPeriod},({row.organizationalBoundary},){row.emissionFactorVersion},({row.company_hash},){row.emissionThreshold},({row.zk_is_eligible},){row.attestation_commitment},2968903566743125046006681601280869539086449741122205403437755825678063489853|9898618527642188577619023506066118637704454793723321722820236235416268770722|1
({row.record_id},){row.reportingPeriod},({row.organizationalBoundary},){row.emissionFactorVersion},({row.company_hash},){row.emissionThreshold},({row.zk_is_eligible},){row.attestation_commitment},14772678419381525958204076343795880230733627441880341553137969056887451790556|12847032594106627437697229827758147406065950289379928728481153288873456545757|1
({row.record_id},){row.reportingPeriod},({row.organizationalBoundary},){row.emissionFactorVersion},({row.company_hash},){row.emissionThreshold},({row.zk_is_eligible},){row.attestation_commitment},6348492117557288739547317001361350178914813554216217782235319559690040788176|8315098611913500652469554679224125937241879108519463304430514862698379121770|1
({row.record_id},){row.reportingPeriod},({row.organizationalBoundary},){row.emissionFactorVersion},({row.company_hash},){row.emissionThreshold},({row.zk_is_eligible},){row.attestation_commitment},16565433790021895981439555683647459669388308526127943061845130993573838926944|8809298001804682724270060609875487738955536418615766046901547472217647844471|1
({row.record_id},){row.reportingPeriod},({row.organizationalBoundary},){row.emissionFactorVersion},({row.company_hash},){row.emissionThreshold},({row.zk_is_eligible},){row.attestation_commitment},4686454087010816122497372766627495153154604818427624422252040381312862436354|6557555485332445049948342307511136712504731733164106728374419060409756944508|1
({row.record_id},){row.reportingPeriod},({row.organizationalBoundary},){row.emissionFactorVersion},({row.company_hash},){row.emissionThreshold},({row.zk_is_eligible},){row.attestation_commitment},8044034992139816757594167356771860321490803617528351417023534202589475664540|8818738825755983250767129208271212056492132955677847627769618848691104406137|1
({row.record_id},){row.reportingPeriod},({row.organizationalBoundary},){row.emissionFactorVersion},({row.company_hash},){row.emissionThreshold},({row.zk_is_eligible},){row.attestation_commitment},21177681443168862247448432612585402414469679920247268184248495010251185937487|12871095338277100338469080460815353729182791998181391130473750274321190129299|1
({row.record_id},){row.reportingPeriod},({row.organizationalBoundary},){row.emissionFactorVersion},({row.company_hash},){row.emissionThreshold},({row.zk_is_eligible},){row.attestation_commitment},16434570855741469554597222103217977598706326009954202247641606393914129599130|2049557544711470388239565411171751756058011914496071420146224047398548017389|1
({row.record_id},){row.reportingPeriod},({row.organizationalBoundary},){row.emissionFactorVersion},({row.company_hash},){row.emissionThreshold},({row.zk_is_eligible},){row.attestation_commitment},2100874609543697802779754691580587397753005519732530541598660850692509200341|7174447094682131149351774833838563539273182907392735761692419115163801198341|1
({row.record_id},){row.reportingPeriod},({row.organizationalBoundary},){row.emissionFactorVersion},({row.company_hash},){row.emissionThreshold},({row.zk_is_eligible},){row.attestation_commitment},880571054681337781307452709468649076354276517841383204512642202125127497531|21282966776225745155688070356637234166358238453500601443631237581096094278967|1
({row.record_id},){row.reportingPeriod},({row.organizationalBoundary},){row.emissionFactorVersion},({row.company_hash},){row.emissionThreshold},({row.zk_is_eligible},){row.attestation_commitment},20052414487773654990524412578179794915030691360916511097019115690757517237198|7742666733134990453628921897507807634494979709668800997930269328896307515817|1
({row.record_id},){row.reportingPeriod},({row.organizationalBoundary},){row.emissionFactorVersion},({row.company_hash},){row.emissionThreshold},({row.zk_is_eligible},){row.attestation_commitment},6245161263562073363700696155369572275696784013738037549075885315330023885967|18782245362811730414522252685007014702630580674118487175159074801571364310995|1
({row.record_id},){row.reportingPeriod},({row.organizationalBoundary},){row.emissionFactorVersion},({row.company_hash},){row.emissionThreshold},({row.zk_is_eligible},){row.attestation_commitment},17361403426032568445032411689409940582927874802493713955902900561705268389180|1135395927853107484690774504185847645303676837463459138179629294482515494016|1
({row.record_id},){row.reportingPeriod},({row.organizationalBoundary},){row.emissionFactorVersion},({row.company_hash},){row.emissionThreshold},({row.zk_is_eligible},){row.attestation_commitment},16177999265206898646549592923839696052895393469814364511812064359953666889772|9760584625305023543442458814595953303148966316852746931638788691700273104596|1
