record_id,reporting_period,organizational_boundary,factor_version,company_hash,insurance_threshold_public,zk_is_eligible_signal,poseidon_attestation_commitment,zk_proof_json
"ESG_ZK_2024_001","2024","1","2024","bf9854d78e2fdf2e7cd5377ef45be7fb5e74ed3fbfded26681e3a836b18b655c","500000","1","4803636492956174901954560351526878885003106717227461736384248215132091355626","{""pi_a"":[""13443051368608813557975697358273260911656653964806549590637255674960724715030"",""16816888127614465542741293428336860896991936586138434652652932413574503736058"",""1""],""pi_b"":[[""21507360138315130388064594020953808065605693822170224598948073176868416081475"",""21639175653405706536609900451836410493206622610396624847638315165820495800884""],[""20082488109597139154136664935994207797276570809674369249721900826966169563862"",""8376791097899029721065119221129458279901993390408260195420923497382121216266""],[""1"",""0""]],""pi_c"":[""2978807915107097808324978808496271243348346520691626497217705879269226083660"",""11432998699363803504500916846404871963044701627531818943377178166776102175298"",""1""],""protocol"":""groth16"",""curve"":""bn128""}"
"ESG_ZK_2024_002","2024","1","2024","df8346d46da3718de461bb3398328684019fbffe73684681c6d71c99483df592","500000","1","1129566717523041090502484817883574264842232207048787383866194426739348888572","{""pi_a"":[""3804273288401590984510391282772088618477507262513400428431528399304445177961"",""9773417184624260978028289806852146701615714496124729127362995605960622078097"",""1""],""pi_b"":[[""11468392106598796524502793907058868218198935652830859936812106003610436453164"",""20509994084806900323187679662015463136830768759437237191577771358289896581950""],[""9821243165223322625763852309758459025251398727241625065566681813685780497988"",""10531360753913367254234273365973478134533252681323696430167880402794457602277""],[""1"",""0""]],""pi_c"":[""3717898034178374227007441211901213364411374737867352722777838786595921872976"",""5990281134772057239040011249498955213955617749260955753158548518822000909746"",""1""],""protocol"":""groth16"",""curve"":""bn128""}"
"ESG_ZK_2024_003","2024","1","2024","6197155256a682ec17e66eb79651f4626a096de192280f34c0aa46f18206cadb","500000","1","17237803152102986027881373555248570149525722769738532974282841907877912824849","{""pi_a"":[""16472311606286323160994723871671101788351574310046831746941192281209408274021"",""9425345944132900272583918775667193168135432501383664906565150735940386436099"",""1""],""pi_b"":[[""17607499695595249115873554148004583569053022113500816085441555582572476133608"",""20668147275524832169956227744270871952172709974221481443659410923482758537772""],[""348899915369463093292327876389995172406289600802788889954310445725130330450"",""6506906111399583815505343126047231633056628660276617843675743361406931286229""],[""1"",""0""]],""pi_c"":[""16199798207863664117021762289263296312131191551434077611464355390918266075104"",""4928806041877789280080287140332066081563963235466198691951265719254014510320"",""1""],""protocol"":""groth16"",""curve"":""bn128""}"
"ESG_ZK_2024_004","2024","1","2024","cd3271c177ab0ca1f55f7f75baea9a4ae66774cfffcccd3e59e513a96b651f53","500000","1","11656960976794953514583394551474923957781287348273553331796243554538440091852","{""pi_a"":[""4807014998714298873515408131857478204475936984052212256219588885912576757455"",""17176375891864917856945495126291235335128738565804235510939911738086321336490"",""1""],""pi_b"":[[""13682979255985984873683178802371080138123630336661334510376622187373980971401"",""12883373379408876588623424635714230920467356686984606687229039785649191275775""],[""10444333605743621032874319412623361647444442655864757875005745267038355089975"",""7631339153472378640508231015492686866817065446060437258932419064937764509536""],[""1"",""0""]],""pi_c"":[""1438338658078627804853883276395506701748797450102006632979763438871039560743"",""15245692899929509698634671620144417645954624350361402272770397918896475389589"",""1""],""protocol"":""groth16"",""curve"":""bn128""}"
"ESG_ZK_2024_006","2024","1","2024","3bf82c0d06871858588d1ba68512840b4ce4602ac20a2d97140bde32bdd13cd9","500000","1","9782373447569574918509979192428932744114209873517521047692388221664741205938","{""pi_a"":[""5588577056620701926277222163180005876366574050283725334265685591504343792975"",""12380429371436472074844157414728317665478028286238153467033650992411571009290"",""1""],""pi_b"":[[""7393892861806077291346286860621869642631902398193998700073457366022714272218"",""15294077526133458463772707204421086677294941082548877581699963291135629757739""],[""3168268502349638476910096883313112020334345139813796226355457537739829825804"",""7559509900556205050018267747216652371480318279994199776925748342076100368039""],[""1"",""0""]],""pi_c"":[""4224161085155938622615486782731510028470103036253789505197905067615366484238"",""13914705385938375185195025084566049671003051948736644924598688038852884781286"",""1""],""protocol"":""groth16"",""curve"":""bn128""}"
"ESG_ZK_2024_007","2024","1","2024","67be5892e1d68563d57e107e9c939fec6ede2ab04a9c7b2b3d24daff1231a764","500000","1","16038922783216488651511354582223970854271313229633115696363283337453525017401","{""pi_a"":[""17423936042840721619224973502818098946276676536980590461610439791545054646581"",""1611303077861440351336518157477045640185687331630161563123527992654595372668"",""1""],""pi_b"":[[""12681633512304272718717727462406074361979710759542670912823207407666951669402"",""4410473550911825961688189708763944387940808905273316161176542394138604638507""],[""18191151032776081184952974720412028318839359513956585592275762306269338822164"",""20073996964696854728777144188969764318153892642176471725264910618975411328361""],[""1"",""0""]],""pi_c"":[""16309990696680854975735016523953980523184719692499602538825964644138171803546"",""1539115164656177015274191739271193608793650794159265954801885886228398315631"",""1""],""protocol"":""groth16"",""curve"":""bn128""}"
"ESG_ZK_2024_008","2024","1","2024","098ce94a89c1589c1a023703475b2a0c732ba0adae775ecf8d0dee70fade03e7","500000","1","16943167359837146861430896131532090653106875920004326242241048713575222310034","{""pi_a"":[""4776457133535228325758508244732204795250984550421657535948123106969143297383"",""20162399119867741958061298705035198505552804116903506297855417586003105507753"",""1""],""pi_b"":[[""5406068211978415502026309056141516583405057908289393705178837366643725887785"",""13751404442805615335339316623087196147419982405460864889159017588086096864930""],[""19107611478979794407842377924760366933123687890899022464637123251063947964145"",""5299429888451780831465888921530777743832856633845937127285167023411690335387""],[""1"",""0""]],""pi_c"":[""5386780428614566200591976001254936279038038367586611029351256762598782296974"",""995767712021352408714121542581503619815603596446521816547640547878282898877"",""1""],""protocol"":""groth16"",""curve"":""bn128""}"
"ESG_ZK_2024_009","2024","1","2024","5e717d92d6157d502fc223c420f66938a6d98af476337c7dabd7949d636e28d7","500000","1","5997298605368678680186841223151067627882950191879956396443120572036281811471","{""pi_a"":[""4753881491693231397809242330387931686932149147889382850073941050994315282312"",""17853914066670171425331466475352586987435044348320716087624029945730774587856"",""1""],""pi_b"":[[""12536840338630979890489641746836266470505167923510224308319024370594573226934"",""4149392022762699051873644623638129060297197242843702737984596137126513589642""],[""71720287633286991973126455401699162558094392869623476043995358760802853303"",""3824517218801750010287449582714988187233582289478644960761089611032527236607""],[""1"",""0""]],""pi_c"":[""20448325992786159105811433414681617960861912355429371827326675175880872092968"",""14550659811935634390774867985410032106961460530915164467163185363333435837587"",""1""],""protocol"":""groth16"",""curve"":""bn128""}"
"ESG_ZK_2024_010","2024","1","2024","54c6b0a7c2e75ed0f8ad3135df1e87448dd76ce81f8b770cd3666703e51f8084","500000","1","8831834238982488615215123501266668348669774992753232425716131206644226675754","{""pi_a"":[""16358413483150706040232277912493269729259680761313615070510004146222593678968"",""19422066778804396535940411224433676381308874431921580124142098102806169371864"",""1""],""pi_b"":[[""2618831094156141865586310035884181078721857850545511427864461092193007437247"",""17788042714475492604921981316462161425166327789447442430043738063313406020917""],[""5893440617714401083399807555366361044943666487970954955859882260099004969470"",""21504262121449483231985586643659768431850972848885445590108498143302672002013""],[""1"",""0""]],""pi_c"":[""4624037378329579029735712388228059587390028319305857300328112175333233411461"",""14590995992080630280130703962894081799719755938016807769282816712984681151604"",""1""],""protocol"":""groth16"",""curve"":""bn128""}"
"ESG_ZK_2024_011","2024","1","2024","81ac3c773f818733cb0904eb4a5f321fa09c72cc8971ef699a98a7447c3a9465","500000","1","4207551128736737300037595944391049409764934078958348112433671744692315802814","{""pi_a"":[""16105794509109168192090941002642024384406990241834775046254800855725752808297"",""2769055622556817308565780712376788421773661999350521374044917463080641951303"",""1""],""pi_b"":[[""15818925168871798757535437933147817271080868761067752284732731602715998685318"",""12304517594691950895860004441734791983797530108618501538626413391190722645729""],[""4507400976518685772851684943158828866412754523541745564182932039726319301898"",""11340111645788959017257792421566423094482940552656538796933239283829033985912""],[""1"",""0""]],""pi_c"":[""20191905390648691976618851871760124151382573778006874913041234691106625025310"",""4241119156198387426120293072598827118463160581572050812180103043378407843217"",""1""],""protocol"":""groth16"",""curve"":""bn128""}"
"ESG_ZK_2024_012","2024","1","2024","bfe6745cf67483ab8ea6b174ac617167c58a5f7b8342201e9a13e38d3deb2b8a","500000","1","17178027406579257352728246284207446645183112208997699986267866531731627362109","{""pi_a"":[""20364002619445087410167915417569851558830254831837301068871508098033742776344"",""610806834609172547851692018351408082995426280856848601497783555602265843240"",""1""],""pi_b"":[[""13461074493518947779164447087432671699856909638697645668539797819424196325734"",""16313485656229822177926246331848434873513824785502048989189675655810820222913""],[""7954122234620491554748069450031043118161025355143381226712420813958367144769"",""14047047631600862099292414665148401157504655730923887584088263899001557877304""],[""1"",""0""]],""pi_c"":[""20065886980141522930968590251306920976438596018930853020589172207033694681298"",""7114243522024314348448065268984364740353026494393650701878153379990209574081"",""1""],""protocol"":""groth16"",""curve"":""bn128""}"
"ESG_ZK_2024_013","2024","1","2024","d6e812c113185b88b845574945321709c2af43bf33add95d6dfc1e04bf500eae","500000","1","17993205117974920971584800705201458394514601539969939021862906682005241168202","{""pi_a"":[""8879911555296297008259662140768814450717276110812385388765805260747908585889"",""5672249564053184291138245534593448134076618798025313250052873022000643303516"",""1""],""pi_b"":[[""17688354315781154051466424155213430238537443005178456538245122554366642287986"",""10420625312293818121150905402883181948130999468525824434620739649173046514833""],[""19238090775532089876690479137887490685650275332624341161075852121718315018712"",""21655826435341948846311421397059895624231073296886085155452073926072162233505""],[""1"",""0""]],""pi_c"":[""15767139236604074684338468790296185394983414139703156915589790627372392739646"",""8964100835889984841434266377205425924726717696920684726394133897495666691215"",""1""],""protocol"":""groth16"",""curve"":""bn128""}"
"ESG_ZK_2024_014","2024","1","2024","cd3271c177ab0ca1f55f7f75baea9a4ae66774cfffcccd3e59e513a96b651f53","500000","1","18823817794807957178954173360091567778437511483613991577153939151581085103750","{""pi_a"":[""20489863823543122198813602930264657225898482416404762615159851177311444059526"",""7243138972407550019056292302056871556555779670258368633093042417529073702244"",""1""],""pi_b"":[[""3588088447706699278897933612484241352780919837078143830136047976787060354810"",""3503196556370025222173064959510583978075923967572211376819033094739598622490""],[""5127065349883531884622545884330497242241672767660151195130811476618673746257"",""8296465779794967758800563171028485514238185249078352726410469474912609038603""],[""1"",""0""]],""pi_c"":[""1383182637751543844842279293076317026648132853502727515673503276670702258063"",""2295012808342866630596618164655701114878288833290764450059791314476240434801"",""1""],""protocol"":""groth16"",""curve"":""bn128""}"
"ESG_ZK_2024_016","2024","1","2024","c712b844b8fa4f2a3a3d61ff1c36cdf2b016b0f233b3876c931d77f0a5829d17","500000","1","11585543198793600555848886026530989203546876258199290431935764154670433849595","{""pi_a"":[""7238647936393139737354669813720851274335339026563114773029089200648131105840"",""7114263795843307409331770167900704704539931192830726354430642831028082917846"",""1""],""pi_b"":[[""18659268211417266245500661582181033018619741896253700266917051451537276423485"",""12428247348030712043208131809008942760720524945234688924914086778165100307823""],[""1426954430167654209789929915356966231241015720750957647157988599194526557052"",""18473390421326624347347992457569244770775951048416457894039249597262334861642""],[""1"",""0""]],""pi_c"":[""4534534023217194854727184234994875292577670739270556161754993099953326230960"",""20039074805639992895910276572143206122551101269721572113483912276551225558035"",""1""],""protocol"":""groth16"",""curve"":""bn128""}"
"ESG_ZK_2024_017","2024","1","2024","833b96fb890863c0970ee7ee496b3812e6d397484490f8212c70869250042887","500000","1","4296908811895244613400406323544267079994263927628085261984066762819085410037","{""pi_a"":[""18489906404822087994108183706701366656211588308369839587690584898724289568715"",""8314162613892101590658549809432996470771783122995463916221907591406449906588"",""1""],""pi_b"":[[""3354515497157439146997850956101311281175466066179512422512704203071874507497"",""19972998880569032051594446571702007617243827929959272419541435748058937673681""],[""7890851773535854320111602784703603551294592242755610771498794452139681652946"",""13956505800356785242846447096069609221069894746196350736297901474522039110644""],[""1"",""0""]],""pi_c"":[""8219278076293746896867617060422601814600112334735567759627663481457675892231"",""18024575325739285448075816420262054144500963926641732740507254877871301288395"",""1""],""protocol"":""groth16"",""curve"":""bn128""}"
"ESG_ZK_2024_020","2024","1","2024","54c6b0a7c2e75ed0f8ad3135df1e87448dd76ce81f8b770cd3666703e51f8084","500000","1","19501151456762817451957552659022367515415454958578823101905341789687554075659","{""pi_a"":[""10889145173266150127613813968311527837931749740585756545994402696591010120955"",""6516834031877044228056378852182382202346209471674289137739142473089693539676"",""1""],""pi_b"":[[""17078728283818813503259608148529244706641292752365879281595027163839933144429"",""1628107341787889371738915403543906092946620541823299787421768672886369908002""],[""6361290379252743856372586893769812010494942477985716673629505122280082821398"",""18982045339452419728933917532963989394485702395827715429925936115081067671595""],[""1"",""0""]],""pi_c"":[""20052891706901300326628530277502178806334656100280044447338333348687572499522"",""14335238814576160613760997959863411905800834889768895639281001816145524435280"",""1""],""protocol"":""groth16"",""curve"":""bn128""}"
"ESG_ZK_2024_021","2024","1","2024","fd40236e05a5d2592755e708ecae737c6b4899079f45e5eff3c221908f057456","500000","1","19329681028029748670727295535177840856473995466993447313190775302262382125813","{""pi_a"":[""12450917667885842488828595169545886748216539779638162783064889269498799802472"",""16845989964376972042246194909632429958829274603607564441149784579461479494731"",""1""],""pi_b"":[[""1873398571107576060466822056869573957784119890724870907490228641390210891436"",""13520737809466233403824431168302156021657021739016931299727111532613004268124""],[""1539691159540764329166001717886341789957870243693146733578849581668035634607"",""7750363386002960708948294100375351313913398743320427979689096016055304590962""],[""1"",""0""]],""pi_c"":[""3770968667276826176180650758220983163741254194790324571059654391380084889607"",""16606018215538502539281391848873585813361161436355129740487901585230636871520"",""1""],""protocol"":""groth16"",""curve"":""bn128""}"
"ESG_ZK_2024_022","2024","1","2024","394451a85fe7af221192b374ce062cce3171dac71cf2c8e825faca49377fc4f1","500000","1","7518470733192634649280947445723693644776791061061365619886865597613295992242","{""pi_a"":[""13898784675701511858671413809675637652611762380683851677672748081000399263266"",""7063480546758109840615648151338984973348934473225968784343390630738017623270"",""1""],""pi_b"":[[""13713693914695790995742026897740045667835238718209013668095736584010128412839"",""12504482492290588219143536765879374871155892623007069037565290625791734231790""],[""2381569110309391547635425264802718491309364079538790800007762640084166802428"",""20688125619417812139037913550761538057959599087765855205252857716669019391914""],[""1"",""0""]],""pi_c"":[""12379902020010838536177817412994434271436209166408683038391902148400184247445"",""1133885377605305147521747536486157171010021543394007777661570844544120575426"",""1""],""protocol"":""groth16"",""curve"":""bn128""}"
"ESG_ZK_2024_023","2024","1","2024","0b684ab75d8aab37495c579fbd2891f359441ca6d3aa1b1006853e069cfe1f06","500000","1","6546126103495453174596531238798390490475014699772717250234050516327374314988","{""pi_a"":[""20981752872819510005352511065334442505804481716423040408105051450772721398489"",""1919321274398051329783100272025010716170853916384081477528024055760582031640"",""1""],""pi_b"":[[""1911565247471349704575626701637991677236943823347246521613245513184602606817"",""21073115403319594808443858029089531443332201529981758693315788489932625379281""],[""21205239809078528597992758137286833702472440369429451119804146053931340482453"",""3162081890825772083694974941160566708725281601987879989204597872219836521182""],[""1"",""0""]],""pi_c"":[""7990576242396530530770915845010890450620186431441376961622454917938907911812"",""5595950686660907363368684069368850604434943246774118539708282106687747577221"",""1""],""protocol"":""groth16"",""curve"":""bn128""}"
"ESG_ZK_2024_024","2024","1","2024","b9c73a3941c9a46840683085f2fa86fb027d209e220bcfdef291760434414abb","500000","1","16017318334198329020310017970077803816418505230659139845214234922698757314881","{""pi_a"":[""14991886523540905853681883675386805952265401683897590205971132003352133492526"",""5247081412597091685708019411634365047375149814792468635119493534747857643575"",""1""],""pi_b"":[[""11307175963142254078536025731354523189956750694786265988048213966516783499762"",""17796219293925510165799329571209532862663639653322329488016861258837311450445""],[""16058114113382124557484375031748587665866286550697798472509816526344154546633"",""13774501266612030684501186124114305783818552743481419019819103016116951451623""],[""1"",""0""]],""pi_c"":[""18415830516595836930665567057825489702021539975723512027192612762029637080147"",""11387954052673807656267105241816327589533969452880823101554008892622899151923"",""1""],""protocol"":""groth16"",""curve"":""bn128""}"
"ESG_ZK_2024_025","2024","1","2024","1f528aabbc3e69cd03dc525a147548e204459a790f289f09cc6932adc80dbfe4","500000","1","3545769693723617967352974011618195571090108451299892802256285889970058289591","{""pi_a"":[""16790030780493916962656669665158129196897633225295477614924255233644703296087"",""7511189561937523746158411746929799210805378131771209054527895139919410268230"",""1""],""pi_b"":[[""13279158869204043302439914359346695399990301967947586219631669754246338155012"",""12566428258226006699712781721445149583340351905805285873860581400978175406416""],[""12029315580003377136711146002909494708751728557877068001041242982285990045897"",""14358491717340758742671368377080037861802923759921240525058008622103183755395""],[""1"",""0""]],""pi_c"":[""3916565384655878771737791758219129433119562364124006550226678798232229272960"",""16503872197042174757108095209900962571287951573145025614901979461513348460487"",""1""],""protocol"":""groth16"",""curve"":""bn128""}"
"ESG_ZK_2024_026","2024","1","2024","4fde71e922ab2142b9a11a3f2ed7286bf1875033dec8c236233a526524598b95","500000","1","5623548624900025334901837008167039328070351617214190361602876667822543991804","{""pi_a"":[""17919066205573100739237773193096684057553202428379823848218743306618460419370"",""16864636497463205910901794582366406666739100683227482190921117553236763842135"",""1""],""pi_b"":[[""17236843669392130424283617325890165500839980473317059479635045924246701976050"",""15903269321693446586821920457017769635752766477775043839994644607093913441839""],[""5002092853557422238526637416157293140707699328123288789521122787484217455192"",""8069652819947106669012431019965262023111355906547347906527225192927137290313""],[""1"",""0""]],""pi_c"":[""2873115711430513299077434413946908186170334959697556349679156410394207257240"",""20339154179049390548730737340721053542089606415665366661711083267018890261634"",""1""],""protocol"":""groth16"",""curve"":""bn128""}"
"ESG_ZK_2024_027","2024","1","2024","a282a08857f7f6f36a1a0f215942a792c58f0f6a305ff342c3b583939b6bb5c9","500000","1","20115960287635585613270042633263977944155151084491145109283522335682361264835","{""pi_a"":[""7846335794494295237211626709357968814102391595408539838291905223062074217710"",""11022815190877971266405225957836992229941361728715358857724476490651651091265"",""1""],""pi_b"":[[""21340464823119723445989780036244778649438521615592425680371532963987632396919"",""2926993867141012299380311898993359786647291363434390700175170082091634669056""],[""20683325985997818660221259313201014699601699553192159174129053954331359892936"",""4977906950475674915225013144598304446323414982070912939797660983436376435891""],[""1"",""0""]],""pi_c"":[""6895641774685120296144419753003468727134600542156557377165479467353762352546"",""13239824348987436001704747700999929400017253492578818220686255139137808373261"",""1""],""protocol"":""groth16"",""curve"":""bn128""}"
"ESG_ZK_2024_028","2024","1","2024","86512c6e89537645ed3aaac005e89d60db591491a480e11a934a5813cd120fd5","500000","1","12465329813496937579324266467243855287805913427655226842218497765980790660760","{""pi_a"":[""1966123552673601079447931573600635490562181050158242333814230525790544003789"",""12129171641809539297224096781289244749692553082903674647287074093615742451416"",""1""],""pi_b"":[[""21853942990298922563312438905365347174875509868524457550769234666194449221939"",""18568120126974253013842263310963938423467360821728221652061171399489222722926""],[""18635340418821829641096842957556151070279436507466053093152051589961538242672"",""9746736248899513391748204367488083331710184879848439647252345729162671649970""],[""1"",""0""]],""pi_c"":[""14308057518571746646251532411456618769830240018174829057114334943269582271240"",""13578685436018347142269897808664003198827283912465963366102206163247679988009"",""1""],""protocol"":""groth16"",""curve"":""bn128""}"
"ESG_ZK_2024_030","2024","1","2024","f4ccfde1f42745365bc0e8ad4de28a27f3e2ca850b1fa7a815c918bd79675351","500000","1","4880472304159252367990344756984894380469402277230356344141963086441798834873","{""pi_a"":[""11926087290321994684645537984430109923184387568302686033877840969848298319325"",""18260926257841267255625555200861655141794103749357352577027923916567691247732"",""1""],""pi_b"":[[""9979603763562362661016112963529526828917106825150540431467366528295462776190"",""6960295003682938453413219828867889989840381511411043371630019523436184539657""],[""8265466793945590158489723887981544874326472676052163182873329903325849423227"",""8648261877947241038449395977490701841427071797266155611650504259816436799224""],[""1"",""0""]],""pi_c"":[""16474106787296887125626814038033494224386110147081461004817812226246707195376"",""920018604237529896554248549917948081919957085543206917831623380296448178923"",""1""],""protocol"":""groth16"",""curve"":""bn128""}"
"ESG_ZK_2024_031","2024","1","2024","591b874c2181f8ae58b3bb9a7120aa47246526ffd9b77a350cba09430f22d2df","500000","1","17850621714804147044346639108637922238687812730710525777083350895056741622951","{""pi_a"":[""21039960076618056389348093226941901667749685765347111263301454646133235977856"",""5410678633111367285861734692318183592637258753225298152521400786843472310856"",""1""],""pi_b"":[[""10094836121793495235765850298750798723285645080365806807397098924413740837262"",""10557298107308832348652230586892288327813731795657538567962412190589872349612""],[""8697417806402172861667872533782910536815408847195196241337366464049761944912"",""16905172355300764448218573345525407658653854915201256975362667310852331945917""],[""1"",""0""]],""pi_c"":[""13094520147326041812210356354373925539406915368456959565917741876065423389886"",""10249806245439542011064318796475628143566504773743186899302016931611704063224"",""1""],""protocol"":""groth16"",""curve"":""bn128""}"
"ESG_ZK_2024_032","2024","1","2024","c9dfb7d19a8054dd29c99cdcee5a847d1f48a45750b372fb57db158a13f85bb9","500000","1","11007462860873836842690972553799116556562495578595229540888767583657006638717","{""pi_a"":[""13020607809681671528292912608381961969081906843664556775314304923738214009423"",""17976052191644696363635337599607625239377628377326888449679817447641572129555"",""1""],""pi_b"":[[""21658527719435012889142933561521733802418730735326782974276506188353449911223"",""3695422399554206748928855342580667106366300391518986720667496750378698427966""],[""20299645531979345016822656545911356100493819112796588630009975327649634749591"",""4385344244445864522176953426917557765301662635000777641596233682565327435814""],[""1"",""0""]],""pi_c"":[""14996159161983837205220283029618887404172688184950533290638813719425576107346"",""9007070103911358994479497663873531640234015287588988425003281839239941084641"",""1""],""protocol"":""groth16"",""curve"":""bn128""}"
"ESG_ZK_2024_033","2024","1","2024","b9c0b99c84b691033af402c24008336833ba5527e57cd29b8706851faf9480ac","500000","1","21702295141510278534325770783526509788130574251697115904498206305005797583116","{""pi_a"":[""4491945590166780506754918004077717917209328078944150665431368557856361662667"",""8784488273954829294035199546810869342927627879375667157936433217164820218147"",""1""],""pi_b"":[[""3938322983604590164715156360782455460333787068246706107503318646142915553757"",""21867667798594485749248739386738446191578989750195389162674914408534741039157""],[""12468421209238987466211257454807184922206294119992155023614298837960298728945"",""1415947442656227484153625707760521493661440493245627972191243230120198471569""],[""1"",""0""]],""pi_c"":[""12792160161850519674602689175868428621985017474143037792419964425558718139857"",""6788544425283152319488468073096465201218145288111338577238633980723949338315"",""1""],""protocol"":""groth16"",""curve"":""bn128""}"
"ESG_ZK_2024_035","2024","1","2024","4c5dab8627fb5e18d379046923cb3a7f5e128d4cf63f35a02752088b391747c6","500000","1","17759685979514459765400131478212356531811863915891772548963633400460630821669","{""pi_a"":[""14877887126373268416966654345988762999823926818850640719845892164984512535890"",""18576861907844467735361327372504176207089212303895133419841729424507382265914"",""1""],""pi_b"":[[""11767340129850171047462777367599489133348952712475364485611942090059661916930"",""10915620790154554888393058545994393940938318550065832834091475315615249969061""],[""21831167031584659856086232158069275154990820862975425186261992281271918448301"",""6606061006923290043226114131880828020055679318952593664235558383021944721666""],[""1"",""0""]],""pi_c"":[""1915878758342290574568474512126876655440476413974626612307460761312159071118"",""2239741271533303294579382059407317045706581070927870041133237745318246528383"",""1""],""protocol"":""groth16"",""curve"":""bn128""}"
"ESG_ZK_2024_036","2024","1","2024","a74ef3178fc468be9dbf0e409249f24a4a4f60037c1386b29e91d07d5a217197","500000","1","12004991654376999573281829433370780192365099047854716179104332774219845156603","{""pi_a"":[""18365775079928887351010621068973593227783826765948695672330888138471857709265"",""5341255809068998579492494094574816209271284682444339160800821476356125286190"",""1""],""pi_b"":[[""8335960967838972409783066634611128996552041088215404313831035377104936663967"",""15985875403041082083394370042680529976047849160979755802045519456310169145526""],[""17752680741511772669690664083812505951165784325830862505298564352827446296172"",""16110966620182551060259200194992402579455935766776440197586299903655284263778""],[""1"",""0""]],""pi_c"":[""10377629228997285930613177859771462016948910990265127526826508668286959904148"",""7848512126024037220329377069020966896651624885074443678119908155161265434977"",""1""],""protocol"":""groth16"",""curve"":""bn128""}"
"ESG_ZK_2024_037","2024","1","2024","93ed88325e696901d1c8300b66acf222351b95d1b778d288b2b94fe6615f2bfa","500000","1","14990021288396048608944797400157728260266870220216069450731061870413076412970","{""pi_a"":[""7182918172108300194796244617676932778281534097654354529786553302677991011759"",""20986664706292529211174925581115813818265117510939476306153011443669268817620"",""1""],""pi_b"":[[""15670550372635494464228964093157734826177489119189525941554825750258545165690"",""5222747000001729073669312978264481972295564309891939896895623191733824712495""],[""9165329174959419029552681652453899388135175342079003853153167167778052730298"",""14206201130127554127110193007943375406459774569740731398068342110416410314197""],[""1"",""0""]],""pi_c"":[""13384015562596229042592419391627101057587621095126219422043950916266607553698"",""5987391195658867750577477322239683843949722211542141529587605698347621359767"",""1""],""protocol"":""groth16"",""curve"":""bn128""}"
"ESG_ZK_2024_038","2024","1","2024","3eaff0b5a2e65d42cbdddb2d2a30eb0ddc73e799a6f3428c82d1c5f2700c948f","500000","1","1472944028820145306591455375735403924492658474810584436728124579401272446877","{""pi_a"":[""2893787519630027506926704536327074660706424669312915539700640175885575161420"",""5717644155028447110098870983352302039763137403564252185133988668360537004776"",""1""],""pi_b"":[[""15126255074491591545767687110280664672783338057389384251408686883992669910547"",""5756305644118574814160026409709141224020110794431635218485225091109308204864""],[""20788791742907943743642432826360796430808621044194901169113898325375508328880"",""8266784301453838739423149285667172882331309630201317157455068902169595551052""],[""1"",""0""]],""pi_c"":[""11896269040923365875056150478833301681448561421316709127628559172142110359036"",""15194544711057949078292918028162397069773271945152318570819606750584452778359"",""1""],""protocol"":""groth16"",""curve"":""bn128""}"
"ESG_ZK_2024_039","2024","1","2024","cd4646a58dc847c9d335b5be4528e6c3adb3e2c7f738a0927de063680c3d8238","500000","1","19906833662714975940406452633346248507439088746586103944948936873550993483813","{""pi_a"":[""3062788293191577386780885634996812375760061000281218246089136766557711417010"",""12521669553254829853876176055162369621206946566113079594667956603110195629211"",""1""],""pi_b"":[[""16698249288029148378583502069704236009470278206383667317500637016570854333242"",""19190356465848341492247258474757989992376557245286105151881960568643185819044""],[""5885059212957542008856903789729103104024775573467489927457682064717532157902"",""4179881228090275911047752378730917017106307122334782777913210977425388193964""],[""1"",""0""]],""pi_c"":[""20337817416399841714771344648913973973240810242700603809406419899739441431973"",""17276104714085788893570947545752970303528192011522916728963568218151007707619"",""1""],""protocol"":""groth16"",""curve"":""bn128""}"
"ESG_ZK_2024_040","2024","1","2024","591b874c2181f8ae58b3bb9a7120aa47246526ffd9b77a350cba09430f22d2df","500000","1","13712253376592898653114709841518550132660449560880320282804944431063621530452","{""pi_a"":[""4594881443751304723569258809232071815484002880510894017476480668798258424439"",""15034794689648656769063707063934615320361705108364964419199906068589818775795"",""1""],""pi_b"":[[""6063638072654561772175091628412416097481035859904130815339168686635485810623"",""8088748104509590755836002316075922452313630956245999680373151558913282270430""],[""20077548413398739337287446158828615185503431678776828226488139579021266093364"",""15063966408612818597966745584790397024682880003258380959096941199193133958849""],[""1"",""0""]],""pi_c"":[""3708724287953563128838431894018856361152875010123665914689092810948192983904"",""3772806685072199851669555680356989881066654924699902176906889452347408989040"",""1""],""protocol"":""groth16"",""curve"":""bn128""}"
"ESG_ZK_2024_041","2024","1","2024","a74ef3178fc468be9dbf0e409249f24a4a4f60037c1386b29e91d07d5a217197","500000","1","18641420167503450192501670564524959988736535175478479495657539182335370439624","{""pi_a"":[""4374104506604965947186153091562967594485067974308823650383537562930011931982"",""13080345764251472565559449261054118698058678829064876469628339112828098636580"",""1""],""pi_b"":[[""6928893505003838228940804416658415723696159666961013204557150993070257687896"",""18279467779173971887830627438342968874963557047243438850351496864616791120344""],[""1638092934615918210622711509066235518648152519575394882936778618094893587195"",""17780296516275497928383323871804529912070574958005065010844582581967017532706""],[""1"",""0""]],""pi_c"":[""18886251902856819004819481251420875262035575758961712106199504745546998044539"",""6526343909403656956181635150206093300685733350434890300012049478519105394347"",""1""],""protocol"":""groth16"",""curve"":""bn128""}"
"ESG_ZK_2024_042","2024","1","2024","b44e4d680a590e81c96be33fd137edf9c2b82f4ca63d024c08e5ec2923b3edd5","500000","1","19618233741980290642835861655337163273193112052106886515560665186267977500322","{""pi_a"":[""1270836425613994149601035689637747214851728847581473052149035189074258215520"",""1565033425541361313396368362759961063716614309504690864484218925405118534504"",""1""],""pi_b"":[[""19344890517228366346789728248290722931166643399233989056329927792280441339869"",""4514263381456691125994830052059163501092993952994472820692610827260488914829""],[""3048187150059718620886121103471538500956138405654182935384753316140756674818"",""1990336617314527278477315974476526612756775740175685373202722397397422841799""],[""1"",""0""]],""pi_c"":[""16372203493016669107356231796756026231918042084264205203609781791944469198493"",""3234697680719817882093866471255056522173802972141012437426292058162136840893"",""1""],""protocol"":""groth16"",""curve"":""bn128""}"
"ESG_ZK_2024_043","2024","1","2024","026dd1a057a1a42f68ac2aa319885c5ed1a6b1ebfb5ca6a12da11a7b7e0b2ac3","500000","1","9647283142059528846504188258302673782272800647228255586375962666670746347117","{""pi_a"":[""10075280574333363624658419833051118054891221394928203917885228329927560417023"",""4200289954852552809984879953770561574173110862756972847112650176228191362835"",""1""],""pi_b"":[[""10243669127630568131343025428132433416408501173292514388821183524712134200595"",""8578922502416184703442776227491991967979121645094545393073232449745688524217""],[""15321901219111249579334149433379996317591739435776145005601513697351203791668"",""8976913635774231787046067276236978695855737847723951849223138142621980509484""],[""1"",""0""]],""pi_c"":[""16984354719915021762201146564928105104102209819543846805908406495476871226865"",""1158527911561277314777221412698946876031162196340184151791071214068970811686"",""1""],""protocol"":""groth16"",""curve"":""bn128""}"
"ESG_ZK_2024_044","2024","1","2024","07c6fa4bded6ec87eb1f28c4b02304efee56144aaab1d8a74f7794b35e16c3a2","500000","1","11122001790128540030127321543985266986234743856082054430672800764274135456549","{""pi_a"":[""13148360280617574238905611060205179278728807893139351193107518668234895205463"",""21282775146475701527824510326469555083792220959941255987024133929654406883503"",""1""],""pi_b"":[[""8350708147488865272505781109893581576177791137962537011949222097377053023701"",""9588075976831589601072660841880261425721169159717374404468003188973113911566""],[""19190205660071607416855224108225455462722892164494942313226468362403387830768"",""4213758920059339201605046131395474823303400806462407869562516495128376727187""],[""1"",""0""]],""pi_c"":[""5306694766434592339870192524365061629257006087436583908075805594244381580518"",""13615071355958963154015427473852371823366456619074693082398650285509652504598"",""1""],""protocol"":""groth16"",""curve"":""bn128""}"
"ESG_ZK_2024_045","2024","1","2024","823e1092567b5c93e398747ade511f05caa2138a69f38570c3648f323ee7a3e7","500000","1","15552221216667805942657352570832500149519281163627051947916733500722824074139","{""pi_a"":[""1816779153706870414038357109133399649270966321859649502478233768278448685806"",""16053399063706542026932856511243105066150595122344411382412883670946092741480"",""1""],""pi_b"":[[""17880724980981003653906800112472011112270272169016121921486327869792984124696"",""8355398286026628421270564425923736290451512366577154203260984866415198276074""],[""12165421496459075136192935995645279576545545405918269675457727376084122690432"",""21260640905498260860891761929292858360055108526795204660272420332540838932185""],[""1"",""0""]],""pi_c"":[""7320750925259296365956731835054394408401868305601396680646066057417483893192"",""337383003135108049413044259269600368156181893918864175381090567872132061437"",""1""],""protocol"":""groth16"",""curve"":""bn128""}"
"ESG_ZK_2024_046","2024","1","2024","7e6afca77f4b8b296d27945b471f89ae80b9aba0da4134f6865fb9e5d7f12a19","500000","1","16884034182554667197328877887856218075484267905611060364732902225081314263561","{""pi_a"":[""3854627064656750721027031204673654431426820831081496067692780072665280605445"",""14153082555068394586160794076190741568711575576616673226281434586686180733507"",""1""],""pi_b"":[[""471016909455857459944845385763983670872504111054030409971916141291231824071"",""14405677954638886480108366958799250654978785743714311755555913579486671482641""],[""9082149114504015542774725915474853150541465288808241956712167035416211156791"",""3119745903908442347634011937905845039725528719740813988739564249637552409095""],[""1"",""0""]],""pi_c"":[""3914848313639086444165779886429393729739694945249787163888784956614716616548"",""20332931797807957259757248362961833981976540482650763680471478040741547988465"",""1""],""protocol"":""groth16"",""curve"":""bn128""}"
"ESG_ZK_2024_047","2024","1","2024","cbbf99fb005e815f3a4ab05d5573a17db4162dc48328c5386347c20a7537b552","500000","1","1276382629254645081126173390179929567126821152947853675834888190546227458690","{""pi_a"":[""3771739608584508147725537375793474688421602408025931590172933530002418625346"",""3304523018886670389131598795456039230484462593109455510950431470610585901230"",""1""],""pi_b"":[[""5647652633671129885767754141069621409461861637432024389348024871437568452293"",""4447886987348777037023048770371517910857473164096250682405613181309463240498""],[""9251881014168252053806139942820922582956046986236826724489985746849676218731"",""118368561414679238368494368730642600983190267834571003262638324308599922325""],[""1"",""0""]],""pi_c"":[""11354577367452580342529997862524583657563641748878330028358806902930975381151"",""2857242037586661896780716280700403305644337460704895337708098746972763833062"",""1""],""protocol"":""groth16"",""curve"":""bn128""}"
"ESG_ZK_2024_049","2024","1","2024","ce39b94de699c0910f89dd84899c49c69f4361a3dc91c7ab546fc47e750b04f1","500000","1","17218218997964078135011498118231609654948348401798063222977351907502600345553","{""pi_a"":[""21818725649929220287398622243279347536891510992262383674505507978873484815756"",""7450132114737728914011890454512344938379477690977129388857223137373932444640"",""1""],""pi_b"":[[""21621584796321339023486640893141048414859778800647707927824335073850124210231"",""19214450136935384759732889416425791439495892258769010607266171750928921587763""],[""16913462779596920460302947210497317824154736015380529827004369305748017267502"",""5879155673180365259230342831319789181516222410024280020129271208145436116134""],[""1"",""0""]],""pi_c"":[""13989300120637663805058866173687500961388633939457598935280878850619788630848"",""3453331136117681114002222845747824564817432696834598047226570228793375025331"",""1""],""protocol"":""groth16"",""curve"":""bn128""}"
"ESG_ZK_2024_050","2024","1","2024","1e53c5c6a6356d1b43fc86ec92f4cbc02c258a9beed637d0515f48e743b6e4ee","500000","1","11833910923161004463019326547362852047088607646269913991596326662424261959874","{""pi_a"":[""13614418304840290649026838465461996197598260641870026883010643520249855822497"",""19390117661911875474805425771771300023415604423689801030237917775232831870673"",""1""],""pi_b"":[[""16284397638463111372600898267218047971370913920699487598381690868701142587194"",""14843032037530106263272210896778141705939246370017686371848401214643639490116""],[""2813708644850649619352342028965911758674490148229382063061525353535805180370"",""128615366933990182632486480514647750099412558191263362470342414098738232719""],[""1"",""0""]],""pi_c"":[""7589754643002979515393197289819803161455036964416157379995012980997114842516"",""13673526615267091702611468854901478505966541818780468927330587670402982031502"",""1""],""protocol"":""groth16"",""curve"":""bn128""}"
"ESG_ZK_2024_051","2024","1","2024","1f6570d9b13f4b5ade8fbada4627ddcdd0f1e9272900bb1905dffcea04d1a256","500000","1","4880530452256319950372184928243044457994394767593880539920729214259977233910","{""pi_a"":[""4570017288928864627149657698121240098925881785821995905593320833209767396373"",""16866775749116418754232012869163212376219980550998285969275082035387767920063"",""1""],""pi_b"":[[""13564095922927341149127510514042242217301442028459201685631777331226393056007"",""12293006978142313338850749475581283037496953933833913889924225793542491449306""],[""8601244586762260983375708368800839606750985418677523706943730732884106727510"",""9558214950258585982590076799923185993004171335104160016281202859560469908509""],[""1"",""0""]],""pi_c"":[""18393325089179282530022919243955181943999848385150615413028532600314626602970"",""15018563179066051151940185624561234934864438296353507394997503891712905934894"",""1""],""protocol"":""groth16"",""curve"":""bn128""}"
"ESG_ZK_2024_052","2024","1","2024","82d7b1db04410e612ca335f1e9d6df28c348b2c2365361cc6db2f225050988b6","500000","1","77017519449498173460468757617972957134943178800863527997862341904731827692","{""pi_a"":[""7019061875110208639340174578469948315023797148383657710439839628586876633193"",""4164604020415674467211056847977846170707995779105335554650400390231103911878"",""1""],""pi_b"":[[""20263544178717486894507780241849262842406543031924106610821467634117098541065"",""5921675091279312194179333899744531588387110571933047262021737136262021062004""],[""8571722826530074968752276528977234318639633761744922301484717752804911002150"",""19100964251296965346025610247186046950931189658294964962742301726638621189690""],[""1"",""0""]],""pi_c"":[""6777388954993775880682740990800757755133392881941534601272545067051957337116"",""20321484147867397994239709139703590660742893108092455575291861038172350221051"",""1""],""protocol"":""groth16"",""curve"":""bn128""}"
"ESG_ZK_2024_053","2024","1","2024","d42a2fd30c224d280bb09e08330cb478406227f1badc7704a1192d6bab3956e3","500000","1","16426588342292184798352758235136716408187263042140271406338572161149389021245","{""pi_a"":[""17275805613186767309547244374066365400985611409178523074943913353449773710186"",""1463771014298654731195681109387324135555725984540420603619209107567415991197"",""1""],""pi_b"":[[""4116838965303470412141288097505967828760237999682384263444826487100645757538"",""17133545620438218604254754271512001138574078813230019892070771194013237231878""],[""3391986182205718989054440877377720988637226836252602774166690312605462051269"",""16167864959336338015291207162007721875833894035180296995568794283126665132684""],[""1"",""0""]],""pi_c"":[""14514672881272153210607556968104939776607452411492557862418061266467049916715"",""5549671926061472876467279360340378088528683924080385044769351103685278174019"",""1""],""protocol"":""groth16"",""curve"":""bn128""}"
"ESG_ZK_2024_054","2024","1","2024","e11ca81ca3d08b98407e2883acd129fe930fd6a1ac8f32cd03c4ceafef1ef57b","500000","1","18388435538715478890959931157933482264265440056913641993780936285521422317195","{""pi_a"":[""4916150117198567451755021004361239502184189082835658979172325304977576379271"",""873756242068349565269510606824347392297774349099202279883874358381257194161"",""1""],""pi_b"":[[""7116208756501315170851195233000000022645655189761135970481929043142985127108"",""15935183859603599471318407421333523896635865742978301212229304289712968153247""],[""9635014257557140070483668509396101739483932148521904425124259485092488886368"",""6743089009484577169375880459787882123851519054818649665517054462654681924153""],[""1"",""0""]],""pi_c"":[""14696156337476604504897316115871576940411663798582949041383331504266563709379"",""7280168084444010274878128534206691934476505828859430512618606817596883654578"",""1""],""protocol"":""groth16"",""curve"":""bn128""}"
"ESG_ZK_2024_055","2024","1","2024","daf6ea9bf9539e5f53242d5716c768f30334e1d06a55d8d322bb34697875fbe9","500000","1","16532426110365926966189407358123106747323366612385724588113820305165507573908","{""pi_a"":[""11336029968849391654764007366732711529300223362962780931032097302801635147253"",""1257000005362057985371740368404785726375982424875231081237590782933736862675"",""1""],""pi_b"":[[""12009847609207547821048624570857647938083972855834484758289016370864628095758"",""17483787909124579928446064978947742869587940881171577178781718539589858283161""],[""3712734562728236654114655688675859839694243634584583287343372427132871262125"",""20645297887905442398166040816582329340497647992179397068722657964909854189164""],[""1"",""0""]],""pi_c"":[""882519941132721629053630130067035352588158924017541527038067042995522514185"",""4576002160687405259557326698717333894867792525854446863451791736127506200915"",""1""],""protocol"":""groth16"",""curve"":""bn128""}"
"ESG_ZK_2024_056","2024","1","2024","5ea3e0abb9ff7152d306ad619c0513a4b9f2c39fee7dcbe510dcb596df79b4c0","500000","1","4252994151936638807942085786089337894826186216259924770648977354557665181431","{""pi_a"":[""1895776799568194863229031686315089456523528526501700151059361245171040381999"",""18131702857765895833456189535203189887789313763946645529401775375044825422353"",""1""],""pi_b"":[[""13514046379043231922994168219486544362228426430887441778006360299823274769435"",""18273549160030679907957914501862111195114600820681182355256034661462957972977""],[""19559497323423678777269775250730131039448622011714932973146487483011956261452"",""9605064936104268331835946015956599730549494991912110575202981776978076302210""],[""1"",""0""]],""pi_c"":[""18208167142410996085123163378015166116015900179051902612659973477433019400012"",""2339318927518316201994120192281122672579425422453658534407373711526100388638"",""1""],""protocol"":""groth16"",""curve"":""bn128""}"
"ESG_ZK_2024_057","2024","1","2024","75ef5028a1d21c340b77ad8d28f29fb182833be9bb0def5f9cee5a460212754f","500000","1","20332153195191795263239421500084481875326936468092448739652552425366999526179","{""pi_a"":[""8777115708670065852285767418658770733772961168580521491875725699445113167562"",""16846568718827969915067095030385718777507439897204662918542672162012334391676"",""1""],""pi_b"":[[""8323695249586311954261432946983386497639102416488083655526060260846799785855"",""4221025619384453772292564112227714471171571783911418916963028963478645294510""],[""16962622449630196235163644209364045795596823660827316319966747720567865787511"",""21047129791371188245497460243475716745553883493171521988183642350101460073831""],[""1"",""0""]],""pi_c"":[""17558138908434726974487024107324696757676747790614813020084902030732952990216"",""21509022246727972156417276297957333524616020994570924331434702542537441767317"",""1""],""protocol"":""groth16"",""curve"":""bn128""}"
"ESG_ZK_2024_058","2024","1","2024","9d7b32f2121da0b9bc0a5704a51a487e41b5565f6d52194cbcecfef114bcd955","500000","1","14092993045951230724076662203164304184780232878530837525860788218831538951330","{""pi_a"":[""20302654882014220686142479413828844429527353631703979360169233799925100410841"",""18923767278832065024517264670072450883898215127368865641936018476925417730984"",""1""],""pi_b"":[[""16967077494925922919884067706824452489669439140727703474899660918326174216586"",""16360555687326159932675554975729421227621810023881519477030545744426487301088""],[""20657144804698761995272138754066923031695274848548225733790003518271818181786"",""6950862779889654118550472516189809463708733968512486759402767610802369938204""],[""1"",""0""]],""pi_c"":[""20562323691647109105631582894943730946695811661167759486083824700931692208692"",""13452540204561586915846332324628799815713623214257509474476864354577600143338"",""1""],""protocol"":""groth16"",""curve"":""bn128""}"
"ESG_ZK_2024_059","2024","1","2024","f8b9b978c058ab2462ba29088429ab00a2e08292240d586ff0755457910980af","500000","1","4487963141647261260855958826989709730137088116687420125386064814193145926884","{""pi_a"":[""3154431171177400372680201944359007741958891860960328493540368893498631184315"",""958552038843986997670096872711723392589345946421479200035826147207768901203"",""1""],""pi_b"":[[""8716926601442610620902314993236382788779901578425397182727078850519267164039"",""14513812450294453317973622167562441887917936928330755262176575441536859533598""],[""6468495559911309729188897804700777769059640114939598240851735604911822701120"",""5265049387654431224988327954351261785862361890052570873156807460824929184887""],[""1"",""0""]],""pi_c"":[""6302026142022330159927309495912392811193593096419762313721726439823432773405"",""18398797393782279299574400327902410131422313901568897819430098282634921310820"",""1""],""protocol"":""groth16"",""curve"":""bn128""}"
"ESG_ZK_2024_060","2024","1","2024","462b3cc10be1dc8f84ff6f6afd5c79e5d4d2471d6387c03c8d1227d8df430dee","500000","1","7661490905781946403056428048135819217170633247750875017326753758388835982884","{""pi_a"":[""20005917318624458707221874115624072968860382622648561118704643766719017937757"",""3098300725390236167160230089454828098767442210536092374819538254547253070248"",""1""],""pi_b"":[[""5692002583514704157250526594041481535176510088958585475386636210734733441011"",""3031677679506387515716227485764885370232054339314445887634437091655035375033""],[""20669521110480061048606064548403970564445446298005499944743615043663320614248"",""10146024865073465916354596586943503834044157355822260217830554897364088102642""],[""1"",""0""]],""pi_c"":[""17082356552366022235901467344850274599672015843814549663756724326709790687014"",""13087872246665511107916543779092056552615415501444373961667114731166516506822"",""1""],""protocol"":""groth16"",""curve"":""bn128""}"
"ESG_ZK_2024_061","2024","1","2024","01e8f7c2f2f6cc16496b742078c0db0807b28736bca6d9408fefecb27cfe2b25","500000","1","21841735993208572384114295974352609814069031881119018513430738679605579152426","{""pi_a"":[""14886204466251996955094201853194056732522744478493895586421784256785483057620"",""19478719720954954936515342356408063917219676649661464727478190676789567785567"",""1""],""pi_b"":[[""4974090014120265410004780741277448941433508357352834914567141854447001879931"",""9740795172528956804626589107248861944522464805065625412186610622907251126340""],[""1430674661657253170057105532589486812891569443854998089941266620660701460953"",""19568671391196326264345549926146492752799250340012407811258046402282634597455""],[""1"",""0""]],""pi_c"":[""19769582413578017316734277678593684661699276694725304251358265392927110633913"",""9011565716956759967364679239416044814084200995834457120129833616962896484768"",""1""],""protocol"":""groth16"",""curve"":""bn128""}"
"ESG_ZK_2024_062","2024","1","2024","394451a85fe7af221192b374ce062cce3171dac71cf2c8e825faca49377fc4f1","500000","1","14947502547841532978003042516408335239964022358399322777165981407700396090154","{""pi_a"":[""13937909688052552800933735314035661379598147730106425855355131786127362274564"",""17623027268787466776287111192091909511036784718001449437805187845912758225177"",""1""],""pi_b"":[[""11509192088652905114468404199559270869435224678866267367213317873061108371969"",""10647379402625694048161047728302326836490247762433745170251179110841611918349""],[""21198887844419138675475468819382129890853180884222684533263998870468728506340"",""19466540167753187894333013006313664724985840086378396104976955295111057653461""],[""1"",""0""]],""pi_c"":[""19196440265741175836008324120869022325268681545165648037751353502177043384347"",""1300962895432909728790939743843516336412901802947324041420837758215792129088"",""1""],""protocol"":""groth16"",""curve"":""bn128""}"
"ESG_ZK_2024_063","2024","1","2024","c2561906d9b774966d9997e07dea12be148bbb76406b87cc67c33e6223d047d2","500000","1","9743603402194873624016165704905718835999012465463831638202228955497603902685","{""pi_a"":[""18238882628194466351583343244533380902640048255203924311739277780422362870208"",""15455924597740776519333580138348904411201878840500836485555928628926566007140"",""1""],""pi_b"":[[""2676576368134814550573559096953689287684128212370892105810819245067358219096"",""21469353565216435269146863947476458480156518577517920794485789761883005936341""],[""5464499150791944826766729110944200325139774043156556800993209341625646527566"",""9354298782449259815629670277412476043469508167043350783198791435610206524065""],[""1"",""0""]],""pi_c"":[""21728487780110773186955510788736102212010064359217254420014284269578449370866"",""8796872871855400290859307911624321292902179662185198766125412185534598434318"",""1""],""protocol"":""groth16"",""curve"":""bn128""}"
"ESG_ZK_2024_064","2024","1","2024","c9dfb7d19a8054dd29c99cdcee5a847d1f48a45750b372fb57db158a13f85bb9","500000","1","13138825721873202951073107959937211797718631209840345330951791762202030130243","{""pi_a"":[""5795186185488631746812583289828956917567292141142307635964310642916600729762"",""19167924644089434074758381548124628625158643411803624534392550850393328124690"",""1""],""pi_b"":[[""14766885141740503209245016034100965577956780951444161230767848401623418206458"",""9567558731847809974781835197566775874209795087889405459762754280872082329359""],[""10156148311509624172025726388927051169269211516349150560308672381027308653385"",""8262414051555007683467707904336128840188009875727354380611654566356820458603""],[""1"",""0""]],""pi_c"":[""6322425087063244330302356651931037829740405880871579078772458988521307894341"",""8665921371065280885572076183351942046693828929004166466129449965450772513844"",""1""],""protocol"":""groth16"",""curve"":""bn128""}"
"ESG_ZK_2024_065","2024","1","2024","72dba50e3dad28ddacd8a888109d720163eeee1dc14a710d9438da54b78351e3","500000","1","12537312271577468737424359879517358429957927064106782590709072393148041461577","{""pi_a"":[""9243520692037904975128899694829113294786980959063210756805040999321997951512"",""19156326344474661358133499108902375114261546340348473564724888804889970534783"",""1""],""pi_b"":[[""14923348732266204000346691752391500083124436023904239231193890604905714820166"",""4815988033421202009489281214268871134859312207124474261904587038264428310746""],[""2498453535290500992287510058180918735221611192527125929628417676646261948796"",""18269821571135105338484196453660553558916805216802185893388675034665066332184""],[""1"",""0""]],""pi_c"":[""6262823891178152793210592297145150411027362638428995938013479955724097644298"",""8217119929441947933466652848613467020106679707536316043255505236745619735767"",""1""],""protocol"":""groth16"",""curve"":""bn128""}"
"ESG_ZK_2024_066","2024","1","2024","5f67d039583622290a85c9d74e79ca8fcbe1d82ee7bfb9f995def742af949b42","500000","1","21033587739782939597595422702178687858554012604175534276252655599470966190418","{""pi_a"":[""241608288298799872451432261918927588381891849185139010742932420833825737292"",""5809049650196136990505078811303139245560091894016894085825147760282409251227"",""1""],""pi_b"":[[""17386351892869410709060067760995341288389675529059911857539176666303718259159"",""5923578201348890057883672045256431405029971478682002654947509150903337658684""],[""21431871595169989666399273841361025222361399951027986371902607698179681756696"",""17198669117998738960358476877209896177023376277429884732320100173131020360838""],[""1"",""0""]],""pi_c"":[""4617453540891104404499176035150956412954508299782366325802871692335740805778"",""15109325368528414114966148441438485088204187904130153989832932205637619719555"",""1""],""protocol"":""groth16"",""curve"":""bn128""}"
"ESG_ZK_2024_067","2024","1","2024","cd3271c177ab0ca1f55f7f75baea9a4ae66774cfffcccd3e59e513a96b651f53","500000","1","8972290528606852017345963497177239548526685066111178813095327919044380187278","{""pi_a"":[""6673234581299389315330637531164277478403848701515578220353213439770867366724"",""6850870461933704053913222430389371673170959597779452652784112417804946297419"",""1""],""pi_b"":[[""9303492404230507700584327088919006234128310559360115051307416816847305639386"",""21224367821788191705173365988447970504270158213336539974409982642531590695070""],[""16843638073571175307841082112331379972009767066954222304111379571866184364801"",""12072934254981773956398107041107073830100906154341987952029017524024439459758""],[""1"",""0""]],""pi_c"":[""383507612627239355657535512223845356376137294652990660986626608025850545836"",""5200639634707495872018073131850642356915421400483883628032571903954067387111"",""1""],""protocol"":""groth16"",""curve"":""bn128""}"
"ESG_ZK_2024_068","2024","1","2024","cbbab03cb0b67112238edc4beb16feea686dd2bac72594a3d1320da692a2b23f","500000","1","13929322158152992204243235755577391781670802217390538572206723014757549243840","{""pi_a"":[""2618867842766018167993499277967816113172389982405083729658089648976106779643"",""4898143714012418555513168089742160810265735358088950495084351246562452042342"",""1""],""pi_b"":[[""4203535926318603496345211802247872253618316558010826404872329843355428253043"",""10151011231261334778428194906525725357410138419944005068693049233056751430331""],[""20101998876861119977295617274709685234543803927878356724893444948589554371392"",""9202770110302023107560048467310496725603319973196586872458481005618435894739""],[""1"",""0""]],""pi_c"":[""267453455466724074454672853016472382248656162590558762484789399420067114506"",""13073862046619368762217925572043596556316119303433002544360894200394371699126"",""1""],""protocol"":""groth16"",""curve"":""bn128""}"
"ESG_ZK_2024_069","2024","1","2024","b44e4d680a590e81c96be33fd137edf9c2b82f4ca63d024c08e5ec2923b3edd5","500000","1","21231621930854941822915237853836950246720485835594033998161237773041545327618","{""pi_a"":[""17424776278800109086829090182944162616426969002418408118653757150389941750394"",""15712750833490971981770330617546983298437360080210906610468872200078587580910"",""1""],""pi_b"":[[""15477779892068827558868290408553761527061332651192355285778564053077566709900"",""11561484909943977625522296997349156186163451605604270353889250957633598139131""],[""18163382564159702056424170851028967352275413059890704608559173537863152149899"",""14564127982832629766921144245614204517221032969270659307272584355891175846331""],[""1"",""0""]],""pi_c"":[""14068466406244281917679017272245822536207972041567519312578982627371327829469"",""20126626236620649129541702445005437350482423909568831888306316856838981207134"",""1""],""protocol"":""groth16"",""curve"":""bn128""}"
"ESG_ZK_2024_070","2024","1","2024","89a6bbc744873392d1dbbfa2a25349707e860211872affa8312243df9ba4cfa1","500000","1","2194633140308910992925160525049779921787165088505545193104378259773626316803","{""pi_a"":[""15663253787873497208166142955255817274246665515696984671880393306264863378653"",""18546970702530185195681004217030261440838539412387826270935062057380874927341"",""1""],""pi_b"":[[""865665268928587410184532538612493990611162752535179925136627084815093601256"",""1493213810932714559634753181306101809562035915856837074535633660274653074502""],[""14070800022257147587827334111859671979926093095644134391306917893940857981598"",""15792127161867311352853610454208046991453086611490026220197421921814781917391""],[""1"",""0""]],""pi_c"":[""11349318186439172302407314663502361937811554253151948669675022916739025414030"",""14053436924697407097435282344476248448206414004087703234035267046096900854145"",""1""],""protocol"":""groth16"",""curve"":""bn128""}"
"ESG_ZK_2024_073","2024","1","2024","e6772b6d278bd9e84f616877626d4192f6580dcca51cbe77a5a5d7c0bcd528c5","500000","1","7710675046475151263245175578299538862587010428096739033438125477411407773863","{""pi_a"":[""12062450458273528043368816091657086896587066335188824791837635268800422368628"",""18465614479660037935490210946564031729818289066172519036737699287697901677089"",""1""],""pi_b"":[[""5273910650362844448996583193083805872940117667458694123243396233150919225809"",""18381244003790851562796922729325654152368519481231888464689145938864315185957""],[""20505448751759383957691734421491625014155880153455651915731810266685154917081"",""9853861461504003268834460830858881239789152001947106889366203041569527725759""],[""1"",""0""]],""pi_c"":[""5006090200201225456635195746381573821715079891427688010992165289729666686003"",""8227666200561955071206352742565047942429874596736966447125619324850403388702"",""1""],""protocol"":""groth16"",""curve"":""bn128""}"
"ESG_ZK_2024_074","2024","1","2024","55b7db01e9ced1bebc316540fb30975e2fb1d4022118b74f7e56035b0d36ccd7","500000","1","2012846102839214990435915198600357399408283536892292239898904379843464261271","{""pi_a"":[""3626477014867479916250711080487880092321695749274997526127630562247614178047"",""18613407958447539090797766329833104672521452136678341027948453530348267018413"",""1""],""pi_b"":[[""9063214609401659862395920982715325609297803168960268301782185128647564899067"",""18091013700732545870761054688876997310694456440384718899272953784435568332825""],[""9911042263765956008187825108547933565229747985690153814641766219747495565866"",""334820566135914375003338921396415385277358768869204350541902066178927411972""],[""1"",""0""]],""pi_c"":[""6013945631924270492875025156535069217821803571313931284519724957184264779394"",""19510693605147361749031085106720577153305505522406127867957726254149803925230"",""1""],""protocol"":""groth16"",""curve"":""bn128""}"
"ESG_ZK_2024_075","2024","1","2024","3896dbe8c8098b510a6011914c4a9a1f2904bfb73b39cef6098e8feccfc92c71","500000","1","14566929350517041249793154284654231844481983605035096869778582994645561532374","{""pi_a"":[""1195813297414106792656673151884466926592810246091747021580196810287498651729"",""12917128806167296578807129144384719037311584380906805885229695484950344809591"",""1""],""pi_b"":[[""13271571356299296962932257502295942851360024297357932623812198830856086902038"",""6503043924943401302579236648310084329545201559711918544888439858612098797622""],[""11216497337849372054591638034968623149745547517597101822704932539708504538134"",""2084609647587681614641475081567327710055881147886023031666579197637108472494""],[""1"",""0""]],""pi_c"":[""16748432122613187409027180111118096870626039171883394185069315329215190172233"",""2170576880107856595485428757321405976741602963803806907159679799941220988423"",""1""],""protocol"":""groth16"",""curve"":""bn128""}"
"ESG_ZK_2024_076","2024","1","2024","1cfd786d564c4b5aebc5a945fbd2893ed09229e3f7ad25cf51b54d28ae75f3c6","500000","1","1349207647786274672676240863035151731272070782370880768844572668121495272902","{""pi_a"":[""6645016905522313802751453909648577445788020001013365956867914316691291430397"",""17304682962898982243271969323243757116456451790885872676348000928540790931206"",""1""],""pi_b"":[[""8135670585316036532605205269695148312283299891674658458267316114545564038428"",""8900603270769507705541006192016229073166637189763460521824472465830694256031""],[""4723231121373963381552206698669389425686496983237347773308442601694710991872"",""7549640844970812277005979711929730741855191801857389982690720243911225629573""],[""1"",""0""]],""pi_c"":[""21355990863331254187445328143800867469595492379711727694400108373763248910719"",""271114872297692892049614701672292733246671613642797884664624554597374085766"",""1""],""protocol"":""groth16"",""curve"":""bn128""}"
"ESG_ZK_2024_077","2024","1","2024","0b684ab75d8aab37495c579fbd2891f359441ca6d3aa1b1006853e069cfe1f06","500000","1","12344899784065775449796616838736434888616702376598671497821529358052831779403","{""pi_a"":[""7694526977203683182066941470983443636433153466862856827144617355788955332894"",""18816976931938249998984560429931463030522454033271539402818950115682696973853"",""1""],""pi_b"":[[""3659301092996299385425007760969635376231572983534001774140386182924759692315"",""5471630420492223756741603467106612160747473208094801400943542488118290865393""],[""19250909338693853472662361803295308893165541859671785522440589952587208812575"",""18954228116828671009187634662965094579685202924085051877332003988366912473940""],[""1"",""0""]],""pi_c"":[""10769185222573120906648044642089037653943525881807830055956587900065159739113"",""10911728839988599585139838280777517328412063946486720531102470925581181877233"",""1""],""protocol"":""groth16"",""curve"":""bn128""}"
"ESG_ZK_2024_078","2024","1","2024","89a6bbc744873392d1dbbfa2a25349707e860211872affa8312243df9ba4cfa1","500000","1","15587383302824497956338191455632751628207048916051844998114986019816756347406","{""pi_a"":[""1042615423809493189876571480687297868287463332947660425693338750168500725676"",""16046959077929043727721178417841627721319602758119721074458862854532200575491"",""1""],""pi_b"":[[""4569614901527150689506894474805544604796295433454577809772723728667267504855"",""14482263459603702243690278319483021207366044436127675954811904321695259113371""],[""4656617312238975399167962759311721881633026174327172048265646307508254982045"",""13621285591103149150407323509838704180488049064929647421369516893629617444436""],[""1"",""0""]],""pi_c"":[""15505250750155454161035025898776966660476374980949731634805726767292369000907"",""14635643848390670531247041218704091672197392579444777190895007962165620420688"",""1""],""protocol"":""groth16"",""curve"":""bn128""}"
"ESG_ZK_2024_079","2024","1","2024","d6e812c113185b88b845574945321709c2af43bf33add95d6dfc1e04bf500eae","500000","1","17703124499181066278383265869552352441061131923954731038035676998086343525423","{""pi_a"":[""2603986017591119172242050628302512376143301688786389762209165509415272177060"",""15534888079265315467909525020708501626210128345711274616489204772618521697387"",""1""],""pi_b"":[[""19130560374785605324344258801944608342735017242251947331580290672502469965360"",""11919872350253163865648210585887918682619480628715142145997061114372626750774""],[""1054963774628434459078610516047896247903073951608305959390482329267502807541"",""14209089729149691452306388176713166683604254895466320100972295190258174531097""],[""1"",""0""]],""pi_c"":[""15441153162833539459281079386740379249385462571316308909167863107206432788070"",""1811087347276246375421606958551432190066892186255803641299890914919765672223"",""1""],""protocol"":""groth16"",""curve"":""bn128""}"
"ESG_ZK_2024_081","2024","1","2024","e5f1f1f126dad24415229de6d60ea2e811c7c4feea935c87bf14c82d8b9b898d","500000","1","20788439399275813588543587710205136453879189017257712656532787355896389534885","{""pi_a"":[""8241243834098718590149085301718907102781753658154183363990945069126610502608"",""16077845856747698389098509772398858647937721380729473339330006490358502028277"",""1""],""pi_b"":[[""2763782296155228871288097126532170031626814432103995239405603669194028976454"",""2881482837500730079005339127224185763346300701364995263466931968293704683310""],[""10894170261337737644764186853959265061451558054708783826546219043020632133628"",""10928689734572350218245489457938294394767902431956517001509086352485766742719""],[""1"",""0""]],""pi_c"":[""18824525748314492154812367851922759645738528525954965205129230463617587877196"",""1233013552976927162745619257692877210660438870732392706418874355838735698818"",""1""],""protocol"":""groth16"",""curve"":""bn128""}"
"ESG_ZK_2024_082","2024","1","2024","39b6705f787b164a0b8cfa8e002b5c74327d19fbe620f42fab836e3cb0cff97b","500000","1","6046745382318540247256378561079628308304999667053660972292917682854998706971","{""pi_a"":[""2379509190078049133273622948613723593021813995996171510421304438795602118935"",""19598341006303794678268159726567896156612744981823895839987041379847672400044"",""1""],""pi_b"":[[""17393220411279908375406491098330162142496654646506645769725412947219723555771"",""9814415527595881630679153615279262095336497034078383295951930543386536876334""],[""18675551714830868251145407290933913939675487236813181458514581683483084249968"",""624149950926275307768796124986258372967350048749183150026338338137995924594""],[""1"",""0""]],""pi_c"":[""16812542051541038029500634367174817424529003220367460922446835269499084982243"",""2831355194135299328813028427930104647849262622054271339088677283560424907431"",""1""],""protocol"":""groth16"",""curve"":""bn128""}"
"ESG_ZK_2024_083","2024","1","2024","79dbc3a67ffc3413d2e8695d99f35e839c56087683c7c4f90a5d84e3b5357021","500000","1","16415924651785047842049575627771893440175629932795461601621195747680925227977","{""pi_a"":[""18170293154067820105839472190338519619225318336539213146742203999567687231142"",""15988348362177902833846382047651430358075372232391647170002524273218271935762"",""1""],""pi_b"":[[""2532859772751889978620566582302905594156466455603143946267448607158713170009"",""342922585712591093599761821139761450207168462794022559431436081166710439117""],[""6490917501398703197722618101020084130348916627667334797968680751470372746093"",""14346949556713812905636237384126805201136825462603287938982698809146763337977""],[""1"",""0""]],""pi_c"":[""15035131576164200587753073911005760795201201634059261792638337789745741881098"",""16779312483930764910380397328091301901189614728722249972397600203034014708882"",""1""],""protocol"":""groth16"",""curve"":""bn128""}"
"ESG_ZK_2024_084","2024","1","2024","2912514fe3d0463fdf723c9958afad761957ce96bad2f6ec60e03cded64c2c3a","500000","1","4053590999127476102268127071605668799734435784014837089430773283515774152502","{""pi_a"":[""19324570307842122951211233414225665035394624452635557690649861001170138676682"",""13986877303106653511669888471981220271791698249702649792177938265273550986157"",""1""],""pi_b"":[[""11355488338591859677851735610557339641155630845106140969744072283453164908050"",""12893894416034290124214830198466838015911539266577046512764999174407297346174""],[""7530696346195818175245807561199569106321359332480427380927305452534073180163"",""10272515355345906402966413563349056319417623300015127223062344680397589000158""],[""1"",""0""]],""pi_c"":[""973502945528917527670107254737322854686042963673719920072586089773634935792"",""6226026868532851183865117436142201910893460830768294752520903781715005888195"",""1""],""protocol"":""groth16"",""curve"":""bn128""}"
"ESG_ZK_2024_085","2024","1","2024","f465972af0b4affbf79bd743fc11d6fed266775d500ddf587ab73aeef41a76b3","500000","1","12557444046716157715583905482577304020796816327618278045689673389646291430977","{""pi_a"":[""1281401838067801066645883946377745348094115839297051098649936261283502490908"",""4664729319053762687093727296476978018864596713717808583784961461538876470940"",""1""],""pi_b"":[[""11093383212633392916646627872201497236186304618474598052429240366741705719525"",""16124709939941858727424299878830730269049229123869948354808512901057601379986""],[""14370367208761108492238711853006813372826497224238043611111111900368506746576"",""13814339805834560294067033921627284091533504308160818475430977337041865035182""],[""1"",""0""]],""pi_c"":[""9259930316140404212168928356341631039879439643071596239890340703323292632299"",""20746935874580954092152747885677268888385883792557492851043410240655994892484"",""1""],""protocol"":""groth16"",""curve"":""bn128""}"
"ESG_ZK_2024_086","2024","1","2024","80b7a6e2bbb74917f08b3a446f168e49a8cd7513ccbd5c794a22c291ce41713a","500000","1","3061845223801404942231676024896777997774949807396016938719889190901872805086","{""pi_a"":[""1044664912063412082396916377249613056285074695898781810213012062715743289432"",""12381379001087402483332244089477844792080048191452560838518727888605400790178"",""1""],""pi_b"":[[""16957905030025883919921696301690182750996298466649399586304120096799814104461"",""2958112275057444290670594460965150608084892731790224658164836120126271765411""],[""19706652271859973780816191491054254177029439804115229775916290941200966967335"",""18589682347726052250113054068051923727882070844991962110391685462469106403611""],[""1"",""0""]],""pi_c"":[""15737305986181648075464855563647630323419820761238497540347431606447197134073"",""3348941425569049874729260923984301745427015523562197305508541250806110155216"",""1""],""protocol"":""groth16"",""curve"":""bn128""}"
"ESG_ZK_2024_087","2024","1","2024","fe26d7ba23b0dc75713fa5d2deb2a14649080cbbfa9b53dc9a71016622b4b807","500000","1","1576672071219936133409465116358293580907798294334466889991943634670142556354","{""pi_a"":[""14949115570977318972482211575817989915344704690929470992867327459179812749891"",""9964669049403003333233060983136133576899428785403916399179133465989921795470"",""1""],""pi_b"":[[""19507776793921528040115022906026250494719048911567802517580437908598199466888"",""20491308239492201612541223364404014736729953315544138282625356983366742859951""],[""8134047958018788636890641132894284286208825045373674488748829078838333196362"",""4505298170674297407570383826811746722999781963505613839020713606264757454749""],[""1"",""0""]],""pi_c"":[""14481281194191894112480968432507948763236704643912367785271155813017143376707"",""12483585509786296982413087663187296142242043616637030599896120912554775348365"",""1""],""protocol"":""groth16"",""curve"":""bn128""}"
"ESG_ZK_2024_088","2024","1","2024","1e53c5c6a6356d1b43fc86ec92f4cbc02c258a9beed637d0515f48e743b6e4ee","500000","1","4669070575168847406668178596356156709210989135602702685513073296180776387628","{""pi_a"":[""13244073473408748294757570751043442385088823619960688064415789812712158173889"",""788880938787446352911207674414189244704485246534853359566917171882884842340"",""1""],""pi_b"":[[""7710190672734890651824792100045359525556928139272172539066477878777385877775"",""6052124891663030227390537214340124301606218720288972820193797101007639589065""],[""8384019808983095858263773236161417053008010373145771388998894783317674269285"",""15626370945700824606526566501567078506036506065259945320938024310776488837589""],[""1"",""0""]],""pi_c"":[""13950850774498968824912350278550562972095933085392664281662106258943714675402"",""20020872337564062935010793607324403451693588734692074370290706104323737538108"",""1""],""protocol"":""groth16"",""curve"":""bn128""}"
"ESG_ZK_2024_089","2024","1","2024","405c6a6ed4d281de4206e5289fb3f689b296742ea1b1c4b0d1a1a8784eb3a78f","500000","1","13588434727985290290455609018957505950834899033166266543370379505581033844278","{""pi_a"":[""9899288381756102969093664565885512782863612784931782871404621179605565326586"",""10165500715186181744054688854906022553546825352554291761025089762331667475333"",""1""],""pi_b"":[[""1332236102094722596433643004790071528973268096098592883031355166890576588491"",""2114436256101153259823740232567184946152359309852313187375987074087069570280""],[""17483287620532279432160283813825651665042437114945380493820933621110118120237"",""12303310211550083901630559540251013115871749430171227269251621898046822538588""],[""1"",""0""]],""pi_c"":[""18594640655542414450449916372817163866828888048080963678791083194141223553952"",""6109938167196814995243210356958196850764544961822158653884770240206092349405"",""1""],""protocol"":""groth16"",""curve"":""bn128""}"
"ESG_ZK_2024_091","2024","1","2024","d0cc931ddac77a4406d3d0167f80b1216a80bb6794731432830be4a5f40754dc","500000","1","7109195489598137807970369247426535374166272439925595576919777600407211075237","{""pi_a"":[""6662041252482660630559459134512642919677725033689819909779240056715668524353"",""19007757286736649797532984027433793664040272273356510872093637575308514180772"",""1""],""pi_b"":[[""9542493001778836959695124389336463732115517614754656771749330179156301013257"",""14406542610493831612387379797980456762120818776896606342605385616600312226693""],[""8361856517741467808576855484218303903455088561778309687434639037135989635468"",""4891213553809689269940540590838503122736609691745221206015899368814043197719""],[""1"",""0""]],""pi_c"":[""10721016515506457555143526623358033778065678143177828294194055764573151070094"",""11496712341101750752656181062779350206565828664387374634817604117902465194198"",""1""],""protocol"":""groth16"",""curve"":""bn128""}"
"ESG_ZK_2024_092","2024","1","2024","d43a78af49589b5999b8bbf2bf4073fb5f6674665d1414055b9a230678cea6d9","500000","1","10194087701143777657575643310801783729623620048662027342630122101806287536576","{""pi_a"":[""1574878511964875843950653934035181531821713754568122286828439913697933546256"",""5272850950541410566427421941322896812586279871035110730871319386118115207525"",""1""],""pi_b"":[[""21828168609844152132046843074327605669841607453253894649176089507822897441706"",""4648711143448938335356961545287801536277524342944941984884760627094573380246""],[""14635026873681810501332650867476198086462407059306891775235461229900753146101"",""20015452086905532847498254809500932882556927405649398704918818572563331096756""],[""1"",""0""]],""pi_c"":[""4078544190761298574966670544010603753743412812828366617015217654548248959034"",""7962219461437825110031171119718545727940580522461583603479717305870955252853"",""1""],""protocol"":""groth16"",""curve"":""bn128""}"
"ESG_ZK_2024_093","2024","1","2024","72dba50e3dad28ddacd8a888109d720163eeee1dc14a710d9438da54b78351e3","500000","1","13277248214274608219946878119193690043633458513521654241847498649794614712057","{""pi_a"":[""7286822926659987258863251067056153030404209969267846625863974146274619132734"",""6381770649434228790812230828397185734864268546466793344686942892749750113264"",""1""],""pi_b"":[[""14485752898627089070187143713087252869461974650250571629965296677319614232318"",""8644022537447501328393044480903379122641541837407185262099262702307291999073""],[""15615205267163051875623765294012338351371801753965471878904417686098523795166"",""18983800548996994761336136541527693996580364056818849032416965448578392128019""],[""1"",""0""]],""pi_c"":[""14983953317299043529817491065833884736771779919865477112966993755022950867813"",""15871426072373585747350492094061866210047549868318801460005659489869425004491"",""1""],""protocol"":""groth16"",""curve"":""bn128""}"
"ESG_ZK_2024_095","2024","1","2024","e399277f2c345b978aff8bf410138381b029a8b1d6d590e0e11289fa6675eac4","500000","1","21455855212343232752684430155692369993881916449037173630273261520700074115531","{""pi_a"":[""20669894522200459154919547463971255402022935829511516925752219002011681233688"",""4598020429259198442812869568521256409693690671377770874392593468778681496704"",""1""],""pi_b"":[[""5864226103486322978588689907444825589062415855384813969923414729905128929441"",""14687706946711151485340184956677555519478022254736922442111427914704751657037""],[""1482527220985536031046121961472373851279294093979921442146206562437187025499"",""13847793486060190249617756394007477782473144177491008817893657694367929725039""],[""1"",""0""]],""pi_c"":[""53471470213860338745395117869555209657161167454178163074818399921737307417"",""9775998843904923870918312103543837826848762036284764198370567212981881250763"",""1""],""protocol"":""groth16"",""curve"":""bn128""}"
"ESG_ZK_2024_096","2024","1","2024","d203e3a4058d0b7b0b1b076fa09b5154f557d44764d19ea4cf22c0ade4b84b80","500000","1","15315587881616973102308878530355802604832299314528177087619577400263078999513","{""pi_a"":[""8589730587925573692380231501528352563954097127125978346120170258421788664487"",""2818700447935757839303488060645756132920637145813222198263786037611516941756"",""1""],""pi_b"":[[""3327001704050372455879402063530150716130213879469910004174423751234082105099"",""15769502699494383939355074950702385812820183042420355525417459703921907747322""],[""7537721327392942071982691468856530881644910698915321953021969670932427083206"",""13514782450595405742680331237112570270196870803142229836216358940254063276724""],[""1"",""0""]],""pi_c"":[""20249792223168028042943140150370983160422810173169286193271137689998475664318"",""8690124335285872994765436995237949302838959633978659054782446861804981162497"",""1""],""protocol"":""groth16"",""curve"":""bn128""}"
"ESG_ZK_2024_097","2024","1","2024","0b684ab75d8aab37495c579fbd2891f359441ca6d3aa1b1006853e069cfe1f06","500000","1","2835984500360864646899863134623852903541144452999707797117185795426415748444","{""pi_a"":[""7851859690166159134078629089244867037110328547041816242547719075580268814081"",""21726519159813575355869103920007435182973578489124670551670250982959727267125"",""1""],""pi_b"":[[""4872444409674796471278397697657768742945494601408644253122341497292305015719"",""87842589486850488947483024009218655802512418579919933499062318708272982140""],[""21722822890388454170096872053937392329768735537441879526477369223248984217442"",""20309337166229175344461769376459394475783345543588109699193486762155428081199""],[""1"",""0""]],""pi_c"":[""13938376697919468484795510657136165396139669518663986080087585848464668899355"",""11319033628458784509079857584375964933184919460370402634661476559585484150089"",""1""],""protocol"":""groth16"",""curve"":""bn128""}"
"ESG_ZK_2024_098","2024","1","2024","591b874c2181f8ae58b3bb9a7120aa47246526ffd9b77a350cba09430f22d2df","500000","1","11075633784608606432187450140590679392286859632759057985918455674391635653747","{""pi_a"":[""6584512427016431414038666708175923167363772290650977876219149134823767416785"",""14437336135862478993847693692982051509941168140190899350026545245969154781080"",""1""],""pi_b"":[[""9572693275872570249907643015666751746294678569470218337833501470125607411688"",""6000013936867779003462767571901491096509922156758477604777322538504477053434""],[""18946880360711182963246875989247506053981053242348320222206922498554144179306"",""21005019480232453280572790146643756200624048560181623707136142083263236961362""],[""1"",""0""]],""pi_c"":[""2752074446912244037524858859740952349542168581812378573716168546940105837294"",""10788919311793254218111157003590360880729364762208638233958282415325298135721"",""1""],""protocol"":""groth16"",""curve"":""bn128""}"
"ESG_ZK_2024_099","2024","1","2024","bb09577591db8545aed8c095b8b6005bcb8f370e8b906804201dcceac69ebeac","500000","1","17465846139262562124303617523021849493707677994979104012915526828271623289038","{""pi_a"":[""224223296954090890888973227091139022842078766655017865984773368301768559605"",""18853201504524474553527597500061333972183047254224750286225135468592977272870"",""1""],""pi_b"":[[""19627162161816166120558747116154454946684432748157259702331466407731627124165"",""8880437719050232290711045893145554745547601232370865384452551452936876213077""],[""5897574472382048428904691014493228969815192430764969647558317054989030645004"",""175261970508189579071098154374674870993766636695618006435452212377977175169""],[""1"",""0""]],""pi_c"":[""16935687330832472806273061260663163376779475383169968474895239534736184211004"",""5663552409550884351451766608028668910778627063360521503577892384401482241295"",""1""],""protocol"":""groth16"",""curve"":""bn128""}"
"ESG_ZK_2024_100","2024","1","2024","7df36bf01d8de2269c668cd18e1a00816d07ccbd1bb7a270f61dffd960f148d1","500000","1","8339990733369429434905304304962383747739953129809315298582213083301561397416","{""pi_a"":[""5586846938613651534465365300726039898406646668211977695936311040063639553690"",""6600184476481124251055315362863087111006340083392228935594328588365910103920"",""1""],""pi_b"":[[""21239121407684467422054099172278315401306364329492335534765110797769879938768"",""4833480697586234355171801511658639834655976380710283323004246094333645996239""],[""16753581141331039084202644427120761451412464049472770264146542047039073389461"",""16816100088502550043408158947325697851253182208906523328441675126585242781275""],[""1"",""0""]],""pi_c"":[""10779181629368470474852337510280321585999643551753952255165008281803772657350"",""17389777467163622733023284072941309188466796454931893325250769752977439790715"",""1""],""protocol"":""groth16"",""curve"":""bn128""}"
"ESG_ZK_2024_101","2024","1","2024","80b7a6e2bbb74917f08b3a446f168e49a8cd7513ccbd5c794a22c291ce41713a","500000","1","19509803020750518132184223745115345853692984912186993338655547011143834880740","{""pi_a"":[""19617998517455134786875909910474903332916710231635848925374866032305423866255"",""19293476074468836690897331803596137231177213113105562409249182903285465194866"",""1""],""pi_b"":[[""1157101102314937347224253522685377585237957931060811575036927079537098338311"",""9069705083352266603385848761344853149151629625186717112744043442392280498286""],[""19503915667280784059491305311622918414760128259078657011617398965490208774604"",""14268791176777927518891328739775740467116416498717401501533067782965506444414""],[""1"",""0""]],""pi_c"":[""13506193324413050590740388004833174455764483078109117401906469331047304163571"",""14802123825124112728145471422098927559824523644053081853697124986637309135247"",""1""],""protocol"":""groth16"",""curve"":""bn128""}"
"ESG_ZK_2024_102","2024","1","2024","c07261e359f62dff054b120ed09e7e6fe4b0f3520d4ce9ec4161ec4dfd11e166","500000","1","3758954221752428556435963038683345853867913307263571464285523410921495975465","{""pi_a"":[""2890499721962774030273826737381642445522170252856344870083524307412032052029"",""14030206651627188804074970470855801174525723239777281407853544366556530091015"",""1""],""pi_b"":[[""13077154840235356619551763407822125596228620401211605038900732008212402180997"",""10244727532639163622872807800053141304484586629769246564196350782290765160728""],[""3893013679173638462679166138473500147767360737326744856421103338237571302004"",""4650629150589701555929609510280998878052265083695496031325111011548335852299""],[""1"",""0""]],""pi_c"":[""19642662518558636671266414459598013884423673465306421697922552498715017101682"",""5114928019572877244454082614515686199543071116734253755362273508910551813802"",""1""],""protocol"":""groth16"",""curve"":""bn128""}"
"ESG_ZK_2024_103","2024","1","2024","f23e7bd4a3766291a03cdb535a3484d79d21048e734b8f871ed1d868bc5b1ca1","500000","1","10645794459333268293280705860662115728853485553943310927964159277608066381044","{""pi_a"":[""3965565560455019308041192782101416531823825784389553410191068484251970705989"",""1203305292649471701653538214470274802688658739653906638453413306337972424130"",""1""],""pi_b"":[[""14342930652208831723967479581892695684445864238011307933185167612047555897049"",""828471401472440799760166878627582882577662663586341760023298207803134109243""],[""21349188353974781331274293719805923273543779835000472955142695075636977024801"",""18840436544553739589962566854529537308818657880457432876663584041013501121570""],[""1"",""0""]],""pi_c"":[""1304712931327010468589702933192497067369807093707903448345948787149342390328"",""9840451765176997751126663429214683409782163917888478428184150911842411550755"",""1""],""protocol"":""groth16"",""curve"":""bn128""}"
"ESG_ZK_2024_104","2024","1","2024","b44e4d680a590e81c96be33fd137edf9c2b82f4ca63d024c08e5ec2923b3edd5","500000","1","6437129102066817450784503614721133097153730184416286102537682517155616634314","{""pi_a"":[""16662120072835595722754281865010450677511741629245662814839541437709262197407"",""15403280105351388973607446370935486887941003279323218292856761433899935804635"",""1""],""pi_b"":[[""3150365958782335650774122765827087607326789607644956717343212096650669716708"",""1718743958586613945663332524782510589330389925649485478101566727207854514900""],[""1734023526384238324477172146210220266665472241817960681295378953563238845401"",""11952354032765824650480349728031552868342950194993478860167527807278900255451""],[""1"",""0""]],""pi_c"":[""11544929457139399490064143156478274549029505795480916571159980479417939764336"",""15889383159355170903582845533053179473807106103550102664393482733054880218350"",""1""],""protocol"":""groth16"",""curve"":""bn128""}"
"ESG_ZK_2024_105","2024","1","2024","0fc6449b7979ac7bc71ef4e7af140f060de35377cc3f5eed01f8435f34314430","500000","1","19018175728479964551441089906402262070959707046412012523662904895572589077880","{""pi_a"":[""3759261032259436820178613253702760412824514895985240246489356225678719101086"",""2077402892829492727064852639892862050202182481484887287183240435675364257712"",""1""],""pi_b"":[[""1996525946700252514077679154421073874538599465545210669685555257734497865703"",""13581030625768676430909398347672138071161208442841247421365022761592687767462""],[""3887547493654313566541023904286461794752836793625371615453175378730441914574"",""19391575204996675856011210835099046379606197187095566057557174672836717580295""],[""1"",""0""]],""pi_c"":[""18892832868511416871346047876734413298244478162160753931839062489737073609600"",""18951383439867829620991683409292146477020283920824213251773592735830856322382"",""1""],""protocol"":""groth16"",""curve"":""bn128""}"
"ESG_ZK_2024_106","2024","1","2024","fe2ebd83ca0aa8e4be84b386da1d781f002ed5b36fe32317859187f5fb4f3ce7","500000","1","408460148914037416923241760877064847203900330319113569282038106742424564488","{""pi_a"":[""2943501587433058643873256206379140011065486400974537675299083176003918091173"",""9898350180155606571280400464485336819962630978594764723010133458161745802586"",""1""],""pi_b"":[[""21334493406963815771568324669010652605742174192002604174452048781692863389584"",""2670158841984864875923553736236075306638833531131606203444818855742542252706""],[""15362796375398068957894762821872243565039645065058071429349868374693384497394"",""16484767297129722466285751465299330359661919282919937381181723331185710137468""],[""1"",""0""]],""pi_c"":[""3298742051126351950815890423074913391630100254698508664863798887096547453782"",""14502508740808480059800289300446407644388833254154709292406303247016495510182"",""1""],""protocol"":""groth16"",""curve"":""bn128""}"
"ESG_ZK_2024_107","2024","1","2024","d097deb226aff1f352ec935dd0cc9a7acb02dc23928a701e74c2e1d760947890","500000","1","3795509293346559547705443126878226639307115235105247795865000366397553136642","{""pi_a"":[""17744582063618865729636394204624343347813779518447155555483829009119972803337"",""296112397702156937270163405779228233472968571831916234692858815603002984588"",""1""],""pi_b"":[[""9974345835393844387786788128579584120514649764521172475625246682634950464936"",""19924193130296287352743685782449053945074142350428481981384878477290323328673""],[""18496587099622490432138181253620883017905848276881251500216854562679271508573"",""9724020157190411594620835959660039734923278503746692026340495287263847347529""],[""1"",""0""]],""pi_c"":[""9910494890380954232438428725309143465722674052304308885933953367818405369154"",""11397068480217065646692147759795494161304467610378581512325012575762308403018"",""1""],""protocol"":""groth16"",""curve"":""bn128""}"
"ESG_ZK_2024_108","2024","1","2024","c712b844b8fa4f2a3a3d61ff1c36cdf2b016b0f233b3876c931d77f0a5829d17","500000","1","778793073423344080809222289243745448984401962419335154013409345994187208943","{""pi_a"":[""14127206630495835356021350563560853408506037803374133600712455540658813761981"",""13065621920612847084357030360280934399984258031411028345682211883115054667055"",""1""],""pi_b"":[[""13955617417991918338991218533622959908731195725515270134173986181508722810850"",""20556169904734663504718395911206183291341000359747529734718258920909316491066""],[""7853549075093956193381742076388911200208252781219863903896486739073989890671"",""16009552398245864468005814561846405985407228308654362687271997098336475632""],[""1"",""0""]],""pi_c"":[""14608194076442924242382358362608475845151478462940399599516056910116702270712"",""11837001113152547093749939635773221001957314096773122571716126659318186765180"",""1""],""protocol"":""groth16"",""curve"":""bn128""}"
"ESG_ZK_2024_109","2024","1","2024","fa103bae88156d1423427d81ae7625c083800aa7468db56aef8035bb7719eb14","500000","1","4757990753073528961221691523653616971851092484418442297932114981395375089956","{""pi_a"":[""5476529767424677941066930056202580757298656568985317048274243459363940275435"",""5649788740974966410601426218257027294238702085588908188673437785507771620932"",""1""],""pi_b"":[[""6295952275467024825407254064735530989993734046805874702440489139867492741902"",""18228530818709131434051725092099275914831713971783662726679572056238256865627""],[""6923717406930558453806277844092842336704822835980323422375537824410282028731"",""16669617670943858141680157103791938831079730015319915409006957093776429231828""],[""1"",""0""]],""pi_c"":[""20118536205399165133870984023294335803226111595122998950383811240294812959260"",""11460422334518028702230105692110933650991935222136652356158318423365941035671"",""1""],""protocol"":""groth16"",""curve"":""bn128""}"
"ESG_ZK_2024_111","2024","1","2024","18d03ac8581ac8988d6828e57368ae649640700dcc76c6df7140493195ed2e9e","500000","1","8195983605452548315301973749858441539722907451199815146776441921946119419067","{""pi_a"":[""11291617443810151434680310490531405102185408299503234377281576545608668816424"",""7394973988184894605872629558591058703908109208650799857488356940114280506536"",""1""],""pi_b"":[[""21590987633045568059905863826111250803019246510094228776313795112436383786644"",""7341701536516063499615649359968365374862021234896901655236726459610362706758""],[""11999308220396203436479393170131498732174527603740954214062923481532727953942"",""20271414380735727580179533502330519692701322147413735550426256323719386581767""],[""1"",""0""]],""pi_c"":[""3304676441854614739404577075545815552137521013542987142137200113206490534748"",""17965796750773865643119186827668824060492960863335273521253854475532481388103"",""1""],""protocol"":""groth16"",""curve"":""bn128""}"
"ESG_ZK_2024_112","2024","1","2024","82d7b1db04410e612ca335f1e9d6df28c348b2c2365361cc6db2f225050988b6","500000","1","20625330726392359185977625419693208031258580474668537563637092174244061095472","{""pi_a"":[""4577523242637718159338129724681889566930392951730643052437875630700659280274"",""13559859006916416377371026932552933882852672573657293922419631331913726450953"",""1""],""pi_b"":[[""16113417860848735748205953611678489083913801154532525604436743575719416025165"",""4753093117078702977168040966409311052373892334546940698034906704597766089988""],[""20493621957495462001611509154742833830547256457317734730169022245958863825764"",""8342348082527270065121984999329442485598208619728649487841658731326278328706""],[""1"",""0""]],""pi_c"":[""4178184566373706459623386460190272593740987025448292677087103887785292444100"",""20354007940968774867526279838050586276638394361978620676255555435297329407100"",""1""],""protocol"":""groth16"",""curve"":""bn128""}"
"ESG_ZK_2024_113","2024","1","2024","4fde71e922ab2142b9a11a3f2ed7286bf1875033dec8c236233a526524598b95","500000","1","592910814518017466347939771343791756566408024167220782850614424127936399783","{""pi_a"":[""19124427726032036593623669707094878489329649067889771443231371743773757399232"",""410271603177116231070730093152412661090004358062936999842350916392858617196"",""1""],""pi_b"":[[""7076727073850033541414183823599003554166505125603922155942359865606176240126"",""11151092569155425391191662963255877061835239589851223370097936406300799299300""],[""8477117386362082549576334575035453801317755609977121923679242567212241686390"",""2777789577666679981569705044161843929813149050442888834491562448516349518340""],[""1"",""0""]],""pi_c"":[""1750056228523039302926458168244241458695594940678770962167957575505461554555"",""16838428830235603761865471970939163438051852635963101417264984803470509289482"",""1""],""protocol"":""groth16"",""curve"":""bn128""}"
"ESG_ZK_2024_114","2024","1","2024","c81c851408e8d199677b46363cb1c2a4d8ad3f5a064eb241988b3c3324790197","500000","1","2287238610055762333499930719773192051376810535957621545614330723600045259328","{""pi_a"":[""812898355330133811427902755393392230088457549461611431952170795030273093829"",""17451971177709080709398661650709364307070348416313304359136655893593968891987"",""1""],""pi_b"":[[""7008584497606803141809537127540204783325619029923091859804786228549437244453"",""16740060339431034607900597841230649189321896963866369389809820250432985574899""],[""9695002334549269829979357598351926635577441991920916596596729957059717092840"",""516846955619658741540407839114851370056861485210039947227242313800193549551""],[""1"",""0""]],""pi_c"":[""3673958484030021433614142206418299321204301177786006972126322401142442175888"",""21282941625078545342546922430619785427748684799896095545781719430439183027562"",""1""],""protocol"":""groth16"",""curve"":""bn128""}"
"ESG_ZK_2024_115","2024","1","2024","cd3271c177ab0ca1f55f7f75baea9a4ae66774cfffcccd3e59e513a96b651f53","500000","1","13040487647814461366034304314864967094155986948656392946372630841740002176523","{""pi_a"":[""18285219646221119071944861221908865703540190158891387803049401073655803966774"",""7591042727440341352177258688714084108925667807543546726194342615839019412310"",""1""],""pi_b"":[[""2956694240530283701401761724742398646968374643268887476502277812025858250652"",""18403618334894279690222368409836680507092561073291489492096440232493404266738""],[""11004452200616771678531244377241178808478218792050145619201927989542577923852"",""3429571424620626801584028955000100597295695272793873530321231599255622531269""],[""1"",""0""]],""pi_c"":[""7684222442455768644033135856489553772416132953455394066445639241500101935554"",""3954358826131511634909028405686111355591171376461609421087732921930266922784"",""1""],""protocol"":""groth16"",""curve"":""bn128""}"
"ESG_ZK_2024_116","2024","1","2024","cc41cf506a905c4745162ef2db82bcf3df24c4530116c8def203e164fc53412f","500000","1","19307310414172828170745867172695963473524646641841541195055665461778235624689","{""pi_a"":[""13519592869689691903732183179448536284243431912348374964057289596311628730318"",""21232213361837444234565261435920902007029102366338536983563684549929545171093"",""1""],""pi_b"":[[""14570404209148160808872838551943162766260281857994363174378480099566677463303"",""18761193829652891768901781600194072822510581647566376839481622647254889265167""],[""696841437132507703932074771241611828508829163485506388368851036273263369498"",""5563963232284874968709639890433297055474384159040659059210778169920402144817""],[""1"",""0""]],""pi_c"":[""18283646567026420039353208599299435065565171860353355936670400892601569536524"",""21249640064615772042909508675427285689060274171368995585879128897314162500109"",""1""],""protocol"":""groth16"",""curve"":""bn128""}"
"ESG_ZK_2024_117","2024","1","2024","cd3271c177ab0ca1f55f7f75baea9a4ae66774cfffcccd3e59e513a96b651f53","500000","1","15929253018334495784582300657005209528380321358595141042447843974782680716948","{""pi_a"":[""2396386813259401619794383357702695334572405365298440796204019938111704291526"",""9022913584417920598171739408746955149802078207508139119578451838857873351381"",""1""],""pi_b"":[[""16393523320390062968934939335124181227210117187106312804131149974808647887044"",""1544711073187822668682408594273775309450014204892284156660309312690542356605""],[""4225838724518206571617573311867239694045693884230601438382066988162967904714"",""5420237364132210004050476408513826643720129857251086069411313368629644347585""],[""1"",""0""]],""pi_c"":[""18369725509304760591010691398640963060114345373584789416670828832249741902929"",""17617756171552518939140436831956006879354723270053285303573161383884607428733"",""1""],""protocol"":""groth16"",""curve"":""bn128""}"
"ESG_ZK_2024_118","2024","1","2024","c712b844b8fa4f2a3a3d61ff1c36cdf2b016b0f233b3876c931d77f0a5829d17","500000","1","10020204681457698725639814999816990751550908402472513174676729005660598104014","{""pi_a"":[""4511944820509050072352838132335279323877349244113462937956519855341409192930"",""16342463188166442788583654080195787598543341475049716688660592191493794608282"",""1""],""pi_b"":[[""1444017293414607580458044787002046608171235946605627117992075316107683058337"",""20461200746914337427217543073128353486043870184191882565619604419660991798996""],[""20496837860121657417957443533264762188149871336088855766581185738134208883968"",""18519234353342793384428024144729035017423350158545113917778038855296648676176""],[""1"",""0""]],""pi_c"":[""15260063892376445806548036385998378925660330816701568664050812494357640351744"",""14844902268103452971866203787336859006353953425569876599897951170915648946611"",""1""],""protocol"":""groth16"",""curve"":""bn128""}"
"ESG_ZK_2024_120","2024","1","2024","cd3271c177ab0ca1f55f7f75baea9a4ae66774cfffcccd3e59e513a96b651f53","500000","1","6277749172564345726063246513338825446546135596851508926910017757361405090698","{""pi_a"":[""18578506440205730496987222139255539851055228787914756031021151307828248114880"",""15703533094056394991731482025693986339397349477392898323234567704580281585896"",""1""],""pi_b"":[[""4361384924791474802298225607410068299862996606410590798825257877577048145611"",""5388285894000794304656327251966164482795934875719390080278396110976361452012""],[""21777708733981117130532428675003447821796541065016461066382718731870454685952"",""17053756578253501376823351361323394779876194564550294876386989459560270581746""],[""1"",""0""]],""pi_c"":[""17317941416861294106556180766038642147725375810537177536218714018822580607866"",""18949191788327513650672287761409220048159551603972795991390499438801379394018"",""1""],""protocol"":""groth16"",""curve"":""bn128""}"
"ESG_ZK_2024_121","2024","1","2024","43126699440822a589ca416c87a286a2e9c94772d5773a5ab6eb717c16b6edbd","500000","1","14402571876330607743113117419028748429876044082899189629669189490545275795534","{""pi_a"":[""13762823800482313680721688762780420701360197163620816808480100101992084297042"",""1168610992628881396713143275632428731830338015996761177463597441324439799143"",""1""],""pi_b"":[[""10477812891598216257532381720949589925901009620208989306316551570267099987900"",""2838097063519590676519862853753995026457047086753061956461548282559261615247""],[""3807160433821669778008881876992943218391932644656332625487635175970076272925"",""1264705977564722240974342941196275419972510474404067673102105794715738975622""],[""1"",""0""]],""pi_c"":[""18251428711002829328132135836736373883982705165749652072257279689824397765062"",""12439295748964211668418506411417487318747795346918898785062654353161164189786"",""1""],""protocol"":""groth16"",""curve"":""bn128""}"
"ESG_ZK_2024_122","2024","1","2024","1d9a3f90fa33adb6d3cd71a0c2a9385d1ff90a06bfa83aa61059347f7ff60702","500000","1","282414296738052755163273207883380079343004079208178064821772758219417600215","{""pi_a"":[""4508318622620711524318762961889803476701567728881684135668905848844214442148"",""12057865481839891784857558547632567598809463389042511202607566287638266748273"",""1""],""pi_b"":[[""13392964079912317319448188936583291607824945354416493285177505117882617006060"",""11000890857423031322360566111300243757265591674196417329175609709997724991321""],[""21274370386590849947938277403699632136616783961844182982110067519628471102905"",""17900952983862630393080563910630289417258515570810338974742928181693408794661""],[""1"",""0""]],""pi_c"":[""6476040478087194613685858683579442532593001672173064807872538808818485004676"",""1028535562373516231406069504580141528302472534858421494618672817492426473961"",""1""],""protocol"":""groth16"",""curve"":""bn128""}"
"ESG_ZK_2024_123","2024","1","2024","d9fd1201cba032e504b2eb91c55251152e542b41cc0e8c41c5d48bdb30999bf5","500000","1","945936023795837424799128569348006617804347722593137193173474473353457939461","{""pi_a"":[""10761457698147647662556797926599267778649063073934899063493823673823690767529"",""19583301836293123674795450219024065843131988096988355213649896817229118741865"",""1""],""pi_b"":[[""7929642447431423528463593977191668576370196338385275713859078041972991703773"",""17594595792408015663680991078991609308696418352312049952906631310538391387788""],[""5103180270907138338994806020985046066543495543642135580692130842210135966078"",""19545726492583776848327101424042591445295731672439612984213018444353791131552""],[""1"",""0""]],""pi_c"":[""12234419932361874126176505365319645544968577247566026113746484485476671253612"",""14645182437454882900683286907298747622102444629249910860386434069697845892246"",""1""],""protocol"":""groth16"",""curve"":""bn128""}"
"ESG_ZK_2024_124","2024","1","2024","cd3271c177ab0ca1f55f7f75baea9a4ae66774cfffcccd3e59e513a96b651f53","500000","1","1056689551849880780994617125105009501327340451535871675956981423522227905914","{""pi_a"":[""21342730994035873561634864977387724055991861894254092161778183617939211513860"",""10466976141757234072937286543962407302657794962214831193705926840523000479921"",""1""],""pi_b"":[[""1231541819589237811391193153971758859781837050868473771281457843564630405394"",""4929339204333356220353444024108817982261932673410427479721779066390437120317""],[""13487266325065833462605077913500034851011411696546932571507323507050864207096"",""15301924606095846073707642861327521533502553071465953449161420122061384209461""],[""1"",""0""]],""pi_c"":[""17449407185764269384180863225274218968091592095578687080857726252610138428090"",""13454507346247150141485009383310322534179765376995675249349014048825623616388"",""1""],""protocol"":""groth16"",""curve"":""bn128""}"
"ESG_ZK_2024_125","2024","1","2024","1ade31b8f9623704dfd3f5fa0c911f7cac40730e560b130f42395e4e3d631288","500000","1","569150805016821727354527846355708959217028566590569688520260972535395068886","{""pi_a"":[""7034795218771586049980929530842188109144395731712693063106795541804836687708"",""18473845621409785988426788890845608630858269924348523456727713488901277597047"",""1""],""pi_b"":[[""12030113195471484767628827145467863586754119041884014111423675652314731071790"",""1413338005635281421689327283024596389660773559349502422400084165129642000787""],[""9345859508269205321812795220909830086902726781943844598288050230293834260748"",""8977654483921070489679868573486877463580716834423785876057001614742586418804""],[""1"",""0""]],""pi_c"":[""15918241337983253364755605385886466688682717850885734063792769992692363089321"",""12730575895623364269449881778936487653798941746442502591475720808361897186250"",""1""],""protocol"":""groth16"",""curve"":""bn128""}"
"ESG_ZK_2024_126","2024","1","2024","c0966a4edbb9ae42bdb0ac7e7b439c481fc9b880d72645505b3b3f9941df2e60","500000","1","7750233245346920730668341832908542905179194209861463829943622193207143704232","{""pi_a"":[""11014253939836941239233943496014818255409369449222999796516583913767100396441"",""3326124934793455727137069827560178055250920903596804957936578627763419234256"",""1""],""pi_b"":[[""9226349691310248943685794969637159483972663499883171560825545242138406000232"",""18393367691971118542089678532914809142187392436285090104776766906222702874652""],[""7531684988295356104674995139700967493227613219753499373404309811793146532732"",""3626713886412881619023005065861791725554554007228375622008411966148908800478""],[""1"",""0""]],""pi_c"":[""20632736645313924633202014338768681787258537932653579732372431638116305239522"",""18501141661676337422331753581492783292808334854515670289137230033021538832796"",""1""],""protocol"":""groth16"",""curve"":""bn128""}"
"ESG_ZK_2024_128","2024","1","2024","ce39b94de699c0910f89dd84899c49c69f4361a3dc91c7ab546fc47e750b04f1","500000","1","4754109579190654422543002266512852440228102180586223719628800162774353976554","{""pi_a"":[""725568418146302468099317432971807321066860040626986955888119804686103020113"",""5970270640196272054936385067666793093082189525019243110083790075091265380704"",""1""],""pi_b"":[[""14542821467788086941214369396507313391521488543784806394532894414509243599704"",""10432707268205989358939226303538953776780369761205862518433245136849844060537""],[""9755595061317941559939402697742895011807740939946176026989479394840584862113"",""442755389199190484177784859500011588864415549315556450010457987396519601548""],[""1"",""0""]],""pi_c"":[""13486602063476814309788653726616951018597028304384608150490138284995211116763"",""11570770554554133588588819203864142528952010256904976685639136061452192476676"",""1""],""protocol"":""groth16"",""curve"":""bn128""}"
"ESG_ZK_2024_129","2024","1","2024","6197155256a682ec17e66eb79651f4626a096de192280f34c0aa46f18206cadb","500000","1","4485293984879244649750401930921114967269700177561635443226288765765517528361","{""pi_a"":[""6841078940902187682029688601030697338481987226326696916961931644975609422298"",""14857255597024499088203342738567750534569197443471163170069535065644383185009"",""1""],""pi_b"":[[""9753925737695416922667880735711646553052353765505436216784596085931666947518"",""21260018163336193110715177203663920290373885235224173030076601285641481851719""],[""17594260701945861760433777386042183562617943965739428319423522768314756030311"",""4958581104531203466871178320521829003186077140714989634030430454744156051224""],[""1"",""0""]],""pi_c"":[""10672365738385004520337651540299428659027841141624807649229823225314572920940"",""4362572276733872964132602215577654488071144434426327497213287743821179023006"",""1""],""protocol"":""groth16"",""curve"":""bn128""}"
"ESG_ZK_2024_130","2024","1","2024","f7327b2a3682b907d12552033042841d01aa62fa75f39c0880bdbd895bb94053","500000","1","15751746659845537423613690769026218993059753298416346529368639513993077644510","{""pi_a"":[""19392633321347519089757760692544595980629264469561662673357002891722758306806"",""17392480503617055459704071628386061935472488413497882045791554621406393324772"",""1""],""pi_b"":[[""5786497762788682290990362973530156373377996790778807616444534874219340106532"",""5529568066147270595333602999117305300460968614442448994455101210084663857343""],[""17519529269686624435656096301733176746779533771430417175799302520681946653395"",""5854449526429139486877387087573024114798551460863583107676199025529886372516""],[""1"",""0""]],""pi_c"":[""15548417200549399865913969842351483131464867106398581904473353001804597020845"",""8360726926766045511603661361959238398881858637683883997106081279101795830226"",""1""],""protocol"":""groth16"",""curve"":""bn128""}"
"ESG_ZK_2024_132","2024","1","2024","af4d72ba7727019bebb8790c000202205ee087e058a8398727476e7f04d3238c","500000","1","3603865401193066452157276487399806970570830860364179164460215007616633190273","{""pi_a"":[""6563407606975348931709994247932962421105543523548683159068671997943630350137"",""11159139390185762447391478514158953620783221411093240359445932694795360097111"",""1""],""pi_b"":[[""12305422626136040646284653790726916196399482168702636833023294242722081669271"",""12337057212043059129728532226024879260426827205757892177172486003988009584407""],[""19694199436658374971113664312299462696079323744197741885426274873751580601507"",""19965234146297158825694030187615840952790558902639067294469313301827864741524""],[""1"",""0""]],""pi_c"":[""1604859550834260421206383796221720039876431853890023400711779273845340074135"",""19268861093091944397102887829868934528405695546324547913697141032557500377249"",""1""],""protocol"":""groth16"",""curve"":""bn128""}"
"ESG_ZK_2024_133","2024","1","2024","77a3494af8846e1470e58da1020c220c7040bd73b00c6974502bed325f6c75df","500000","1","7685672311353068566043302738449020507888433932995091325223505883104683989856","{""pi_a"":[""21139760657512810520015659507497121850426953916190817818583693726336747596849"",""17228824392403743445021009794552105464163861708754828566537399201332027040155"",""1""],""pi_b"":[[""18100734266855074493590578493182454932817178171435281597672478906840734488380"",""19014647069350541202544359347231379382591808429104223366318203005012561704820""],[""19295664595728272466069738809465481981928923320777626149744690724827893549960"",""11816100464099673806658018465198350506728436809714526381010055284021330947914""],[""1"",""0""]],""pi_c"":[""3500538000885620105670903316398125806130908512345561573350083543410390879392"",""5580842724615037541418362212054081791778641360931750949041969066436874214956"",""1""],""protocol"":""groth16"",""curve"":""bn128""}"
"ESG_ZK_2024_135","2024","1","2024","823e1092567b5c93e398747ade511f05caa2138a69f38570c3648f323ee7a3e7","500000","1","10820149141635445460725136571994136946939783432705995139698692773550842241298","{""pi_a"":[""11617494711123388850199413890315233936635865892891096407696013378769180618897"",""9070276317481510676554645239236676176946358349240345921559952854952908657448"",""1""],""pi_b"":[[""11110637712344277187167288561740903647900398545060426544951020468856829399050"",""9660388001281095530587427608266350231364653429210873997209670843781327658010""],[""8940606265782549889281027967377571116823918438791710410966987189813955634730"",""7927514181144670535106116130660785370982723562671400018577336723893159172463""],[""1"",""0""]],""pi_c"":[""2496168045126739659841871445189108051101214878953732018128138284096925274363"",""16583671347567449645353272731589441026557251526825519734137993523161855084411"",""1""],""protocol"":""groth16"",""curve"":""bn128""}"
"ESG_ZK_2024_136","2024","1","2024","c24e0b136961b1354f06a5a5f85e40b9ffb6faa13dab4657c3ecbd9690269311","500000","1","15405194408184755021410280075054722534591025253667613922575872332792700117717","{""pi_a"":[""5982578409600846053772577523709048592312528126001980800758496804751589287559"",""6318078724868956898178016551225165014389816564972532616235414092627732773392"",""1""],""pi_b"":[[""10882630090876935911868258402974984851479232266955481438545036800289070196873"",""8415170847985028584760535426273927654071331046403225170611103475106865624157""],[""17723661960002722147180559627501935811957589084935591169307831977641169125943"",""13843925282220674714880214696261178723064249812183291078113100901136672924851""],[""1"",""0""]],""pi_c"":[""2427027235153056030130563942417596781920195016465182350457565728415347905965"",""4463469481257516112624012990573151867389812506327418336111883048733425042398"",""1""],""protocol"":""groth16"",""curve"":""bn128""}"
"ESG_ZK_2024_137","2024","1","2024","591b874c2181f8ae58b3bb9a7120aa47246526ffd9b77a350cba09430f22d2df","500000","1","19338287596847035938788480002065714684286848004505772623633981601961756776473","{""pi_a"":[""818090600641971350780945693597390847302662443513177919401460055671502105578"",""15048857512711524109761752440870592479018176262657752064000190157227733128571"",""1""],""pi_b"":[[""13438078986809363738175359633830003808084627385220519715530628655533764755752"",""13963119578840209964086937671720596861829472681197858947022286041768214249934""],[""8816359180020228308406568768481072531646188150235417022042960267440752981560"",""8279289495066583419062382219147427828705372857509352514569245778738976834103""],[""1"",""0""]],""pi_c"":[""18777640206890861612790941476853662913515463679608088142474527518627488576956"",""12266338454200448475834098737483698615186912866257393929125310210354678635648"",""1""],""protocol"":""groth16"",""curve"":""bn128""}"
"ESG_ZK_2024_138","2024","1","2024","d203e3a4058d0b7b0b1b076fa09b5154f557d44764d19ea4cf22c0ade4b84b80","500000","1","9411325940162656712742787678671851707100877674620479129894419574675036425166","{""pi_a"":[""20084504209793453384410009133748465529130815354495164585869086541569338602136"",""2759655078227919636422520526485515019016566527767704306061860104760259268686"",""1""],""pi_b"":[[""5465785479589744313371646393554669480613349695096675526822864862910453831969"",""7923127522491828591167819434069148727412369073256239272417416151623986076994""],[""19803815528269116673983759173529972810824301103877289168396493442058573027505"",""2413847620416075498572812380617393659219333136375098412764509990408424689210""],[""1"",""0""]],""pi_c"":[""8371614578457496741659991733078995171505345238745317999539098630337503463884"",""168857011961451182021922503697556284686289933855200561754663399479580582022"",""1""],""protocol"":""groth16"",""curve"":""bn128""}"
"ESG_ZK_2024_139","2024","1","2024","588d1cbbb61603277ec612849f86823f3a5051257506d9721ad34e7abf566c8f","500000","1","7886088953805282374624791110666002360866449261892812086924882529420453465194","{""pi_a"":[""14759741087723610604107585151448659497348894078322130910424163597952986469059"",""6321624772281015877766452095752978734888816330677700481875581222330723694200"",""1""],""pi_b"":[[""17498164114916032694316531426482114926744852142102407028860652682816568481764"",""18427629667457535637656120045285247064282028244150110435744220618911523830275""],[""2826834540973092089669135487817460822370616003445720816541371485051098897264"",""8765935250487500697133744573682913454616135285168891265789523101952185455366""],[""1"",""0""]],""pi_c"":[""18606656276290560554820911261581639543326306483648248812393785510164460078523"",""723243095416135239258707255707179120273681409223867237998424818722679219219"",""1""],""protocol"":""groth16"",""curve"":""bn128""}"
"ESG_ZK_2024_140","2024","1","2024","01e8f7c2f2f6cc16496b742078c0db0807b28736bca6d9408fefecb27cfe2b25","500000","1","54490016444215583588127644481445120211312410073706223731012679246498623976","{""pi_a"":[""17902490123282474607689373282897991417968823185517243959318489400404936507682"",""15985252287123851818528757262246703130238280170764336720711639965423078673830"",""1""],""pi_b"":[[""10423101965198196710645857850461647539122647378312979598046140112443734642455"",""13549727908699395914939835374272099788393314778008225846950548420104280739859""],[""840759630378769026935522007214166372321049728165923382328385588842151840115"",""5621678572257160693904638132181245689566538350536277347746324436596551357520""],[""1"",""0""]],""pi_c"":[""8461932348073944964174462120578523354012812223399899518887710612297146728649"",""9130371959179604311727522345287349426653121841346266302448513954452711057843"",""1""],""protocol"":""groth16"",""curve"":""bn128""}"
"ESG_ZK_2024_141","2024","1","2024","b5a8ad30bae9df01daa7f3bf19b306787f1ac2b4e5c8745b0a286692d5156aef","500000","1","7314151465085363772720628005539924443195615973745118114537190383395518956627","{""pi_a"":[""18932001236950204218426273260701182264783866236874721607565357266253162250458"",""17496126029924742712457571222884084767353873151991744848208649604288756997521"",""1""],""pi_b"":[[""2477188103366640037490962392722312602287750470957273045508705971601050104724"",""13891472586784023248063530797345122625767872412076406315675411996143991448244""],[""5864690870302846167280820882973274166728332528352254315508537007733955437265"",""2472418356489693475810699136714173801996080190751918565372105789029607502451""],[""1"",""0""]],""pi_c"":[""7952958025497526939897720599280801214791496828417436748385605031618375687816"",""6582454002243497718656816478002602727699483322721432138483078267769789650465"",""1""],""protocol"":""groth16"",""curve"":""bn128""}"
"ESG_ZK_2024_142","2024","1","2024","f5d8e4b6c7deee606424c6f5e04a3545adeed3859221da546e774ce04cc6cb4c","500000","1","19233024303156970784106225605809297042552976159586537053938470144000614292999","{""pi_a"":[""13755111883201242043754987013623746034792358678019696071275239268183253118835"",""17466998111286041333551335483021610784756350157574413858992848851498605231474"",""1""],""pi_b"":[[""6480248158749260606724116268837725146179613945645227784144887837633678862379"",""5658849130682592061406284623232216592912742690498163318413451711322344381138""],[""5063007671762487408814084588437751440312926649002989427562571440881182342682"",""6155565375866909132805730941280505378868213468196780955430210929064278643503""],[""1"",""0""]],""pi_c"":[""834631721790793059397924563033247965869575730556259199898916622824833618619"",""5269709718648648320683642826832860106003462056860549307904790952866045768641"",""1""],""protocol"":""groth16"",""curve"":""bn128""}"
"ESG_ZK_2024_143","2024","1","2024","1d9a3f90fa33adb6d3cd71a0c2a9385d1ff90a06bfa83aa61059347f7ff60702","500000","1","12594233384834697067982719284155397259669298256432668913267581736114075412668","{""pi_a"":[""2547942843507470512268364340199857219999763988810407861219660582706091613642"",""10748225290347992992174969162373951428527562242944068762755108197922179433641"",""1""],""pi_b"":[[""14993276208785414575270185272589530743485453441143102152430231916263657321584"",""16589683729176926210923263491804518034088669473064882382377099953486904592033""],[""6025288815201508736838339399232061892187551123836045669068404814178532529016"",""3446233623127532968135963982109066087522026516873013282756092097510390618401""],[""1"",""0""]],""pi_c"":[""3349955550212553651573567425787808544303001641673938992758632176419227846123"",""3404837325564315079026492918219920498751900094738931877324384396005656033865"",""1""],""protocol"":""groth16"",""curve"":""bn128""}"
"ESG_ZK_2024_144","2024","1","2024","78e7e3823398ef799652878b012d495fe9694fc8c0c402b28e1597b5916c8eb0","500000","1","6740327409990902092012156416096237084844360949832601048165314267295516868902","{""pi_a"":[""18327067775603812241195950958235027188697539083244931129364298523634999530869"",""9869600854710365081413592744508033013107321316839038018292788133756096787326"",""1""],""pi_b"":[[""18373892700112851729282524241956023787097377964382024847808717675122564385467"",""5465983962068031097596524738394996194488906391914001143777904101385430135493""],[""12242391991914281813590825807020367298993409712514803975018489168059803871491"",""21572554783307477945047272682078950456825807428764298403705456614509594877979""],[""1"",""0""]],""pi_c"":[""20623227537246852129630745710867869512359015502575156676836636959926734212812"",""1830656504681022123752316171924527822223398868358197352568612165882752915681"",""1""],""protocol"":""groth16"",""curve"":""bn128""}"
"ESG_ZK_2024_146","2024","1","2024","f7327b2a3682b907d12552033042841d01aa62fa75f39c0880bdbd895bb94053","500000","1","2492428780624180407015692461507060701033612572996413957849957072975323245153","{""pi_a"":[""5821216193118096826704186079811538335026850459335315631989940971079736393767"",""6825975473175030717870849397531179091101657812440579495500369413916450223084"",""1""],""pi_b"":[[""21439207032222762519500446245413713611716613715528228566895365331483187563349"",""6845394876617912423830043105301039385613066567604620404560259631685273964764""],[""2803079618247269245750172011413682540473096680497983768616945054258126480283"",""20469133260844628340474734346365055312756598969785417957024772381658934637818""],[""1"",""0""]],""pi_c"":[""5445493810719035531241300714515204054301666816313604235554549222950406275412"",""7829155701219087552960301631978786253870500102257761719955498930781284890692"",""1""],""protocol"":""groth16"",""curve"":""bn128""}"
"ESG_ZK_2024_147","2024","1","2024","c9dfb7d19a8054dd29c99cdcee5a847d1f48a45750b372fb57db158a13f85bb9","500000","1","9362023761814402658319011113710007393415204172413199130831824134465998551545","{""pi_a"":[""16492877570659291756487665771393240899600413926945591439791377518816938943262"",""8236236279620131279198703148608051793790824606073980269603885838538101823088"",""1""],""pi_b"":[[""3107443074134777789489706748048712360271601399815282000865863264315756505592"",""2335533557479877171945505213118166986238739305053388490614283028392422320539""],[""4545461904088003255490003744144041828615290342488973325008286858632905743283"",""15983046410918306656960532167478999465309114510762803684948986456113025799921""],[""1"",""0""]],""pi_c"":[""11324003825470403749500999378252223702823064752441978540117394410980704885771"",""13814685974513855160223729373972576184570276781972419030736270551263445584379"",""1""],""protocol"":""groth16"",""curve"":""bn128""}"
"ESG_ZK_2024_149","2024","1","2024","daf6ea9bf9539e5f53242d5716c768f30334e1d06a55d8d322bb34697875fbe9","500000","1","6515271205199904538282081326582058488684707634220109150597122397927917816178","{""pi_a"":[""15845307738227660276962124039325343068117093822179598710619467048787821257140"",""5940085628668337266880904616259008133425475631983860949182385351670690089628"",""1""],""pi_b"":[[""9944139836319384611626584642770239998105585356646091891162592110292105903146"",""6967410390482951940788646779404521368697778797916189204938137457167657266139""],[""14031933398017332387223946958179836335909635492767018058343241601083870431337"",""6663114254562261824843515253249036183589242666470241375767242542314911697617""],[""1"",""0""]],""pi_c"":[""746980152668873945083236927481695395612419103781090042974787808099069275412"",""13875297041836511554006563620857301689239001057810750255512977464170774901890"",""1""],""protocol"":""groth16"",""curve"":""bn128""}"
"ESG_ZK_2024_150","2024","1","2024","fe2ebd83ca0aa8e4be84b386da1d781f002ed5b36fe32317859187f5fb4f3ce7","500000","1","20160394627263116405641963127019482525103691758006510386971808430227669434204","{""pi_a"":[""5938449576649813367236193798288888194985400252459929395244970022563636770681"",""5395403121008981738204463222691214899503761481263264217771862285404950928682"",""1""],""pi_b"":[[""592082615584026078905905217243924462850730812442061669569826583263561763460"",""13429017831199118343746616458901692502386429586761075193749374386182675788751""],[""13914939616091050648656557206221907920020471759372746956065747207340140450775"",""3119097472163335700773871393459087977190331916141830255968088575562989315121""],[""1"",""0""]],""pi_c"":[""6321184653424347732872473040897849003972339750725546520055720971494311246779"",""16458059688792443002866612406882048315015140257265426665700651142433832765507"",""1""],""protocol"":""groth16"",""curve"":""bn128""}"
"ESG_ZK_2024_151","2024","1","2024","b90c0251e6d5546f3db375621ccaf1aa794de97975f4955b8e0edb9889d889da","500000","1","13034506791358133413169460242247643406279189223964185275989963212202549091408","{""pi_a"":[""17523399577255491491095582049530417204306449744299630852017353571651755974250"",""19778795368247795037752273735799174110038041380390318502240418668649094877514"",""1""],""pi_b"":[[""18454797655084154607777025428453921174174594399721784064831734350665859699120"",""11638762715540529588716135593120090566099409241857240681949357005639056311989""],[""12642504803900662804225663135551182955751017310608173420560813180875286065545"",""18719129807913772571717024174416113250368677919290110739069235745561910017374""],[""1"",""0""]],""pi_c"":[""4269976706732551414696126768872263981931084050494204491000819586849875358116"",""158315412860430937989872867049981967598185192804876151552304155245023374411"",""1""],""protocol"":""groth16"",""curve"":""bn128""}"
"ESG_ZK_2024_152","2024","1","2024","689a1ee504c658f951dd8738642db9b758d288acbc9fda93bf621a84b690d17a","500000","1","4649428828092246303587149793306391262160496801426576033427525513549433469938","{""pi_a"":[""13015528040918270349974344796946617622595521333388377077360940666595657823459"",""9621426003013620221513921793096148710434275327032612219268553272015950278123"",""1""],""pi_b"":[[""924928606131684604529028622952854295989738124710177827512945174678711240282"",""3295116589088770391991484509490717236843069438133156685564989361201229191307""],[""20987894612706557051577859989616558816603033796621939619053192866259295906032"",""19385160794285948341061042933548581159713370740704015581676605346196963186196""],[""1"",""0""]],""pi_c"":[""5694876633062723553174407150793800383484578841858634628015466305524996558659"",""10217981834549337281510743736858004127439066906266290400268150221044608621561"",""1""],""protocol"":""groth16"",""curve"":""bn128""}"
"ESG_ZK_2024_153","2024","1","2024","717b327af9b11ce68bb6de3838b7477ed20c69fbdeecb7570036b7a78fc62c52","500000","1","2537440934562502013824596174485822694600808808630417384943153587572678611429","{""pi_a"":[""430149108906528149690389828180841583056774672147732244306044315500676580665"",""15254361080724538178503298237999471208766224792516008917452820771028093806830"",""1""],""pi_b"":[[""6636480617978437699973847632524228992258169470181519914385698947681617837120"",""3875381908358844443185234893178496879409350996457538541289962273334801035435""],[""2223427954015706144999053119670734933988821432006396779106305992082002409261"",""2547423715969571506301919332745067600809197127682792531296076933405146241435""],[""1"",""0""]],""pi_c"":[""17888815679024374982842346777654899957805585922254292053227811446666744120290"",""16667583686942292567943264812127503089977319172055032632488326283748874686242"",""1""],""protocol"":""groth16"",""curve"":""bn128""}"
"ESG_ZK_2024_155","2024","1","2024","394451a85fe7af221192b374ce062cce3171dac71cf2c8e825faca49377fc4f1","500000","1","8092323578964361904455883575210390401634705590992942107731492895921988261392","{""pi_a"":[""7185379390257258513665294543405444662502290877946525254071716931224421871570"",""16444017788244106065510777568591977016047176725659857060198051807955096552876"",""1""],""pi_b"":[[""7249648485470892743328099480427288346328395012561814349623027327647026564247"",""13748337501913119254798471827085146864857969514356771394772051382836804248796""],[""2723746009322944044749495152481121605223160318921913771001558693592106093311"",""20167214090969517632979041071809315403717445692069195751655986349288478568420""],[""1"",""0""]],""pi_c"":[""8605364767396122049340706380987441035541229698769317882745961786943229438067"",""3118471195379907810551690955372652880408199121976767839102999554654663407341"",""1""],""protocol"":""groth16"",""curve"":""bn128""}"
"ESG_ZK_2024_156","2024","1","2024","e9b8400d9022d7ddeecf1c0d8aa12974c548bc897f6f7f4e1f11ceef99e3a832","500000","1","4159510283795108645749326180160753307087188630999872852663313570052353572400","{""pi_a"":[""7712327275155596482803669445236807766261540889296829271144812635032820254371"",""20963469475012124027431282559302615783033390183929352268796043174613378183685"",""1""],""pi_b"":[[""20937010010695990715773521830879552078091005486383581445536916531692201081135"",""11631540188207235183598231384672530173052225352494493510363647247291275516658""],[""18795426463794126278798358674205258677365096494886301475081914596211366400020"",""18929299745279266752467127022421116094462612469178780307025130262369262595289""],[""1"",""0""]],""pi_c"":[""18131763205567447903334648860685051397990598956985513023027566508250589212547"",""1470804250074058694659697088383129823699367938321468585170090060033681303666"",""1""],""protocol"":""groth16"",""curve"":""bn128""}"
"ESG_ZK_2024_157","2024","1","2024","fa103bae88156d1423427d81ae7625c083800aa7468db56aef8035bb7719eb14","500000","1","13073921471546659035263026905486864937253686919755132777924755005867662022438","{""pi_a"":[""14409665990410468942160033517263759233501897302122091217393198650887412087946"",""4645106587629123724957863868925086677805439121380025839634049698702807053061"",""1""],""pi_b"":[[""10869495594314810409506458504081917805948465319556367459010540038594312292583"",""19469529331096910213922503489768108044942801934855963562212522016103427724245""],[""6591756934043027494235121288680896002887718852800851484497671368629632385187"",""573205305969995606561839182712922962208148863079011435073038831486436437237""],[""1"",""0""]],""pi_c"":[""18107811773194038722128208871120113791331854613026096558697682415093478952727"",""21818420860698039973757818041184012147179745936872735471776445350606268131771"",""1""],""protocol"":""groth16"",""curve"":""bn128""}"
"ESG_ZK_2024_159","2024","1","2024","7e1433fcf48c73742e272126d8f4a157690dabbeb99863caef28608861cd31da","500000","1","14307325770898985138615329577134107972938848517857583416867343806880495141313","{""pi_a"":[""21146686023705679879322480865393907486443802327591309858008299255528470478498"",""8621314763970650651312383508729563111974234137021341244976318026641716059820"",""1""],""pi_b"":[[""7530422717236172529055573509080311365402713496752799248444673958977988159833"",""12129784553010936959018674451274057916563794611640521868149421292361371238472""],[""7749021104404218767993829042856203456989907201701287516639879292324275541697"",""4499473956705484114977037061047581541998271822977798429504244722548509700880""],[""1"",""0""]],""pi_c"":[""7373302781624639081400256235944400427651243628562097122476023586886544973971"",""4065063478999013701122223730697891072517565450089601559407958294740885954037"",""1""],""protocol"":""groth16"",""curve"":""bn128""}"
"ESG_ZK_2024_160","2024","1","2024","6197155256a682ec17e66eb79651f4626a096de192280f34c0aa46f18206cadb","500000","1","5304270190292881209425865429003446299779349963370235443271374706808213168875","{""pi_a"":[""10643514308547434276878425338820304779940045337940837027470675225616176122011"",""11462767611293263382100967427244000006340380740894410388811962324433713943269"",""1""],""pi_b"":[[""15166531292052106369685086134052852783176933678199736102199130086781708760259"",""13272142574191414096417560098625947521602847722450761793983013049932748769172""],[""14765836788414553793307580274812645015336923332242774081029947218251810530303"",""19053057577282236589047480737569071158414308108977126275130212672870792874026""],[""1"",""0""]],""pi_c"":[""20321296549496217054709019610622475496103219674025736122758243804544298991199"",""10091941237641480347911741526084101749155396705355977150032870921968553294384"",""1""],""protocol"":""groth16"",""curve"":""bn128""}"
"ESG_ZK_2024_161","2024","1","2024","d097deb226aff1f352ec935dd0cc9a7acb02dc23928a701e74c2e1d760947890","500000","1","13740825058903678633625093774122571445128357885356325207522039954019630374329","{""pi_a"":[""18562745998548787869837879076979529791578657591102784370521027196495449851691"",""16151657767260058993798010675528272051086574864533922900382742629938038899711"",""1""],""pi_b"":[[""8072927330395875223831211876276011398036343358305159391748876330098636574023"",""7228805561888014135170642228646765395999958811941264344394884576093264591186""],[""13962313682618205236305803909698327020256948442810233016039027241973732330640"",""8340387237376900854970198629598270698184838109237889509471348352686050362642""],[""1"",""0""]],""pi_c"":[""6025573382385457336101444675903727872859212414356184853704156956356081857171"",""13957882064544597686550147573444036339274962648360435000791822762195835192120"",""1""],""protocol"":""groth16"",""curve"":""bn128""}"
"ESG_ZK_2024_162","2024","1","2024","c1c0445156277f433bc30bb60d562379f1036cbd800762944c1627b1fe31cdd2","500000","1","5061720893977557845734010215458103305649380669657664452051309742697188948239","{""pi_a"":[""13686654182731185460831805915401995535997902492395762984827259059758203062828"",""10097576972636689817692866109914982837807746204374086013615845878897315821097"",""1""],""pi_b"":[[""12886096818253304768246756602127614395461883606551136045756042528955594651813"",""21493537519741689528269762789436422300803357345678513699255536431825439415136""],[""12054629560456175211632784470424347972713585714955207301930483731783925885978"",""10301984268811409670298822277550135167471388378601092969855670474463806948573""],[""1"",""0""]],""pi_c"":[""19963479089439613417404734305011620220330415517276691075459926956401587702201"",""18636260378129969050606815774346255530845011501290559935167296501636238901019"",""1""],""protocol"":""groth16"",""curve"":""bn128""}"
"ESG_ZK_2024_163","2024","1","2024","d63c22161272a4cfe306f01aa7604eccfcbb30b117eda6e77a532e5d7500f7ff","500000","1","17571409905755532072741590029123683528891086041726412072629569695993025884161","{""pi_a"":[""4752019267044282976591278203432346907516535409799247219454547195938303314345"",""148683585739260971846054978351704043999568554354478608452938118400412094718"",""1""],""pi_b"":[[""8765724770089447350163048622647411852663428307976703559109196007979521618872"",""9135229017695220769489737047231408522892214077242185450749851446874643471798""],[""15056136406105768929343460301809682166459251282243877425351626829564230049711"",""8458059325004760841023968548647669748261939896565629157357040116996933904873""],[""1"",""0""]],""pi_c"":[""19392446500356287433797996406295464940652470085516554835696003540446932201545"",""12325566528335175291704202238539325344684412618229734357380856049686437361919"",""1""],""protocol"":""groth16"",""curve"":""bn128""}"
"ESG_ZK_2024_164","2024","1","2024","038f8e4a6d58d0f0bb7c8ea3cef55958bf627b05490406f2553f9aa6708678bb","500000","1","19072777651347988884792564788162757587460042011980378006189870659855581335894","{""pi_a"":[""2798760862284843851038157071988778735357431479173108736674160649628879423547"",""8871460541847447673010325427786932592947976525588917403746136487908344583672"",""1""],""pi_b"":[[""14308494360785594958761459208255248813623735054533931303361256343891262014335"",""18943050998974598180996331717229338613337981568775358125605161900086343319524""],[""5505790378036348582028924301988613637846407640685912690483703250353219229092"",""10541469308907462075592685282512624982176467357976842380226510584843345907220""],[""1"",""0""]],""pi_c"":[""5776525734504484328494446485940566343027182158711756899038288023119718939898"",""14040695165488684689709654945745295329321732533264704047579316789253964827187"",""1""],""protocol"":""groth16"",""curve"":""bn128""}"
"ESG_ZK_2024_165","2024","1","2024","a167b3d798f29ee9db30c296c64dcd0d0cee730e2058cb15dae7953904664a08","500000","1","5862529203991416403891592388617364517012843040681459560710962872944546993170","{""pi_a"":[""1574583250929439357830070212934097840211222219446692784114901027652695081654"",""1918032316740148387503401124101058044068355889788435322952335376359505665867"",""1""],""pi_b"":[[""8682586593395210989573109234510986770363619754579384950957614104467341867346"",""9658676379634526674433842579870401541339954281179667259279035522014325496165""],[""20910176366735331557671411989517297668512066661120916858405261596746546149330"",""16919975898336637740841263983673638814123041700475612858870169139312387494013""],[""1"",""0""]],""pi_c"":[""18784182250866685002672938307445760564433686443174482317161717671434518644815"",""1181500307838585813541722664402835651682308396635537693404602406717063293198"",""1""],""protocol"":""groth16"",""curve"":""bn128""}"
"ESG_ZK_2024_166","2024","1","2024","c2561906d9b774966d9997e07dea12be148bbb76406b87cc67c33e6223d047d2","500000","1","17141639451588703599107215903864330238121252662113083503699423951773012621102","{""pi_a"":[""6268709851077895407669010210882205796907508433414935148663649927428449855957"",""18267674669295651806702887884241032888264450659869859865761784530071047351908"",""1""],""pi_b"":[[""17685632472219093185363327336764080415230038756279225379390903629887876469522"",""1408827161819197153379411235000163311554655648866050783458915113311346580461""],[""18474058187349550471999664450646090643104507297421945289815954531564294439522"",""14692023274164138048622279598793265488933728231490030982585432531470250464541""],[""1"",""0""]],""pi_c"":[""9942910889773676045013900242808851228954867031251708257895422685603073949822"",""1668224832987036735727657606682579825014134317057726056510434557400559541208"",""1""],""protocol"":""groth16"",""curve"":""bn128""}"
"ESG_ZK_2024_167","2024","1","2024","d203e3a4058d0b7b0b1b076fa09b5154f557d44764d19ea4cf22c0ade4b84b80","500000","1","14007591216758896906734994560504738771599475536294131908361595249115479124006","{""pi_a"":[""5618889180426538677858609687391505605842637203195627415983547035245041438072"",""10702527851349694333328188558286575521877882737357740140317350220536258675375"",""1""],""pi_b"":[[""8382344175873133801963388434975798172722891836130281165876085635260977081963"",""6630374086742359692280421816796759425646216911945916408053864905163068586448""],[""5297532066430436400530007762501734403484263511197554071508253803946860120328"",""19882758635143389752538928640891551021012262031968036094516950852956447120858""],[""1"",""0""]],""pi_c"":[""12468624040324922167095717547699506162464699313177533468769837241637265774843"",""19939221246376000289625828057687053701263785017086878387896028832792435563711"",""1""],""protocol"":""groth16"",""curve"":""bn128""}"
"ESG_ZK_2024_168","2024","1","2024","a282a08857f7f6f36a1a0f215942a792c58f0f6a305ff342c3b583939b6bb5c9","500000","1","7126292808956152377601310853879563846823570503719618308187702538100738085942","{""pi_a"":[""17542260497161491780653361720944988602217816868017785441526040189808613818318"",""13493509618674351475768631794801644621158978276903265496401110447092453776156"",""1""],""pi_b"":[[""6143751054406973379949508318604434078066757434387099514465396634460255717380"",""11898289660765282017111009666511031847607227152724343891609406420067169626745""],[""3064332507362059805249003402813214630903362854538341934931068671108463635451"",""2774053115666652809236683568287000896229960931861514024450862236688715909370""],[""1"",""0""]],""pi_c"":[""21031547649345710972838356339502846278059411044952195867744623386274608779242"",""16769580262759869971140545917582773138540853389911340902377651658533136191444"",""1""],""protocol"":""groth16"",""curve"":""bn128""}"
"ESG_ZK_2024_169","2024","1","2024","fa103bae88156d1423427d81ae7625c083800aa7468db56aef8035bb7719eb14","500000","1","19208786458628155288600978315326984330356379994013526748994411962451866542529","{""pi_a"":[""20105673491766843973129967690953911489245861832346058188604463139062470415354"",""17640114345575799097226530436313097501171212148834369108737061611342494968164"",""1""],""pi_b"":[[""9103409447692452736112616932782961554258205371676251318631500096870796557994"",""19013701461451793946863680358528811391194653236973755180324988859121494654795""],[""5017740123229828113841298717382663240446691844196766023303040958451312683801"",""20332552687360055616441061563811014079160884152412721553601061690747573485445""],[""1"",""0""]],""pi_c"":[""5753310645015093282934382173003231331697325408233369112491625488678456141897"",""1290263313664765087120865962861438948086065839711366766149029994791753120293"",""1""],""protocol"":""groth16"",""curve"":""bn128""}"
"ESG_ZK_2024_170","2024","1","2024","54c6b0a7c2e75ed0f8ad3135df1e87448dd76ce81f8b770cd3666703e51f8084","500000","1","6043287872680034017813056983507190669539584738047237862103704654006436354941","{""pi_a"":[""8506432127560295660091770657951639797600589718930019096952900229431151091628"",""5017113879887536526103159777335226506881788276992323771154451663050205578827"",""1""],""pi_b"":[[""20467303557552897519809810254715974560622171015707952155398002237722418934373"",""2056096930645917826365764396720727808166281992322352101874395263054239702758""],[""5932787217189672267319965118874966002200275574790561501607894748223189583638"",""19544396672610396111382720858839523161098038867638562484886835299303909152983""],[""1"",""0""]],""pi_c"":[""10144623488563045980600731009878935884644302880725012771959342070997698708148"",""5025515382747646125296215440776281156805807236365262842728093353154852895423"",""1""],""protocol"":""groth16"",""curve"":""bn128""}"
"ESG_ZK_2024_171","2024","1","2024","c2561906d9b774966d9997e07dea12be148bbb76406b87cc67c33e6223d047d2","500000","1","6320116203236353743402809005599641584478216402153207586915649380162202576545","{""pi_a"":[""17171503933389778398180656284874910443200924793716890128318115787874573294543"",""17471070999649659442408802162644728728182953338047887388664197186064180558320"",""1""],""pi_b"":[[""8177354394234581682459667699999700730745577085188203017426863273857606872344"",""7291503136685559207298137982684631361540754231191552416596788900803140658520""],[""9949233069015741714453225929231655884545592391258658628965510516746054641010"",""10278866986982659440943936182314992602059499646168446370119416860427260490553""],[""1"",""0""]],""pi_c"":[""84828134389316487763761575261916241402035200187585989904687332337919780939"",""3357755665880123586309466778145510185975263361614034651889429760146196312310"",""1""],""protocol"":""groth16"",""curve"":""bn128""}"
"ESG_ZK_2024_172","2024","1","2024","41bf9f0afc250636fb4a896ff191cab376aeeb348cea2be37af4a81a7d387a7d","500000","1","10103550455315090270393748700068400514064438218318311765683958793109810116476","{""pi_a"":[""2087534112945749660282165703360329997712722868072110698314671354787546881461"",""15340136044215858707586549530008643153651942997125981478669146476568583189942"",""1""],""pi_b"":[[""5647055305905787579365903180082760234261132648870910387102229321529822831267"",""9738813499352712160180139309451119097439122717886398547279936775392198826161""],[""8997354979789543631381586326097548199005726870149532504759137424235257131463"",""21458015209758873933382450066319879007245965555488948316483698663125925562132""],[""1"",""0""]],""pi_c"":[""16791537526437844820172827286336565391783257154874155155909013593715959349813"",""12531768770240940706413088026853247415285191927160132816289525165807788659585"",""1""],""protocol"":""groth16"",""curve"":""bn128""}"
"ESG_ZK_2024_173","2024","1","2024","a35b9b852a488d061f8846b5d968fb2bf52abb297f68c4883bc014bd75868aeb","500000","1","7036620354667482919514969201014128771543017129698087653928582581564549735382","{""pi_a"":[""2922256778604776191805538711987574321337950850514444176981778685992390869106"",""13699773788062994146617549591675046608244904764222983341962451482667673831247"",""1""],""pi_b"":[[""1570653525752816899052346230283096907889158893903168465135796825148398915760"",""8990220407309476181821635078974683836026419460338472222970161214609967901953""],[""6344147046268122489239971716072811758550420097711711253447469196960946644540"",""14212828376799975702194466392107190746737110924400607973717842439571302139195""],[""1"",""0""]],""pi_c"":[""20674029772333145323556074416715518338264903019335823085015881886881259731115"",""5250348498539368220012678470286592207847726704754390059428336403986831150257"",""1""],""protocol"":""groth16"",""curve"":""bn128""}"
"ESG_ZK_2024_174","2024","1","2024","32c875fe67847717e2468ca62449ca439b06d2d61439425df2286a47407aa4b1","500000","1","16781973450898350908353912808670092862383855149458934395272978178598884384501","{""pi_a"":[""20499675420920412271403651534056848536359599642412670769297741764397528151727"",""3934202762023112664442183466643846236057268176925639912276267954023218566022"",""1""],""pi_b"":[[""17993344133826741222628017540061586234002872649864341035948373588923740886750"",""7764347336168976355510336083825560609692122281261301266196039003968267555722""],[""2898732496078967701160594045606335197852538595496093915630541911289831380043"",""12052375846980738728552221591102189584262344505204347384987928125409566597488""],[""1"",""0""]],""pi_c"":[""17311547656480063971050722073028404135678542393713597318075557774915438540194"",""15889506513237409625482770909795956788540834262324431539797423509599878037561"",""1""],""protocol"":""groth16"",""curve"":""bn128""}"
"ESG_ZK_2024_175","2024","1","2024","fa103bae88156d1423427d81ae7625c083800aa7468db56aef8035bb7719eb14","500000","1","7841757143963650702377015112481590726473096791659643769314196569755098460221","{""pi_a"":[""924345420829257145176350050484550285699210701423060141207352155310919368702"",""12816888593061772277081905014806605998327757482858059043345352574177091079896"",""1""],""pi_b"":[[""15875949625622015629123798540328538278019518382267790990793736520422273556081"",""13934957623610722068176807046979629028318787279081073692169106025107793178161""],[""12702376377767250905784086210170730376008469205323134435725097821575603079648"",""745261741518671535543492524107192079305828565263681529579787545824403630582""],[""1"",""0""]],""pi_c"":[""11013661092211633532088336847156951252163013371290494991892268176874346423108"",""18159418215030046477207495510409122612243644405045384340356098034588645667986"",""1""],""protocol"":""groth16"",""curve"":""bn128""}"
"ESG_ZK_2024_176","2024","1","2024","8340f13f43c4483f9424442c543315df39b3070c4e88a075a86205d06bb59b52","500000","1","6047888579229120766933104945545967660400695891898527277284712037520503067667","{""pi_a"":[""10293894598148069883707990242679084325678546158984722550950919295401103113548"",""5632172072569715297834462022338266227981330288726537907470307547606695629113"",""1""],""pi_b"":[[""4737113893457254119051466935733535651254522466143483067617655880550029139663"",""9074941349366195255655589486348918980088492938632953915952158275158037805583""],[""11589454654114488106391519246755958595486292312498287892381424707149971885675"",""13412489457131688864917185313879994293215808663752146739940922583062307994766""],[""1"",""0""]],""pi_c"":[""1050803906144275077200532494053389924612844524868510415820714283624577026279"",""17885177824064487026602065080987245972677309380447440537769977643455296134713"",""1""],""protocol"":""groth16"",""curve"":""bn128""}"
"ESG_ZK_2024_177","2024","1","2024","038f8e4a6d58d0f0bb7c8ea3cef55958bf627b05490406f2553f9aa6708678bb","500000","1","13492706378842285275914880342678856385026071734525917949790978528804600377519","{""pi_a"":[""6996520513860283343770003304234070030636263966418211037842617975710322155511"",""7026414980358823668331688583089972679262784016597577462807389177189695071820"",""1""],""pi_b"":[[""1336673715703029140221255707020939977200306127719341039890463376978877624764"",""9018229352402120389354356198165064007185851931673947800458022303665112952033""],[""18159468944544232337356339299319011866195019803893213365048158237847811537146"",""10563607497044511020448042958617665148571470935424785459566649306915035574825""],[""1"",""0""]],""pi_c"":[""12664631197331338126478754462474988181717666701123898049484682020325341472205"",""20978907069342475330483764165731178547032459539451184257036181648898131138206"",""1""],""protocol"":""groth16"",""curve"":""bn128""}"
"ESG_ZK_2024_179","2024","1","2024","30919f206e927da556cc8ae61347f36a1f77f8460a7718e1f6a0a5803396f36a","500000","1","6324379156343779835975376143688167537513296199091558315157324194089823133807","{""pi_a"":[""10397055356195310080320687224742395627575064388608218207390126471948521896020"",""17264196370533128916649555587281622028194993203098152301835187239873669291374"",""1""],""pi_b"":[[""4402330797088791539218887363092903764854864912047602780734665673259088018487"",""19062589275972697526476756367125335422239579338997569425236017223539554269385""],[""15145158334836174865029265905403211532784188770786964319022740080872916576496"",""17808384371655627104305169517952831469996277864753915380766328422449918482018""],[""1"",""0""]],""pi_c"":[""10182762706108728157752546217746879548789158442457344772199356905906253471001"",""13762512045491823500018345997494856649534947685049210130798439354828204256830"",""1""],""protocol"":""groth16"",""curve"":""bn128""}"
"ESG_ZK_2024_180","2024","1","2024","c9dfb7d19a8054dd29c99cdcee5a847d1f48a45750b372fb57db158a13f85bb9","500000","1","11312141586443993446159157465027058742157278468147311682419553509142641298172","{""pi_a"":[""14190946312357688175032306156730905893459556568887159985163115136296845977365"",""14662625740337650309568389145300685702461308117490315935956642956580079708677"",""1""],""pi_b"":[[""5327228812101345093535775113091199858476406654051483796617254865296268737926"",""9306373320680156024089878853996898135216713575799495225634042472379642670818""],[""20353822572880201655419496355899100329247933866321818971341238942870341870229"",""9329685957557444196117442766919019947629464290723506525483572348265566624902""],[""1"",""0""]],""pi_c"":[""17438399930381950736509725346381274220509453128627387551749428189707711879760"",""13979791591067171644281149370870019441139803123584124485836505131116500548336"",""1""],""protocol"":""groth16"",""curve"":""bn128""}"
"ESG_ZK_2024_181","2024","1","2024","54c6b0a7c2e75ed0f8ad3135df1e87448dd76ce81f8b770cd3666703e51f8084","500000","1","5616006688126178482269638578059117642569561107224862476053771188024906899620","{""pi_a"":[""19302684091792970903930607642712750468560825438014609295496759393671556537418"",""7554596290246747858639328382726918321901373867740750370120806738711396575293"",""1""],""pi_b"":[[""21020934064003087435758714788283894982136059764533581361921526584289690208451"",""12041574485836925318550292239419734766155518579506625803629633216185898860330""],[""15227301417311185894945939398840268039799224260439590185577024630576981979219"",""9049349120445646629335365536856432559809602224023666666810849264213487589145""],[""1"",""0""]],""pi_c"":[""6741553806361185590881285939267137831480294214558565582334643066102732019812"",""20314351509412462204642110644294503353867423798865176064200360051358093925241"",""1""],""protocol"":""groth16"",""curve"":""bn128""}"
"ESG_ZK_2024_182","2024","1","2024","570a861c04bc0036a643bdc3f7b12bffe92b5d65959181b1f4e7da68a322201f","500000","1","4451865754927177215456126201582109404054872877397053445842550832057476076639","{""pi_a"":[""17959284318359853457520867285428759402327089495984853314061992793444615055184"",""12198272246012300755967567445411366034914433517710225515634933387887825529561"",""1""],""pi_b"":[[""13372234259907149892909825178303299841812302244274027843597887929145160083358"",""13346592136380323522474915587548149869564803516591223281185627574086658209371""],[""14156812550113040722271537263709539015839976317356925031705301329448701383394"",""1676049422481219764074745433176002959698187556925814354515338800621883368568""],[""1"",""0""]],""pi_c"":[""9060907614936665502131007606436045680647187474554773342659495787573948379494"",""9556726528290672028791622490976705037906040148695060268501790381528788610294"",""1""],""protocol"":""groth16"",""curve"":""bn128""}"
"ESG_ZK_2024_183","2024","1","2024","b2bd162034fc8909a37da0e1963efd9e96cbe57018e3b6b6c62c3cb46a3d625a","500000","1","20429144310533546594628992659897407491278203070368596586678057965770038375723","{""pi_a"":[""18735454045947106108752512697604970327213080388821409455624953939676708331675"",""7694451579429153582272213651169125735050163746012029305446894343817973115275"",""1""],""pi_b"":[[""4366282797123859481405660921874189625717324851970345224639117177298655210510"",""15793209085442966400397752264305626285138823361056926907684928600883697696518""],[""352204896670237772792816908664064106804891799204647141927987209952191331805"",""2658358861722185511623614915489297184845279902957917879051736266605977727946""],[""1"",""0""]],""pi_c"":[""10565714751100575913091989441392634261257531341315879248710138407785758332141"",""18816042815465708202888377790610999598842938982805791561950308883934211166375"",""1""],""protocol"":""groth16"",""curve"":""bn128""}"
"ESG_ZK_2024_184","2024","1","2024","f555c68d87c97c654861f94f09086a25740dd002e3b302d4000eb316b1af5967","500000","1","21319297366633250697404357302010500320114152948540077959321111638088399987494","{""pi_a"":[""21276960598821708581040954961981481188215441911930356607902658916319367838715"",""8964001433660873770035577625426885860284703958860794933325032724334427338469"",""1""],""pi_b"":[[""8672458946359539483451402655728780163104860972234955479982016620492545847684"",""18140640524658004669310187725865225440381169531222253393268292863688796616234""],[""16645121372153687107357690026701094567032565285066721115963024664012093786580"",""4181864805397047521300511770368073622940939138296976761508593280642248541144""],[""1"",""0""]],""pi_c"":[""15131411809692977282605369747940534468041966455442808972685745105135163468354"",""17549492786802635349564118430672396953315853062820080306161292588602096255938"",""1""],""protocol"":""groth16"",""curve"":""bn128""}"
"ESG_ZK_2024_185","2024","1","2024","cd3271c177ab0ca1f55f7f75baea9a4ae66774cfffcccd3e59e513a96b651f53","500000","1","3400794615737151094482468734111210966236510383392417949859914008262443293686","{""pi_a"":[""709430575813765046953671976106667886656138136041985984033825635922924014592"",""20081409870422746706087746460238881163599367211393892586364965115337703751464"",""1""],""pi_b"":[[""20781084166801567090042108446651620106728642414324079814009544306648993662575"",""15083432288938613065725566459026905245835236165688518257869079213517619035062""],[""13932052132561271724800285431783003773756237828712420592723150498243831279778"",""10493542560229986999002701967801301190751748715571013091208966090711929086094""],[""1"",""0""]],""pi_c"":[""17577966794024406291568784785998779265818972692662998938939402073018286276162"",""17384141597066609845841044148078682883571883929475090469801455003161849132610"",""1""],""protocol"":""groth16"",""curve"":""bn128""}"
"ESG_ZK_2024_186","2024","1","2024","e39f1873433ff50a141f996434acd81c21cdab925d8e9714b24116cb16226b6b","500000","1","20854265116257313976655125283544176054504165838570049417105372831152316986747","{""pi_a"":[""9394391031061380920981988563369329495694211983093183517933653693215338304952"",""5487743030424517371000607378794520219888316741732014786495667416044853577034"",""1""],""pi_b"":[[""20847252480929988377536533847764751713992504836126297294728759769368549242583"",""16562271044104129097458546223035588852083687434764107497607592749896524132249""],[""11357592629520674526695240428724258726113578620186691443758876779856279649445"",""9084223583391335270320577265282444589206492119930163075478313617191745290876""],[""1"",""0""]],""pi_c"":[""10047522116551027925849582193458004999463193186782136070513905795445698273122"",""9144578181520259408491982091232426147334382885513465388157303001433947636496"",""1""],""protocol"":""groth16"",""curve"":""bn128""}"
"ESG_ZK_2024_187","2024","1","2024","5a4121baac96ab7821d7aedfbb47c1bcdf5589ac5df2670b54567d9ed0a80f2c","500000","1","17259963599606999337212717639704872367506881700318439068329413297558546340769","{""pi_a"":[""5366053331513477188362917332391084406189386711195787150780351077207775951580"",""16765108676692495420207779426060865309608564319355232285573876086416761148992"",""1""],""pi_b"":[[""16541911655590644643686937561762544315361087800054392459520345339925177044371"",""359196268997891504011834848144202022307626298912465597167725600744889346687""],[""5197051050584331933443825073753586793478845855376861282927804874431552826158"",""12515721924448656282559432359545734664549521947130776512550279849993663526784""],[""1"",""0""]],""pi_c"":[""15767526672823481404026679583305386031408985300573914766788768817555719320733"",""16677085459261512523996516966689754692342329070149478219918159861486640573933"",""1""],""protocol"":""groth16"",""curve"":""bn128""}"
"ESG_ZK_2024_188","2024","1","2024","ffe3c22fc3f2d89b73a0eb4c268b6b298e486cb1a275d7660196040245052a2a","500000","1","4667439567327203884419578788235318182589862308499207398936436314846455978517","{""pi_a"":[""3271102096642536007082933503518615256718524773714898121176740778152457291759"",""307194027544044944984778292251200735190090224536907518953959260078456030460"",""1""],""pi_b"":[[""1789110232569085988889047138734421026415674389432739400146715562640428273206"",""15995289433142378723873703976029359810155549685372439897494531420011359828579""],[""10388272995227935023220419978078293841382929868412261811514264243424828175361"",""15294728055529524279404734725834900150060731027556209190013093933043656852165""],[""1"",""0""]],""pi_c"":[""18996831639400084838795964010146583324456808015689134793346353987015279079687"",""5568338161356837100359649125065001210069326265928033605739721562568101783782"",""1""],""protocol"":""groth16"",""curve"":""bn128""}"
"ESG_ZK_2024_189","2024","1","2024","cd3271c177ab0ca1f55f7f75baea9a4ae66774cfffcccd3e59e513a96b651f53","500000","1","10682399836874164899439614295957519694452811741171788800786492933295347208683","{""pi_a"":[""8086467051695420437917132053676856698689853879573943792726173440757653270792"",""13851945614520563171810321977059907833270971209501122758315289714419629526054"",""1""],""pi_b"":[[""5167372737230490286533064525642956820328282368752564450716775405157851132497"",""925060867166688765939433059842481813535788907550396151861565733186278945945""],[""18502006248553542251057123678867405407397026246830465734051665597971140346967"",""220638056669317473149762373999785905178995684901948556731509496089305744142""],[""1"",""0""]],""pi_c"":[""20226822979016482438506138135917841518264721179298572879798221103341084293492"",""5084300381463083591726627077875107202136240186183490699866435150412279103008"",""1""],""protocol"":""groth16"",""curve"":""bn128""}"
"ESG_ZK_2024_190","2024","1","2024","3f03de46b6b584371425d9c762723577a8c2a82998e6d97f5cb133db63dde439","500000","1","16042485476119226480100686075379371318470271902194880973586749699375300733980","{""pi_a"":[""1597186531952789729012911829516876593295806214336240537267606727694163249145"",""21081364261289518910641379959842216665603888481890200068420455539797490959718"",""1""],""pi_b"":[[""13706028356538929560751965431739268138260544990454080206414646536612421566557"",""3234963007879409574340688067490885822012454146925742388575674487313802897726""],[""6108567504111956313041485584893657778348693861527390844822021829595772330489"",""21750504283256756795096523332099443748804657737580870540419745987093314833068""],[""1"",""0""]],""pi_c"":[""15133562073474868959792445533975312833246524022651953682070416824388886210553"",""12076848772622167657411581539968614472170099064753916978473178554249836386212"",""1""],""protocol"":""groth16"",""curve"":""bn128""}"
"ESG_ZK_2024_191","2024","1","2024","75ef5028a1d21c340b77ad8d28f29fb182833be9bb0def5f9cee5a460212754f","500000","1","14357222529305777753555877098480506550919118633566060653323422660603637097678","{""pi_a"":[""14928667667147518043065915407862761972822256125887955130315401254752367244969"",""20402846781472470500232956975066820251834710138178435827025790223113012179428"",""1""],""pi_b"":[[""11984015329126820288007609638492447560352295412730410184719884756879771798076"",""19427223229369224218742244511108501538127500907455463117326651863327610827306""],[""204060106506490372660194175187954736840149770160522833926032090371413894270"",""11425774730632380567679454955187666438734253746593575423249167400521329240775""],[""1"",""0""]],""pi_c"":[""18300951730930321488307498729898447999408356191286779357440288495015361390568"",""15903592110081361749740227856923734052014382403609012205207967163290549408816"",""1""],""protocol"":""groth16"",""curve"":""bn128""}"
"ESG_ZK_2024_192","2024","1","2024","0b684ab75d8aab37495c579fbd2891f359441ca6d3aa1b1006853e069cfe1f06","500000","1","21700174619699456894012542443463304986380626435843287738230518557092329751275","{""pi_a"":[""9602267073739463025286186506938675690039165468582783510678968380618065504257"",""8397478117009421137722568930463640226795955419982729746727120688104919268705"",""1""],""pi_b"":[[""21455176313651785250764793613629879905222529042315388736949036769976807882944"",""9869596020744270176322514612038845408567950256510605428694983302612326728913""],[""12884721624446251616802217102462096428349343123490179087104887705232352634024"",""5434635027186068687435414978636396768429455725520795924029398636678064855476""],[""1"",""0""]],""pi_c"":[""9568775490547850571000071945340229231362010326899879654522540209942509231877"",""3745293248269770048391992986850831432790155700244564620357639294876380384306"",""1""],""protocol"":""groth16"",""curve"":""bn128""}"
"ESG_ZK_2024_193","2024","1","2024","5554f21b0a243d85a619d39fe4b2817c4e6094691bc1c60da288b2ee169ef803","500000","1","5605737627404497910245061462193778523565130154828278472143052397062277317616","{""pi_a"":[""15928940186102002321938763556572759188978274771608615599942252805301845952900"",""12455009651983920065788982906737700329343725967616790591130357202421312550519"",""1""],""pi_b"":[[""17121874521290405305107399297547951164213995133784678981194139263224841697423"",""421363549701821252279812678017060215467726407948254058915491546337797567307""],[""11286315531650269798299622061903701609684172250468832246476213301587211018054"",""729081216151609343900461763094698432674395732299913985922884585031376924325""],[""1"",""0""]],""pi_c"":[""12407200032994037686849083672117432889216651909555808179200018511064851985511"",""19881042726479104936286847682956511142958630987408334636471519964501147373830"",""1""],""protocol"":""groth16"",""curve"":""bn128""}"
"ESG_ZK_2024_194","2024","1","2024","d9fd1201cba032e504b2eb91c55251152e542b41cc0e8c41c5d48bdb30999bf5","500000","1","3704726130238998391864948349053029112768254590262885215595532168886450138504","{""pi_a"":[""4195444090358472554170566323721050154824811417067511837274633501423757571253"",""19496063340084857847733501010547883405913029458465923705804273417268368531137"",""1""],""pi_b"":[[""10078950736792501914070243300138361489461803572531818351980399958073233210739"",""10018861046223009205186406818594383514126274188862745791150081806594336184772""],[""11521732079468003521826210830442032037264185309369755339555820066507547380194"",""10179087704035395095049385032567644370600398525050365990318391464835981265542""],[""1"",""0""]],""pi_c"":[""4495366439346703609407054938559319000119863848555165785470043675518518417211"",""12265114807761855498795069198630762967564801967291831219851267019467680156578"",""1""],""protocol"":""groth16"",""curve"":""bn128""}"
"ESG_ZK_2024_197","2024","1","2024","dc8dd550ed7925e1827d922bb39adbae33b0767b9eb61c177459b1a58f9c2239","500000","1","10782559025372026327300010670905242119583648006823588089229294006253067877114","{""pi_a"":[""7405222986895799737438360411841962513421291962738334938606540832353030350182"",""5762327001888374701285162199038919095066191654682166236504273624459099362270"",""1""],""pi_b"":[[""15791236040592452446904050159963062432287049994474242052811919187374958393694"",""14395875069891531782754419417940390538138979876859263723790310433616244732432""],[""14671793715850729204701635813814866420955544505154044217290221865511544058369"",""1684217964485571931333378680253296526575265055115367057164388862555876188366""],[""1"",""0""]],""pi_c"":[""12266654915256772450061414775344340958457798595236622118783093914925120928339"",""15818465477810190909838863582256614937875175792327057685500867398212529208544"",""1""],""protocol"":""groth16"",""curve"":""bn128""}"
"ESG_ZK_2024_198","2024","1","2024","9dd6d5e6eab29dd1048ad3109e889f7ab263d282727fa334f6906677fb0117e7","500000","1","2225423263415424249934291235906535095758889185197698346852051571865007577723","{""pi_a"":[""6727177213375775571715806797680412510520558987111916570231037998147134452356"",""14256599876035340019697641784898767829416030360651732198349819581431026671133"",""1""],""pi_b"":[[""10279128482075908293529032530011152776815283967247238525792029148622927122872"",""13518440444346321638200045543065329982381743161440429637967234908214172451667""],[""5683598656297626856252212468692636200822988078642838544159768062253730624231"",""3914470433267308435061563486253817008840366582895526529725186863771149664174""],[""1"",""0""]],""pi_c"":[""18880089223681717551523509570462119720998958449569781000942849047383923765802"",""10118931081886186885413947222920400535645687689756806865182403555887887688955"",""1""],""protocol"":""groth16"",""curve"":""bn128""}"
"ESG_ZK_2024_199","2024","1","2024","4f44a46d91e989f67f6173e707dce0778622131afd04e669b6e4141f49ff65bd","500000","1","12352772999965382608976199754527232017525897225047975352518538500810606962445","{""pi_a"":[""4366614360525806075529705050866275918188394169958198907096083139113904869075"",""176151061809163690306858890453627468034664066435654151952226066478210508108"",""1""],""pi_b"":[[""15226969212276214302549869488337308313769765024786556800602588262034728913602"",""19534672945793784756706352048422358905406109682620291387121491988852930270149""],[""16371569618329798057163534642421436002229746327991256332292988929276988531117"",""9740388725225951411803221060864906683653174820931226935069050807235633560794""],[""1"",""0""]],""pi_c"":[""16995052053599679147048973875757347075770448387705539369365708858318227419203"",""7038589984108664316750701004487529882730624858663147423316580135200915638511"",""1""],""protocol"":""groth16"",""curve"":""bn128""}"
"ESG_ZK_2024_200","2024","1","2024","b9634e98a73d3801821d531915a1bb9587bd3b93732d9ca3619438aad2face9c","500000","1","2303295482588679079974204556190814971096580589189325227312090288196120700199","{""pi_a"":[""18013620445190805602956908829665182843629562156330247401519652663350504334166"",""16949941623289008665602663306041232830870170168046791588496721111096934229176"",""1""],""pi_b"":[[""20170912632143660230768741248973218374143772028835250995619433986601000853795"",""10136007789250317409821673524506745934444997238452054552582369140387032466851""],[""17433297350226561459810547759463727416719663498687533801993852240196515358483"",""17522161303006315164997577675647994244325385046307552414347569125738901830999""],[""1"",""0""]],""pi_c"":[""14109522084528205605493104567840962404558238481418639367130827383684390685960"",""21440000782745079472714021779761490047984492257571790970710505980387321488324"",""1""],""protocol"":""groth16"",""curve"":""bn128""}"
"ESG_ZK_2024_202","2024","1","2024","3fb549215546adb842e7849b76767a800f9ed68f5e2e39526f91c71ade243a8d","500000","1","21707535061675451077896888514754183944820074872015503288977867563333974304965","{""pi_a"":[""6745086232704227956484066971859152165292874026270720581959454705488737483566"",""6036584725527545390006898277757008710689176361674089312729407578062025019878"",""1""],""pi_b"":[[""12914166909555457076620068313187847748831806086764265653607671768615445465961"",""11181427644156896112489732824347119563242247578843918640919575452328508131870""],[""21131932604859404290072334200035272149985565962942923722821746616892250195332"",""11180311907907236586621203625080044244380502340187411816845420612732614767054""],[""1"",""0""]],""pi_c"":[""21052960014851350910406572736924418577069426330332450954635231862955023650483"",""2357418180840172855931368502794869759346536226366101332566595128255160844888"",""1""],""protocol"":""groth16"",""curve"":""bn128""}"
"ESG_ZK_2024_203","2024","1","2024","fc4835cbc44e5ea63b56d11d7148949bceef15f7cdcf032b1d9024dfc07ba188","500000","1","15396072770525244684455842007686625486003755322119653402891184192017049024769","{""pi_a"":[""18552178184584932940184135728368748254770564466873008587669411240010165609653"",""16432748196154713570404553441366028884018729128091031892953185965764036637730"",""1""],""pi_b"":[[""19970131107143477851534535815893451629071670582062389870557600612673049645460"",""16088660198870339346599548962319013901910753123566429508606546590899747981206""],[""6428008867290133792203709330538022118322270685608867930880662767648707865797"",""5851574061355363699808373022452548809087302621036398112016091895301570566822""],[""1"",""0""]],""pi_c"":[""839746922943361226284013518052956990683655593845132000750525995275953129861"",""20213502788120123551862362029512258556621264382731503905705637929197093928852"",""1""],""protocol"":""groth16"",""curve"":""bn128""}"
"ESG_ZK_2024_204","2024","1","2024","919f33485ce5c5523cd9a7bbb842d7da512c8a2a30695026133f2e6b1a44423d","500000","1","4310923687901766290253893484457898391083173460036589029534138607298697235922","{""pi_a"":[""9120733070323341422960933895593992723719882672261763353209268498081999418131"",""4251195975218592934195124485733563964017804319474887993660841226680782830429"",""1""],""pi_b"":[[""21859293682902694726992562844046014567118361071244164597894548087192362866516"",""5162644714297851505444339253897185520349672341558064901958644498283591231728""],[""3350715104224598850920891406632772418598606349214632968645996280905717276434"",""1959829795417479847489589450628753926580671434377449861062761108566642586574""],[""1"",""0""]],""pi_c"":[""16968587217922921890012468061673224646004337168584909544321569524383184340160"",""19820930359959274676957544629336563851309837961250113354789484473129380806337"",""1""],""protocol"":""groth16"",""curve"":""bn128""}"
"ESG_ZK_2024_205","2024","1","2024","d097deb226aff1f352ec935dd0cc9a7acb02dc23928a701e74c2e1d760947890","500000","1","18160416479238534881564828229540505086147046604054649609595552787745938407042","{""pi_a"":[""1021330878523048726713229407748782544033658554929153804831815392789054784807"",""18860379944975581013651073415287885624003516769003971305248116077873447494087"",""1""],""pi_b"":[[""19923821889975704462855969391166998519737004384357608748573023615525981866476"",""1267170855630952817918748181165903700845058952183808435611586196402883248683""],[""16014513311910705752321433677559420529817773280776380460181393562503279408492"",""8033950209813650392694452530694915021745415009675546849313395264671411932993""],[""1"",""0""]],""pi_c"":[""12891239713021503992056710782768894927629091592495806740408760885816448477108"",""8922067639163800930460401131194078829426222804198417764755422911104135003843"",""1""],""protocol"":""groth16"",""curve"":""bn128""}"
"ESG_ZK_2024_206","2024","1","2024","0e2275c1dd2beca3d1b598480c76ecca3a4659bfe532930ce074d71d9205543a","500000","1","1662351775594114668990742160023031540607347365744375382384450464178021568949","{""pi_a"":[""14038755137901212392849794069753644529060417070703642192603801386694275293700"",""1328217488884040582932414896874463967241983406172744953822564036161433632165"",""1""],""pi_b"":[[""21705681087691175816290806887757195965824601172288720741557189707945493672639"",""15162386981829850807462592860665398499078201941612190492821005418258050152453""],[""14057873941814935527670401575027010923368149462217013860634099728578412634989"",""9174649990253948722337911402667388113625725384688722975069208074621164602059""],[""1"",""0""]],""pi_c"":[""11925317388843183405476782021642710024196139809927553945833015471591782739443"",""15650551717640572742281950658148418848474009639218824956787864843736457326241"",""1""],""protocol"":""groth16"",""curve"":""bn128""}"
"ESG_ZK_2024_207","2024","1","2024","cd3271c177ab0ca1f55f7f75baea9a4ae66774cfffcccd3e59e513a96b651f53","500000","1","14766753788436477700698198415981021985058342478102042299852433077222790429571","{""pi_a"":[""4038106321153857839377739030747527475860204474824185230448011836470462796124"",""5487656086865492675021016859866898090827548409635090346296334001741211897615"",""1""],""pi_b"":[[""14078339480440473781724245837882928362185029723630145239938107602348296771701"",""10828046061047031718185146427516187366880185998035132910654029362562638517588""],[""14644637288607502283802533812170377668137424076161426973160224587301634286666"",""7152490432458177559643439993206312928060439160299935727483552632870313407860""],[""1"",""0""]],""pi_c"":[""8946084675536655993381291317632413285866852530307674889257765732906381384417"",""1501966876863059676953217866811323859714424838136326439407123740165143221744"",""1""],""protocol"":""groth16"",""curve"":""bn128""}"
"ESG_ZK_2024_208","2024","1","2024","4c5dab8627fb5e18d379046923cb3a7f5e128d4cf63f35a02752088b391747c6","500000","1","10841321753248189924730065544422921537080738192160460413837634686584407539736","{""pi_a"":[""17667588474432825281706131111632823688674722372369789462774441667160956443352"",""11572695580069052414176329646672980522070485339879399109430657405989484814848"",""1""],""pi_b"":[[""6879453953681261525503975949364579839714819219013629015129878452402221440764"",""19713108370400495022110109043395186700449438673209721665743547140340383904504""],[""6150932833525568452507915048297468430873445952952557712897680019476756833192"",""2987482267490037555568597814585466874917706607254943439231427933647046658538""],[""1"",""0""]],""pi_c"":[""13567114829990562947651716805700032921113700025415247306737815329108730492514"",""12024070457458704876777584012882349050721654617170558567539157571486254819356"",""1""],""protocol"":""groth16"",""curve"":""bn128""}"
"ESG_ZK_2024_209","2024","1","2024","c1c0445156277f433bc30bb60d562379f1036cbd800762944c1627b1fe31cdd2","500000","1","3410906634005915039104269106835863099846511371541767221284568125024715849923","{""pi_a"":[""6391379301120456567182164975056415481093715975400120539801702855920188238124"",""21263046251329594377970127941233337419867998942791518501162321111229768913508"",""1""],""pi_b"":[[""16758708451781042420089803774625637254779098211464699385233659049700143446355"",""20886395047966463630042068164806663251258941736535009309387873176463682103048""],[""10976615012100959653512057436243575575762128499271717015263953510421734171547"",""18177655441357024813504813283623087474482204970035577488290502284601623588880""],[""1"",""0""]],""pi_c"":[""13449374278971577843196034497954980404685179149675596213831357896555670181977"",""16192242068647352871492824118241287677136539333952211022140763027837081664958"",""1""],""protocol"":""groth16"",""curve"":""bn128""}"
"ESG_ZK_2024_210","2024","1","2024","c8856650e48ae4f9c5072e82ebc623cbe1558c6e2a2ad6d0f97e982f138c8b22","500000","1","11718335624751594280648491609105392977177409984763022698364669620138992903855","{""pi_a"":[""20964092908955286824667547736896598081942846441280110024498800791310961940616"",""17380087437099897621736953095267032556485362384978021305196558832715216235070"",""1""],""pi_b"":[[""12567320174105186382132126323639771538483831132234420749653747369074904152558"",""20031973710419920412264156637461664012839785423748443615816380783403178910681""],[""13864404559447906276948475082579722428918773533425450335406838620657125442939"",""3312151895202591858328967124058051293579015755555148470737602695145801431055""],[""1"",""0""]],""pi_c"":[""20661843029773887764206614643300337426066120145581567867231210152759288750528"",""21415036064959284200443936653483505170879133359646303986637329513783367320725"",""1""],""protocol"":""groth16"",""curve"":""bn128""}"
"ESG_ZK_2024_211","2024","1","2024","0379b04d51b71a29866df7b9bfd16269787f932b2f213ffef60b121545d4f0a7","500000","1","4898525472545710542176755257097159409221931918667586618877507322857355484520","{""pi_a"":[""8607601538619861451689989319133648781123032881014370342109509685152242376155"",""16043413130044778267148632925568177791678353467860245637838905927516400472101"",""1""],""pi_b"":[[""18042080096944139788035159896755706934825590847262465783181625148835846264318"",""3479720699131056820518757068165250751955358908845676949745091623783375325390""],[""685540947203701314543042394510077639449166938303247718631152679428467200460"",""20810002998891328878684073450860816959907707324425343854765098067730798151518""],[""1"",""0""]],""pi_c"":[""14211001175140527185809513957725450750434493487483040247418876113878198717788"",""11932002455597221628044298201100818443800706766178180249263708634226918979690"",""1""],""protocol"":""groth16"",""curve"":""bn128""}"
"ESG_ZK_2024_212","2024","1","2024","de0df85b78aeef78960a7d65bf7606069be127a9fb8e0eeed4e9e30145b84ca1","500000","1","8337878860974790557865482877626775251868467527227842677359457318501326719146","{""pi_a"":[""12595861750859101635515478349305468029022177733376901440434867364945589817186"",""9884690817259954875858533992942733749640183945583369806853262248326239033421"",""1""],""pi_b"":[[""19994019699755306825647906683908060719650643248027171793319632407078624928878"",""15506673820396159893395074163275987311141195596920156874078429891749697084536""],[""13321131986095753638498033807684590943098074841538643767881620240044389124587"",""20427094928286330605616817055185720581541377955670141820849861288314189656103""],[""1"",""0""]],""pi_c"":[""11483098155237952717305451066829088137539955898741768160125349349533367413663"",""1145234493616269512564682311974769211562670653661208468083891215264224179219"",""1""],""protocol"":""groth16"",""curve"":""bn128""}"
"ESG_ZK_2024_213","2024","1","2024","9dbd4ff66b72573d83ef23632d5785ddcb816a56c3de855f7a430e0e838eb6ff","500000","1","7932678379517775178711461017647977018496083616092953004287261399719608238059","{""pi_a"":[""8944889263126249504644691442238414913373653482791110864936521293856964321887"",""21291483894373053514640967451019823796782958599178775808927780354758098214838"",""1""],""pi_b"":[[""8476655056134177979497213971665362163618435512872913189350790628512267877059"",""16014647032379447459966174506131929334031939405939904667072176160908586902496""],[""18854478188108418250534159499255673447794963383106881755023013743894210165182"",""6664790695249110558775336765867786993296821704192123907452066221452436324971""],[""1"",""0""]],""pi_c"":[""19452090669881281802931165847819432845127547736260750024063952407828993582888"",""12893622962165389875177045075973998134859827684135203343051268341990110862540"",""1""],""protocol"":""groth16"",""curve"":""bn128""}"
"ESG_ZK_2024_214","2024","1","2024","c9dfb7d19a8054dd29c99cdcee5a847d1f48a45750b372fb57db158a13f85bb9","500000","1","19006017869906502293452186387765036406244227560281702526742112228398531882282","{""pi_a"":[""3743082410659260380050908102346599974119861033996251555842242841618416585192"",""13112809163089017256897484474945306099727795882016444393672324709843848546501"",""1""],""pi_b"":[[""21610551127330980172746963967395783349690106471192527912311799154303063749891"",""19275618967821683013173565242529377360023848699375780549325047140846218135940""],[""19896059719307737139958439589241086850715661221631535455124923492310994380116"",""16231364445220947267573541031142378539278744647945220590467334417389390749226""],[""1"",""0""]],""pi_c"":[""12051833847151848181955220617419056406817510506880357634981749320725155636177"",""6643933325338793053982134648003134188904584900362510685472298659420645871968"",""1""],""protocol"":""groth16"",""curve"":""bn128""}"
"ESG_ZK_2024_215","2024","1","2024","5fa8ed802cd8bedfae599114dbcbf23a7be1f3b474173d89b9d990f332f5bca7","500000","1","17182896670166060560851802499215319569005129731925346290741558287129019708453","{""pi_a"":[""19901200350968872716295098912819591685904095876961312934726493472245671946645"",""5291429316080459831354252447417792313863681664200953699109866751686566470061"",""1""],""pi_b"":[[""1461808200178064856294614651501033560509470781036937270449651421074572127397"",""16498178519335864239284292290369895649606963531129683349814889388300559529495""],[""11244745819524015055660771634610099841524759615420255473706143642166133113719"",""3764119593993323040115018647190761539756855960347799444318613013960833662068""],[""1"",""0""]],""pi_c"":[""1687371642848172099275383876949918782477505934956358465458401452472608674171"",""16877442492294024324236209772840769510468213742333697632900875747097502463574"",""1""],""protocol"":""groth16"",""curve"":""bn128""}"
"ESG_ZK_2024_216","2024","1","2024","d63c22161272a4cfe306f01aa7604eccfcbb30b117eda6e77a532e5d7500f7ff","500000","1","11149196799700790296577299258727539597760111802317936953479526691049080060218","{""pi_a"":[""16688392847353976477667769203568794853012792262161491965066673506068413873086"",""1387542317201109251295571975794778149987302525690485705275048718294831431723"",""1""],""pi_b"":[[""9243829731711585115070920087305556526727813828994982823129234053148787249333"",""10784223530129300757710175972588449764532507338548858567413217755497982699282""],[""13787833225593579923278035334247295135638260543741331985049318591741075792989"",""18513386806695037881380584072159548298148916155343447309425274565786109710776""],[""1"",""0""]],""pi_c"":[""18429539422695696694841570047079580763007025129808031692318445130580484325575"",""7572764643085798666972667892525158727867367082829467612449372914470662513168"",""1""],""protocol"":""groth16"",""curve"":""bn128""}"
"ESG_ZK_2024_217","2024","1","2024","70e75cc5ab433def7e0effcc5cf24854dc03532aa0b57636724d8930fa5a94dd","500000","1","8132557521602158086141074418935631612289636477228826143302586776997719026887","{""pi_a"":[""5456274582335074331402026833077068034425760215578234845599579312167475872457"",""7867675191407590626481212616898271639888774950993254216813989508116849829300"",""1""],""pi_b"":[[""6508828949001033253118873758344953580862031232140003485388475235966052270900"",""19248293908997117434081578501356726142330412370216046308201899010296723074869""],[""17792959598500710429354550660587794468326055504319147316056372296832770543822"",""4647785938659941562206410332353942272779105434264497293516097691014499327810""],[""1"",""0""]],""pi_c"":[""3879685510693689627636874828441410997876782899300383395776377154451078259230"",""18863394156268882725081655206899632818538006564077184329354306983071550193989"",""1""],""protocol"":""groth16"",""curve"":""bn128""}"
"ESG_ZK_2024_218","2024","1","2024","787904801468bb132758b514afac045f51cffc4cc952959497f4b07dfabaaa1e","500000","1","3483703159832285498851025613308185889310264666440473589639220897162749242301","{""pi_a"":[""3818302148288440045523174203136595661716397955649555240312423018241948990422"",""7088046209924519832640627457756638167363257514090132860758790081936888736483"",""1""],""pi_b"":[[""14233125329012251107636615170379321973001022772642449800100486803970729061534"",""19535284677805189184436330866321019895140126993096513209349441886331717085517""],[""19874418740011626137720973693068043173166790988165547440007159093139553365658"",""12546215434015541705800821790541109468470649653519780674678800700296378536655""],[""1"",""0""]],""pi_c"":[""17904031127990630131932452417472721607297616296078915074397263781569360494030"",""360481323016279137564997080583926165437543915703875616956614086307732582158"",""1""],""protocol"":""groth16"",""curve"":""bn128""}"
"ESG_ZK_2024_219","2024","1","2024","d9ad801bb04dd525dca4acdec600c8f27b0c6972d13fc845e7057663bbad5341","500000","1","12289742086463141090681269491732305789347581543779028941173845346505105860749","{""pi_a"":[""19178812734367373845265763654281690142076470010924352754177311049119408921274"",""18760235194353465897462162420273414003871624337493136458167469865370264785674"",""1""],""pi_b"":[[""16370214936636840578295825231482368332231250610991781987131205559359794007721"",""5166964230425677077337335254645182769446727195268280059182042563664572724197""],[""19991442066992041731431595615577350274370291113680123763602189679382615139090"",""9014225027803052878532341875002003509991027955135242189076488176516833734773""],[""1"",""0""]],""pi_c"":[""13822937880194056980551786700568355053077078347415043262276316762019986020030"",""3854442091204451574475920071880067953436733653495090737895320154308944149835"",""1""],""protocol"":""groth16"",""curve"":""bn128""}"
"ESG_ZK_2024_220","2024","1","2024","e5ec7e4c2831d0bf8797aa13daed20eb2e2992bbb10b8351a1b96e0f15b65f30","500000","1","20696234323556871533549087763168498339032295248468145947276141804177224228181","{""pi_a"":[""12292998601997140703270039770954189652954242175896091712658880684045081025699"",""9101925181820405929770433183948360347096895300910193184066852283883374520986"",""1""],""pi_b"":[[""16508913304250547489238653879626522750547571095932516247837438641124900595731"",""8910106507266741335170214987762010279731519740267950600575089103906463567578""],[""10832191222083122296183727942519134659316408491802883411316744497951983189468"",""16109634891418484620494218712929052849256533242778516947459906879912671319603""],[""1"",""0""]],""pi_c"":[""15745260009263091142303041237049438714306287097702515620554183504953886798261"",""20485687235894206441461474612336459931612930697071704819564541653930033341480"",""1""],""protocol"":""groth16"",""curve"":""bn128""}"
"ESG_ZK_2024_221","2024","1","2024","16f0794343658becb9d966c315687884e0d44a549d16a2d58931095a81b62fd3","500000","1","3563213625970914696517029065432025721800345957392942336439210141071571047487","{""pi_a"":[""14569948202291472156382018437442042724515388076513373655423836481037990615231"",""6507381639647478796636433947483578625488078558771034159546719512544213136714"",""1""],""pi_b"":[[""16289613698821924646319313406985502963658891550641690613579312231573192781908"",""4407497675713651637769619303073935518178611380058453471821873735732776481094""],[""14418720811943350914764755529519532310299836904172856895738101749897676001483"",""10343755909312219779839182322402929552850263659932598003990972973769554398455""],[""1"",""0""]],""pi_c"":[""11482817703385222334495259004079643102390920963450741711926299691462960773854"",""20990098211760317324711006978389039224729824555641872790584501376394597193396"",""1""],""protocol"":""groth16"",""curve"":""bn128""}"
"ESG_ZK_2024_222","2024","1","2024","b6d66d013659f9488580f3966c53621f8bcc5542c41756e6752cac40720fb1c4","500000","1","21464135178102299544824605357991358330635585041781161324000527919165059286185","{""pi_a"":[""17681492168758549251993362657094069183491826393653574884972521232479885678678"",""15003771015184897924746632052078842398645671062431056326200676144314581481065"",""1""],""pi_b"":[[""15852197926726658525917845923373595604032404040775156079780783911201330513113"",""5124247883808696665619132639233102939872809780508835364625718553934384151053""],[""20081150557136082632394518684025114876732744206364743883509791722596679432116"",""7528462175197891898262371100737417784422529670372794338399101331602724225332""],[""1"",""0""]],""pi_c"":[""10667155128704119511801057759062545374523652864680942619411048080308068207925"",""17315218531968800811536732672537045145758751472505210203726253013901878467989"",""1""],""protocol"":""groth16"",""curve"":""bn128""}"
"ESG_ZK_2024_223","2024","1","2024","cc41cf506a905c4745162ef2db82bcf3df24c4530116c8def203e164fc53412f","500000","1","19243676013675987539097803656636148089545224842768837753768862537120157984243","{""pi_a"":[""2367108066982112904347824715775798030192975484392445215108771161014792562752"",""20106053522526561446324741550476529439656609300634410087283896642324068276677"",""1""],""pi_b"":[[""14011772540026694119936547587339651264128059745462720211190356473883187030798"",""2407851912535885822839173280215978536193619349472121876461419097441003148224""],[""18816265343386825985069832898773846893394881248560283158494876249015570135634"",""8066926318120362785148635180732102433281116969573186026668335052084688700739""],[""1"",""0""]],""pi_c"":[""12925331510814366058675429896526555918800722869255670506268948116041903717917"",""13491001983200192098680159478385288988137822703429836014045627683397696727286"",""1""],""protocol"":""groth16"",""curve"":""bn128""}"
"ESG_ZK_2024_224","2024","1","2024","1848afdc7d629945b47f7f7a114e72da42da40148f86192638368c31e195d0c2","500000","1","17554846129170510013906717325601709722927171290515068266274180066135155405611","{""pi_a"":[""2328078735168244556558354120466277483107160685212878621836901730563399066702"",""8052070680467263227374253011295205920010108134169973579939279041260998398403"",""1""],""pi_b"":[[""20605340234896966783054024885244064567357210160169057213337514941141720764747"",""13678439870098346345028174199133183973743962394893080421658984583274909381052""],[""15497154333663478725286525063419690307957839011097563015632246023195715714530"",""5695437163131438673929686448241043209357238390853492921906977415856725578445""],[""1"",""0""]],""pi_c"":[""5426427819561798872649846137784021628144525295112275655031635949840875592492"",""5761532009634783559832269913513891196711675023260943460358585281960371314215"",""1""],""protocol"":""groth16"",""curve"":""bn128""}"
"ESG_ZK_2024_225","2024","1","2024","75237cdd23503f4c251ee1609b64beb87df2a46de3e8b11008664b503a532749","500000","1","19244414501774221328291186021539169500346720417412717176961354154194141623256","{""pi_a"":[""538139488382556834207217370062641203119724941588582870419036866635539766967"",""9561619511772054636020927444502745166288907910768411471993454404177411505800"",""1""],""pi_b"":[[""10894093002145933720340352342570963567617355987794931728764676264736982895959"",""9892252689357094106381173179798879256601662482742318298778869553078902861214""],[""12635847712105324972122265215430857288227843586598062296181548774632391839665"",""7075289995259004167013271396314710230231848277909601235525491676493953245724""],[""1"",""0""]],""pi_c"":[""6236111926975395942128606345026573014783600312952739209008984368353001860070"",""6535226662885168786892239823112352448325433935274973413220278826640864012303"",""1""],""protocol"":""groth16"",""curve"":""bn128""}"
"ESG_ZK_2024_226","2024","1","2024","01e8f7c2f2f6cc16496b742078c0db0807b28736bca6d9408fefecb27cfe2b25","500000","1","10343194937365923929170278504727623222996633402967782530673491825966446864991","{""pi_a"":[""2346897827301354107665141031078494297637950952436786722111404689389021781269"",""8650162833921947344069995505269328816561297020982781497615833036788306182282"",""1""],""pi_b"":[[""8741520833766604803202971917362466866234838023425670041978979078888071205543"",""2211569837823996036533499244548297154629989456827778717034638281072157898520""],[""2750177632356942981282569516049857382729047056229990439003346629705215277185"",""7598820463751269578646490298545634121253648084975885799817170245685909288544""],[""1"",""0""]],""pi_c"":[""2718068523378740335446298269772629124307129624106811636290786457655891117091"",""3270149079116856053286324660533756239499992502474515714881522034576249321179"",""1""],""protocol"":""groth16"",""curve"":""bn128""}"
"ESG_ZK_2024_228","2024","1","2024","945c25ad29979e9b04c96dc05c3fb36247c5fc3e9ebda9cfef5f0c614c56fc91","500000","1","2035740286262010588067945557701776888134109332534606384757190086563941333965","{""pi_a"":[""19230688816430090040902346498310663886290763781396344794026454561195956849742"",""6834056864528683601363483809920875193674825861263760504289957220705216381071"",""1""],""pi_b"":[[""6528310456233478775160648268099056953818014641413536034945912319501286311692"",""8317534691123412133484492527724761558038713945656691470162721080873582892443""],[""6118213690191199464058209997698355503766746013342988449995025539507933695735"",""8075279469614507133834338931675514369135639995853625743350382853579328402911""],[""1"",""0""]],""pi_c"":[""11583859061146153882558792017476607827179041677623703638881359932782872488173"",""2453063442706508074588966856877017306295658549567054763165173485923765906778"",""1""],""protocol"":""groth16"",""curve"":""bn128""}"
"ESG_ZK_2024_229","2024","1","2024","1f7eb2daaf299c5e66f3cd6c442af61c700e65100ccefcf2f7ebe75111dda48e","500000","1","5833516480904717124851141035890977777431161443643303913988896487212062378252","{""pi_a"":[""10886488038112677655557160347735675322680493146641441539986963678726252916939"",""18805056928796281193507443582255926140233913312408677055964042762017819624991"",""1""],""pi_b"":[[""18698861947720326913966866478422557351272218608201245856500526729649980093887"",""1244481570727321362681339498007913220391176273954237866355996995535313673570""],[""15434728555520434795402396843419013507986887666818519309588264039707000523054"",""10295310590047405457108816415232052102872933321212259163366228065406969889882""],[""1"",""0""]],""pi_c"":[""11801515482841623641091721641622825629685101201233296750935018589559939395488"",""3455252008742260840583639625902060374152632870338041852056303797101927922151"",""1""],""protocol"":""groth16"",""curve"":""bn128""}"
"ESG_ZK_2024_231","2024","1","2024","3f47123e50cbe636b96e64bd48e056a4acbc6bfdfbc449016c5402740970cf9e","500000","1","16534461390258226843284670858746996674226374811503274135669349292575197557830","{""pi_a"":[""15063906756656880001261060746734756148401361465589374905712090778192280682189"",""19440329581400227147603453280350663410809918166086538339473499567388128676614"",""1""],""pi_b"":[[""3445554220502010018838699469904952466623113833484202126791093975982344996416"",""1981477574692652436114293556568516836461396415408832002284949158075494809812""],[""8713559007809765036769213330362226621059088865224672724632172576317274229759"",""4154072006821588336888424111208228366142268152989971617161224077111176047389""],[""1"",""0""]],""pi_c"":[""20322505890323367831511698162351772644827999504478476401087259949851718582279"",""7233963070222779998473046390716970447939716105074288626975165595951138559994"",""1""],""protocol"":""groth16"",""curve"":""bn128""}"
"ESG_ZK_2024_232","2024","1","2024","0b684ab75d8aab37495c579fbd2891f359441ca6d3aa1b1006853e069cfe1f06","500000","1","2114500396664787184188627302179209759684686039862706727565233825210594860911","{""pi_a"":[""15924218034613541962839557920241628381886702492785483868256128963717765928225"",""12592322130816483431508746559875482152170327257457286207699162462299668079684"",""1""],""pi_b"":[[""19281758677052850143737542955021222045298621789416897165237855343348972810519"",""3222631598650877918938065267644396191909694373460701210464631212783841736923""],[""81898475934641038631171202195820012070887456503343418239033515797181665778"",""1717653615864229937680903720761127687965499012660590490962281416819568148046""],[""1"",""0""]],""pi_c"":[""12051029798260118147515705869513042618004438771402398293889842897090967198765"",""18978605413703076720536409411193973036722785642692825574727206021762122139034"",""1""],""protocol"":""groth16"",""curve"":""bn128""}"
"ESG_ZK_2024_233","2024","1","2024","72f1f61a3ee0eee123bdf7e523a05c91602a16f27f128ec895e3f371b070121e","500000","1","15841673946694803092058539183076107407504721892283338408806148952480230613372","{""pi_a"":[""6544034414455736193417165732892535131368938379438597382938771885239442400368"",""11384392770848284872291659113812170211106489566484796799809321404966362854167"",""1""],""pi_b"":[[""7955471719793122857420378910661458974119166955294108215572943555729944782077"",""18400177948675171681281168874096449387806734171258795374597688283035310386839""],[""16814668564181113313088007108952467548011627683963991653011358465159992374429"",""7616093492814137875869484194864833199907682209090240440881981347875021820779""],[""1"",""0""]],""pi_c"":[""1900899697731031261753736552254046769052110959571212841186094832688556079535"",""15706965750936550747924942493475163380996901783842307025213221963342765228399"",""1""],""protocol"":""groth16"",""curve"":""bn128""}"
"ESG_ZK_2024_234","2024","1","2024","cc8ece82ed8c351ca3c62920a08fb6d920033823f6a7ead32bc079d1b257295d","500000","1","8576050337055807369203759602940245188353865610549049028399463117014644937100","{""pi_a"":[""3829936169741324959019884444365774370480399055131661904311397751917680367657"",""11064261657515743524803087929009051224531393188025249579237987978099139637550"",""1""],""pi_b"":[[""20739393349868378921390627402646401822698322829840136500478359604315790375757"",""4572659086580172046243845986614147781276454771276443177471744214103084777262""],[""333728720646699559007865135666671104787936698980845568719043230113410998530"",""12148546847390198262528881968777432881977743407715950441867262537596305966865""],[""1"",""0""]],""pi_c"":[""16320628686599302617221923340145147260750606565402026757764314593227181195713"",""14166295420290890114789445786755844204916992998042885104585071384937192195686"",""1""],""protocol"":""groth16"",""curve"":""bn128""}"
"ESG_ZK_2024_235","2024","1","2024","73472be646021ef6e7555daf4be290b00cc8834a5ebf6aef09b5aa6450a49771","500000","1","11242282347927921649700349671930558207814764135099293360206098553271621561607","{""pi_a"":[""11733767412358122104310438975621259423585676470563031485075542921197989849763"",""11264593358579025648214758191501625638818386840252701191034260911284989652537"",""1""],""pi_b"":[[""1030101092291072039855585600072560286838364414483692547717391483310948923716"",""12535237117962829382702451698496673020511248619012595610696002679047146628226""],[""17710339189765058450724908559620518890743679180748410345668005448083573452278"",""3529675032680500324417182915317754800928037014616127702754547734614457800963""],[""1"",""0""]],""pi_c"":[""6002458864773438786467542472013676463511593263658918603455019610422855908130"",""6255588154353549710006228058667371675994285525896573543624270514310951242016"",""1""],""protocol"":""groth16"",""curve"":""bn128""}"
"ESG_ZK_2024_236","2024","1","2024","cd3271c177ab0ca1f55f7f75baea9a4ae66774cfffcccd3e59e513a96b651f53","500000","1","12303038132497258352232124752816421758102722330010071489540070030450846810233","{""pi_a"":[""15864317337033589742629806770627158535658479257280555549530980761769122460606"",""282238995016015180917569845181192953569699484907967308417185271961561100149"",""1""],""pi_b"":[[""4973146351350110918093191005029888043373962059362930116222614020002483934505"",""7881565846167910910297934234734257964989322377985691053137609471014806323893""],[""19397334982963823012253125411536818974372930735418032823494034514284399323085"",""3291943068997988930831723602154126599724178423106977157218184742494749473029""],[""1"",""0""]],""pi_c"":[""1018138746193072602200595745829009187297544021284404903352072312687794305568"",""7777220997190476107805498069887525873750765549832550624820188096906508378290"",""1""],""protocol"":""groth16"",""curve"":""bn128""}"
"ESG_ZK_2024_237","2024","1","2024","30919f206e927da556cc8ae61347f36a1f77f8460a7718e1f6a0a5803396f36a","500000","1","16070142313016831448085703650458497781568403324808208227498014180836114313115","{""pi_a"":[""1011659787512633482831465024391760842183880011410368942921165864157496039491"",""11600530063169560864610476488383292197057925014675474698598007784150276277221"",""1""],""pi_b"":[[""16190636049641527229466474717790804192683601045749481472369375230393658564223"",""8011735296683884801145301028213819783872088225145978704249404955141714076314""],[""5705607342309451344724655430848557274091370967038752846237458589846640044816"",""5243449016009342476124409741341835238486124642188052655280334156895094909950""],[""1"",""0""]],""pi_c"":[""9973983259763256970040139324862601563363106358542625337864137771221646257542"",""15512034211258892090828950203997613411740942953291914899004773859770609298621"",""1""],""protocol"":""groth16"",""curve"":""bn128""}"
"ESG_ZK_2024_238","2024","1","2024","d0cc931ddac77a4406d3d0167f80b1216a80bb6794731432830be4a5f40754dc","500000","1","10849993102519841008153895465478462429803842650421532575240729439226219170187","{""pi_a"":[""1020215202943341965665469626645712724052162986639627106587070974575037320013"",""8366297027107759822860751547331357654103938484986472821904115272074680692239"",""1""],""pi_b"":[[""18965010865115160782919391947806109239442062789332633738303623605073831427321"",""12436496252707735452888290223207966124649210278176604977818197328613255464673""],[""12948448498829883298630931175790909042945424598801695253715038224907601365609"",""3501952992095212593461900332819466186950253997626656748746680987388705452375""],[""1"",""0""]],""pi_c"":[""5013185517488210831207348763240913273453595297848131371442522289084553717963"",""5550505727257698604056567580595259741140426372453545967384025824455082579087"",""1""],""protocol"":""groth16"",""curve"":""bn128""}"
"ESG_ZK_2024_239","2024","1","2024","b91b38a1b8f02f6c6ed4df7fd53c39524362435fc1b4be071d4a24386b85e08c","500000","1","10148545558826522558415270131204934965362846879154579505789626929864183425778","{""pi_a"":[""7927924379409938408279358229330754627820204928058919339686516373524849979490"",""719490540279351060623135858516581754313905356448971357180540858809442753799"",""1""],""pi_b"":[[""5887343013221714496765294141242182606142797445696828396285909887347906040254"",""14569215018610883194337447316272536010421086636511573844118373551091980755756""],[""16169385551369766280539781751717770403871456965152058577213656626638916941381"",""842666407243856717543437447399992685836987012984943949250354352468759932101""],[""1"",""0""]],""pi_c"":[""10345361437995441030437499848251171325823036017970680188940268902224326852576"",""13450005556613781604285099017359223007426506489217712365607822789651279753555"",""1""],""protocol"":""groth16"",""curve"":""bn128""}"
"ESG_ZK_2024_240","2024","1","2024","fe6fc4aa31e0111c04f53ac7f808aa8fdda83a02f6c232925174ccae6274d501","500000","1","9032394303612331011205579533413062929810885873966505619367180967422165045415","{""pi_a"":[""5410469677433375239347077020646621690527966244968746073202029592584823334939"",""7685513295809791598112931629950130991606733258420829367188351647555238083225"",""1""],""pi_b"":[[""8582920226126678205770653081507294158650791966619842653019334497942641198776"",""8975561276151930312855076883143867617198985928950007998594468038180445993122""],[""6105527139077764715678852528938026492378817883626471152511259249219435518247"",""1542415180087665403352256683291138144446795549973395213513440207754168343425""],[""1"",""0""]],""pi_c"":[""12887349417594839720042806746597934049619750076020364228030845001227423761017"",""2802179868681224107306676023873609222748099970005904401787289653387031854148"",""1""],""protocol"":""groth16"",""curve"":""bn128""}"
"ESG_ZK_2024_241","2024","1","2024","531005ab905288b97ebe34af8076732e0ebb56b449e111d9d4d23a8cfab6b539","500000","1","15829094148928716211231923032657577792224504326339356810789453476899242185009","{""pi_a"":[""7306674913633250901023489742330938563861141626166810172182590367867148625514"",""21507732297920757644891874141666625167050073281784463761389933330576070933411"",""1""],""pi_b"":[[""18136059279857842913285964451087147026375907249015044118945071600644949715752"",""13216680977164900486331280313741532154954277028400038412727384289209005578224""],[""15352371625665718724697335059184958128186840537670265503155760885124093195069"",""21807141506758726973940254473504049249263806190892062176307851845746295307930""],[""1"",""0""]],""pi_c"":[""6032066749457269591612742589331265804508503627153365931766907727546834154188"",""10719279677862076517855122105074956998663907134977000145162872980194109974374"",""1""],""protocol"":""groth16"",""curve"":""bn128""}"
"ESG_ZK_2024_242","2024","1","2024","cc41cf506a905c4745162ef2db82bcf3df24c4530116c8def203e164fc53412f","500000","1","19766881154334265084228417203189928929573753682280964015760517926605914159795","{""pi_a"":[""4407106765612152934325251437540268623051644432597379538239542033596707316715"",""5736827959329260721708503636203927153876905276960368969665313847269880387139"",""1""],""pi_b"":[[""6377804076982546574403526113957445433346615794524782618372103421161992278158"",""14798706995765767194952229080627236058209553303056025296129712512414323289415""],[""362755790085087305532509630274886318053697725657081076521197746410553625380"",""7351990114099147796204979988905724095591948829213019068042435704820770935990""],[""1"",""0""]],""pi_c"":[""14447350814525317221491558049547341139756553144347893477393132451548211469514"",""19515384918920943028886655190308310940616250179619328612630097919258740773961"",""1""],""protocol"":""groth16"",""curve"":""bn128""}"
"ESG_ZK_2024_243","2024","1","2024","586998001570bc47c576f8d5ee86e84fb695eef8b9b090cb961d73bf1fc6e7a4","500000","1","21740188807573252353101441435620766446845586118254942938136215945918261744966","{""pi_a"":[""145789450544447176278438320010759006369237548745720418749956289832820490464"",""5981657964129776004679586555249666918101205213473181775461988615375499941817"",""1""],""pi_b"":[[""8059437500249093409198659278155162353458922190429427301037299533029242955625"",""6885069723706746232688119597639647192886830904185337368604694933674463892319""],[""18107641531243738624383596649699986797041505686296483550979377158023527287365"",""684013236328857110515906952921349528646700571655676014784166532610568023531""],[""1"",""0""]],""pi_c"":[""19594701720713564550024439038602620907245385013157853502207770811320423920662"",""18676902673901854264317905616117215443151957490861647585732475503606476122082"",""1""],""protocol"":""groth16"",""curve"":""bn128""}"
"ESG_ZK_2024_246","2024","1","2024","10a07beeda63e0cfa144f60d5da7544081eba2d9760a1bccecd2b7eb84de904a","500000","1","2582594467580866352045950050328686413489057049487248313983039861737107826517","{""pi_a"":[""13964935120892884337648695130783452757056301080952787606086644588117560853814"",""2497862285358801367621208014865325011480406623760682414195122493066448171093"",""1""],""pi_b"":[[""14580097313767354805188884428912643122419296338717994379752487765380936128014"",""12061236702288175039144188932641142341910171432059243727471018866671197634043""],[""10629275258459255163393008537050206779123960918138136850183831390845390865751"",""7913027550419384224372962167957375795059801016732439057589115037505200495393""],[""1"",""0""]],""pi_c"":[""1721849045048941742176397184987769422619340112445827183416734180469748296805"",""21354621167700854051054851490038791544458631407496502713391335118357399517426"",""1""],""protocol"":""groth16"",""curve"":""bn128""}"
"ESG_ZK_2024_247","2024","1","2024","e3e86f6224930df3681a748508564e0fb37417a857ec14f785cb18902c1923bb","500000","1","20089777286464027150763158080489703969610091795114038454224276418325604194137","{""pi_a"":[""12350505906817786247233888491737461118768523822390278236443742811095512176421"",""4142159313493183981910039961546365011493606016087241665338518887291973869659"",""1""],""pi_b"":[[""5989721279170057245731234339931650938300292241822253726161389640357593839071"",""11433768332523655812627624251470667318797497255769910121858168791854163186835""],[""17056302578688946205387656224965754127744039734688432816636877357277937250318"",""14960202021451912442007138584028672317170576772965099663144457165972426144268""],[""1"",""0""]],""pi_c"":[""16375001883112798682680702182435700099079012032317208623447274675417079623290"",""7795749683524110039001093524430424429310078129133897729575110513508856681962"",""1""],""protocol"":""groth16"",""curve"":""bn128""}"
"ESG_ZK_2024_248","2024","1","2024","038f8e4a6d58d0f0bb7c8ea3cef55958bf627b05490406f2553f9aa6708678bb","500000","1","8010717263515086144395998094170982175933236134263192749978647574255992084981","{""pi_a"":[""8593095968393286182853850693952311015256953218571239493233017087129863515906"",""10078861700970414701551092133067529581117971690359689866902925594380595507857"",""1""],""pi_b"":[[""4901730555765257987000756801973813807223393356842300088664123620076758720983"",""2123732494175025150065553344027641315026236114946806656572605407806291621856""],[""15002182073378652651901460270038218481070514141166610654468946965576562578539"",""19774375756830669581077079888345872143917596704320161967952262632703274323653""],[""1"",""0""]],""pi_c"":[""204774717450869714617956082797976912789586304614148091567717021458835924689"",""5927972426944917323292786662742205492318299377754237318755891620845366649435"",""1""],""protocol"":""groth16"",""curve"":""bn128""}"
"ESG_ZK_2024_249","2024","1","2024","e11ca81ca3d08b98407e2883acd129fe930fd6a1ac8f32cd03c4ceafef1ef57b","500000","1","17539742244247714494888915634188736113510803959625885508615273502174410006026","{""pi_a"":[""16856885121275583795630855885254105109180683206472271228850791993357594553590"",""12921846836089475579665902046105685658640510279569221549437653900714582128381"",""1""],""pi_b"":[[""20298573011451692278193913716553605778992791105898709889193096184188638312290"",""7409168623969338804763291344965789604210027508516592563154584492531150713298""],[""459076967902422716845206787613954391824775583360451705249543582470423466977"",""3832266783023438271531680997037587891608561246379461020457723710001579185377""],[""1"",""0""]],""pi_c"":[""1786262923434216685260151626609865830930914023418308622971376037508384546771"",""13792279305220270040468165040544384163201808001195024496067103010183935825951"",""1""],""protocol"":""groth16"",""curve"":""bn128""}"
"ESG_ZK_2024_250","2024","1","2024","cd3271c177ab0ca1f55f7f75baea9a4ae66774cfffcccd3e59e513a96b651f53","500000","1","4451274484197598881826780029460793005888923357703861464225016523414587094351","{""pi_a"":[""18390615681720465828137129860032754014502874318103808194264264484594335392371"",""9624926167459226187059761650401747203092927048216866121893612615440850880742"",""1""],""pi_b"":[[""7840726140693429455694190137895916666224594841457343854093751307968938145162"",""7535967114697565355578731241658935443846697452888358175419319943152849510640""],[""19620056960048662116824293173163562718181476417396425801229559578074186340474"",""16845835644835050388947918337484987786424356023082887534499342939099140357534""],[""1"",""0""]],""pi_c"":[""6493503017905343814595926141594480678905900325871022444769276225838012826246"",""12852371053489750781383951917441807839798206932838011112628246529310941421373"",""1""],""protocol"":""groth16"",""curve"":""bn128""}"
"ESG_ZK_2024_251","2024","1","2024","0b684ab75d8aab37495c579fbd2891f359441ca6d3aa1b1006853e069cfe1f06","500000","1","10677086780098873570387843617893168437157217158443291465235295961338528231818","{""pi_a"":[""8107416385762862854532561414506483069825746665050361478217243045441404363749"",""15489736213124655756436104401068896117470679253581022680442188401918241415748"",""1""],""pi_b"":[[""7371608268814611779530728033096263789633642572876473385352164048588081514186"",""20373256350635530489092311832577512172513489182852870402313670483146255547806""],[""16750843529751518898685792809634065092310068366149013005453163926366397360549"",""12230220251863219104607600896823443756869104724555445948857537397316683450640""],[""1"",""0""]],""pi_c"":[""4826846144270180115092709473384416354113328431454437925799377485726951210105"",""1059699083969118239392853774138504591699376005507846988640003622720133184531"",""1""],""protocol"":""groth16"",""curve"":""bn128""}"
"ESG_ZK_2024_253","2024","1","2024","038f8e4a6d58d0f0bb7c8ea3cef55958bf627b05490406f2553f9aa6708678bb","500000","1","19128941668086909066412322356543173516383584664596943809254521126087404936136","{""pi_a"":[""5268182396895545782109234264151209774724334736264854288721731282449375758157"",""1657725816812511745874560149641718446402580278413692549261995950331434852237"",""1""],""pi_b"":[[""4124083540992102724692169817146362142902555522402523920069073769271893948569"",""3853367740684133392480648291793196973774658920553675278772654230431842841621""],[""1096652295555953774078205659032685578941529091362732578080011041095755397404"",""4725680561566740544661734940842318391492114848773143695908873368245804976828""],[""1"",""0""]],""pi_c"":[""4264248354424038848166699139055210903460185202554147317234361346812673900420"",""14063711365715406718813252077701384323469512416505991236923628317573152314579"",""1""],""protocol"":""groth16"",""curve"":""bn128""}"
"ESG_ZK_2024_255","2024","1","2024","f20eb008d58943496fb55cd1bab3977874037169a3d5073c6348141b85826fd9","500000","1","1481353672432104657876828481911990067568314055734785364594373016660986188219","{""pi_a"":[""10996826735039890601197410657343734329401971400449596164539880441763942957257"",""5410602960748268121890737795404776804184459806222357536495291468831130373392"",""1""],""pi_b"":[[""4988567144724351170544194465063436902791787721075157039153880695755976147903"",""5804016831889260631742511244609046096711268611064169474323955645113794213533""],[""5894091161941755723197631993542089399358153667576701386348996860046422841450"",""9556844744142785215765712510987813471278216900532869887112476469226612930258""],[""1"",""0""]],""pi_c"":[""9473848593612925171129776922194164891308293701038497845514177227923613746249"",""2981639653148380937391494245053361322505633435177793045367559156773935318424"",""1""],""protocol"":""groth16"",""curve"":""bn128""}"
"ESG_ZK_2024_256","2024","1","2024","78e7e3823398ef799652878b012d495fe9694fc8c0c402b28e1597b5916c8eb0","500000","1","11185171114203831502217836997031016060058181905337307733936860248780383607563","{""pi_a"":[""9892987158030992181618222783691583936827535253174427259033091969799098863927"",""18394249967238675653706963248892913799477686412267440631200616366534797203974"",""1""],""pi_b"":[[""10735670589573794000338634545682743782266566915119726120876065981031916768383"",""19276552143560924595664128619811871870556230019604575051757521101399662219676""],[""13196958450229715319232108539763650272877244933073037561772211921030693127082"",""7852346626263090457386987754382845267892552293100549744154882775007759891530""],[""1"",""0""]],""pi_c"":[""8443555691263147256119424485928167930159618800612125226867942866502876878493"",""19423466348262030503897837944056528682846421193513911429481552254172299415997"",""1""],""protocol"":""groth16"",""curve"":""bn128""}"
"ESG_ZK_2024_257","2024","1","2024","b99d5c35a942f34cdb40097db16a98537d72b447ffa580753493c1be7c7f0bd1","500000","1","13319976073429568677942437994536237533351463787981113226760041552452640734974","{""pi_a"":[""6744445245738326991395657593370856054201141205970600974982097116093921491835"",""390013011298020101091767779090064315677757035011598950906357156296346533295"",""1""],""pi_b"":[[""466099505849919190179423739113267519749543252070006416548947610168955354174"",""10000305349834526104274851023790904574395102522418809921894780662743022232730""],[""20452460647169185583060699798953985689950152522813787500268018591455977626789"",""1870509437032700233839872114916676600427388033033988259635285258970805977600""],[""1"",""0""]],""pi_c"":[""2147725000001419672648248055056124928434785761312348395033744265394440070132"",""14090139116096373254658123917391848244899347373262723475954369268263941778210"",""1""],""protocol"":""groth16"",""curve"":""bn128""}"
"ESG_ZK_2024_258","2024","1","2024","2693016edde4265554dc93634f659feeb8b353174628af1c7aa340f7b272e1de","500000","1","9888662456719154907079886951812806693214234693346169624716423123153325661318","{""pi_a"":[""18976816295373899108206332789646315720908030051350045541950707308589930997795"",""5815563233224743158088997195681617111230987251619073929866586454630380321947"",""1""],""pi_b"":[[""19334785314975607110305060677506003391558648859071932275578898892503101808815"",""20943443764267700462431040044299282111770765306686780996114304755613404118959""],[""620378221298513725512952332495045413815695896067086628103301445407583866174"",""9963457279690138763128148619254949075410290484888129295018973113029243114246""],[""1"",""0""]],""pi_c"":[""12421482621021302089211675772785622215819075020452321645938763938856022014269"",""10370283441777102287353736184407147797484007776335327664626854322417545040465"",""1""],""protocol"":""groth16"",""curve"":""bn128""}"
"ESG_ZK_2024_259","2024","1","2024","cd3271c177ab0ca1f55f7f75baea9a4ae66774cfffcccd3e59e513a96b651f53","500000","1","19526246557336264049998321758376141821248812710062621028138594441936577831110","{""pi_a"":[""18424600037032138945713372595911535698264383314077410052661447648093307343988"",""374218827079789504695581987699929060268790216816953889875654201712623837183"",""1""],""pi_b"":[[""14735844225583353990319376454018574490697719388367318010194219760237694421174"",""8840079712115017434030999038157133475711240714830296593907338162800982449829""],[""11138847065750107358493537367640802266012041674432364202030103646259030461305"",""2912803153563239746976658454906668981668046281243828867055398539783784557370""],[""1"",""0""]],""pi_c"":[""6629178341519645131407034250136157776250519397394998885731135627121161359499"",""10254860343592553905234437442410616464600244547923059012768633912973289957298"",""1""],""protocol"":""groth16"",""curve"":""bn128""}"
"ESG_ZK_2024_261","2024","1","2024","d9897ecc520c3316f1f20c5303fa9b1c70a124ebef83937d6660c23046828a30","500000","1","16138724012663463658960725259202984425158494252678211402153281894543626626512","{""pi_a"":[""15620885639587361911434617469703846990185061763312904421091038777840274683842"",""10230845288633427148403554817976952956407920905465969316917190942327471301615"",""1""],""pi_b"":[[""5292455486740141725978842749932506128727729991650053873296216367438851743803"",""16873655454972033397102675402548635233557157442694473335218489715567296495661""],[""1723388235769328259254491708651154843629384018831047538354591023798378670845"",""17490750081477291286925091751815182511763734305503728666753192203295794445094""],[""1"",""0""]],""pi_c"":[""10765002999313871082433089459282203645078225457192755391819225551787239340718"",""3443671507399352001752286968038836162640016615141595807168603248008289761800"",""1""],""protocol"":""groth16"",""curve"":""bn128""}"
"ESG_ZK_2024_262","2024","1","2024","5906c6b4291b8c6fff51918e5d47da108fa289bda92dccc5c14201d8d7d633f3","500000","1","14393241735862590453231813867819306808058170211017336579223659945579360261609","{""pi_a"":[""20618550582631728921155931800159873456660163577337731137842163046282170503093"",""6236992041736631396498155772763449243315698896972605884469081971491952528804"",""1""],""pi_b"":[[""4713501379115433635401496026786734247772352315532398020080590177683042511350"",""21744207165576770609587632739513753908096174498451698608277659864919184343928""],[""6048621094491592675108567489452242131860449254362352819952587552543130211921"",""15511843962478038096068295759475086374953722806855127485984383595056227157622""],[""1"",""0""]],""pi_c"":[""10131667603048004465184824669518292499953267563827429790096882220371223343922"",""8697985173569035249585625561976337287924510697085290295568667213962799970656"",""1""],""protocol"":""groth16"",""curve"":""bn128""}"
"ESG_ZK_2024_264","2024","1","2024","df8346d46da3718de461bb3398328684019fbffe73684681c6d71c99483df592","500000","1","10200943192489195383193229855370623254237055375155836286184138535484927554742","{""pi_a"":[""14705322004694148444519098933286625062723499544876659649771462993053184272103"",""509427436704197256007053075091943449303294200272448110143756421717674797662"",""1""],""pi_b"":[[""6265120366995026210094381528395472605233690751000519213147708675412071368138"",""14099238173379822526150465572070505958876506122936113060021455526611445669924""],[""5425964821450486048741682713501377070474224507744737204199369199526782836002"",""9565890626264544627175544557170354395120271019675202433276231144007911937128""],[""1"",""0""]],""pi_c"":[""6119271528248400588455780240190536882273706961836092587386422339620393337741"",""21711737965395134289439447335798147153068072440575980989255752629406091720863"",""1""],""protocol"":""groth16"",""curve"":""bn128""}"
"ESG_ZK_2024_265","2024","1","2024","68b191159b3f94a83c3bacb7cd216d1996f3493ef900744813d6593258fd0bf5","500000","1","15503414420170519044461698952067208062083883538400464933463334366587097123116","{""pi_a"":[""9290678046388911649083278272695312510570737541262354937740522440326035927439"",""6924185265052779788334321403447866691276990752533745127528746260772721490558"",""1""],""pi_b"":[[""3988302785330948738908367459458789869484737080956004582076479926526360105811"",""16058922173096456647360811974891571268647231793103722842411729971129757340906""],[""4390276152580409753217767262529150891599971884847346417149844923375793024525"",""5240379418937269984021733319198207975438905990606811194079498184953700459776""],[""1"",""0""]],""pi_c"":[""1960810817333229625311383464972017616276239138343657337464465334297133340206"",""18665586763133922274380822954766371777646827902295338980184547755937277662550"",""1""],""protocol"":""groth16"",""curve"":""bn128""}"
"ESG_ZK_2024_267","2024","1","2024","cc41cf506a905c4745162ef2db82bcf3df24c4530116c8def203e164fc53412f","500000","1","2208325441776600025673030458592711678780353710269820020054881895582959799164","{""pi_a"":[""18481944700290966315534994253327287951893325591201528229074846431595773446906"",""17590064271190449901127578005763356337496129350957404139550567990871645165760"",""1""],""pi_b"":[[""1536418911712457709636000699936602235064714423789846877047490220528210791318"",""18710869797483310365555840119873910746874039657472071862352787584255893136682""],[""19897259591506132587184321853983402552020333928422460792535853780490285522297"",""10272607791210847966033943698929161301812177408999437767704765729125982057239""],[""1"",""0""]],""pi_c"":[""12830292205302928538198867219914734876429930569522865615771952316473244501060"",""19573035921124537136374102049637538469650328720047157648421777433116102547414"",""1""],""protocol"":""groth16"",""curve"":""bn128""}"
"ESG_ZK_2024_268","2024","1","2024","fb6123afe6bfba4786fa0db8d1c9964b66788b112f9aa43948bcadc022f5a6a0","500000","1","12358840553508565707318690854045772683261295493428816917368988753635784862312","{""pi_a"":[""19736048964700184087449432364498292413030709585899383059325723199977875700423"",""2323111860486238954549450507331975153599874028446335885264797181747575030268"",""1""],""pi_b"":[[""7448949297531291727427906691948758858826549041839150583229633107309804993244"",""17394600099703834797606488516263718987114617045815065084724506392955039834954""],[""6939146143455098459723358567149554614817749327533358654121679528916571855293"",""8113166920669762560071496788144884508852465530537401450193536791763012625300""],[""1"",""0""]],""pi_c"":[""1837938784035407271124483796922767009934851421643654416414907324535061177104"",""183652058955950849379897783660201211744356145395690935734737841876021275698"",""1""],""protocol"":""groth16"",""curve"":""bn128""}"
"ESG_ZK_2024_269","2024","1","2024","8d179f1832f1ce01c1152c207e46263a89ca8a4bd027f5170edf75b765c5d949","500000","1","4896002322734888835843349465156236609066235560032021632981763174001305923901","{""pi_a"":[""9778429570567052355564348175045779641953727116420037003222113591146241231230"",""11632589130270844359404045176697507899454482131994086505587056665330770036128"",""1""],""pi_b"":[[""20206886935730010241075066964145841787338652275363317673173604735835538737080"",""21436522729351213960878252012926250614544421019407575238148620145362806298044""],[""7409177155792709953860912801859646649183297382106506161044756929606663947469"",""9510129936035525386742598066757198656676334649402168921446208810824290798164""],[""1"",""0""]],""pi_c"":[""20927958201374499214218995331518397344618061049593596552693645194003142454557"",""18001044917297057154171566986756766721033649980426985122469671149428473745796"",""1""],""protocol"":""groth16"",""curve"":""bn128""}"
"ESG_ZK_2024_270","2024","1","2024","c0966a4edbb9ae42bdb0ac7e7b439c481fc9b880d72645505b3b3f9941df2e60","500000","1","6328867049484065666482523022496996359901058251816414740067106753564980695608","{""pi_a"":[""11832434379245026806284141140921105416383749266802334647672532400489909407987"",""10531776072077906885190817496075445801178239789928316370491389264835460404787"",""1""],""pi_b"":[[""12727140730886650123771054220356413409230956112748275417306990712249769029857"",""16462174497797524214225259577665407034349420109451170042576437384955636730231""],[""8352181057454981161967288226574587911492565179145554037100280530930616348260"",""12496782734140863543592812467120103613023181221610799812453964609846477218897""],[""1"",""0""]],""pi_c"":[""19597290345105006454074392073269312323490641243059836497156998208308676560111"",""10816083438177081872743038583792267239439351069003535366750561483864006988286"",""1""],""protocol"":""groth16"",""curve"":""bn128""}"
"ESG_ZK_2024_271","2024","1","2024","a0328c4943f2ff3b8eef19ac8198224cd8305e34c0fa09ea763594fca247a710","500000","1","19235963200866943399345501012789591940739649329362007996124226896536342247355","{""pi_a"":[""11229582414929227772723406079280764832693988301257048342694327452006272424393"",""5552197792728598155023692720201262340119058581130841979864901710782301948318"",""1""],""pi_b"":[[""3737361907813137436860335033411690996752372228828635406909286091879758399901"",""5694771655192147671286208619011512387179342756605813720564612148606178727842""],[""14836450343988327423941832355797146637642384236297298075757232106943461754762"",""20336170978891972619004850875070174087488909212281259135089260784750110984132""],[""1"",""0""]],""pi_c"":[""12652632484143348217811033648039767112271603046564734492354727797739335391343"",""10666318942396288282950313303080022032343531467044472183093947054151795177692"",""1""],""protocol"":""groth16"",""curve"":""bn128""}"
"ESG_ZK_2024_272","2024","1","2024","ce39b94de699c0910f89dd84899c49c69f4361a3dc91c7ab546fc47e750b04f1","500000","1","7881491550740781347925751286180763333382095068087495714408879330552619218251","{""pi_a"":[""7854264120894188695927782487322981200379465322041528164505604530070881946717"",""6989091647215951064181403426035629824735501122189594935979523834979167472918"",""1""],""pi_b"":[[""2439713993962790315808659210585621319825162940922846466506396648440513815486"",""10565302644032131681036438382130687456708223273512379762267677333578058876733""],[""8289515848069679525580432346106597770141098024330781090318361150929164330001"",""3205998930268941724048950196187980998169573648253576113490635649654415376611""],[""1"",""0""]],""pi_c"":[""21264271259132191406419892190938846617422061535633220971331465431091109718885"",""18404143842295609118600357460274726315230601334888945303768495860966276245439"",""1""],""protocol"":""groth16"",""curve"":""bn128""}"
"ESG_ZK_2024_273","2024","1","2024","b9c0b99c84b691033af402c24008336833ba5527e57cd29b8706851faf9480ac","500000","1","20192039673192226872969952483815588469061906653484291373685532926903800312464","{""pi_a"":[""14181245355209748262609321425164254331287776977034432666761942349505892021607"",""10378411719337918222898731162314340341013325007887859974135528743887063675371"",""1""],""pi_b"":[[""19539231773323588389680663417762639930750436945359539398514149436637645964260"",""13843987881677493663318004189894744510462803279672490723119679598922052170326""],[""14559228033039903644873928810049895244540224082896259518244562389887687355453"",""19023119704395086434946792355521810917365516944567923766040063336387374362700""],[""1"",""0""]],""pi_c"":[""433206059211049717582231995020069427250895628118626137315114265106332948236"",""20627397642442117057255643672592373668167134298197629244001376221395517689863"",""1""],""protocol"":""groth16"",""curve"":""bn128""}"
"ESG_ZK_2024_274","2024","1","2024","4fde71e922ab2142b9a11a3f2ed7286bf1875033dec8c236233a526524598b95","500000","1","8398745661596074511275897518752897249906703081325994696071391609944354143074","{""pi_a"":[""8810766207637523949211243308436956135197154275201112667138948465001366145627"",""15160043110579722002639308636861353190806458717389309305543911113509220779859"",""1""],""pi_b"":[[""21760255470878774191787277293252198409356571420002475077270551480206504317182"",""20158273907145042227730981485308128315030106638514175150933549973695185427213""],[""8595940987421259190639467917413285357926755961567478294334034487706542151948"",""14015297426899144645440322589779183670775328185706230228637100406400727356475""],[""1"",""0""]],""pi_c"":[""1495760747999367398700546299240999994780340062942069418867470947317238438126"",""11580801334694061300472048289787166154686174153976120080617478979326740238490"",""1""],""protocol"":""groth16"",""curve"":""bn128""}"
"ESG_ZK_2024_275","2024","1","2024","efd61dbb48f96ed61956745df3d6e218fe727379107b1299e674b28f50d8f85c","500000","1","14769721699197070842790722810554574436531683336065895341534473850383816503103","{""pi_a"":[""19546049543217267197409946180961647635812221064792760961020757002956944531641"",""21763085805319315753982200858032548824214738979428914723252919367117581487835"",""1""],""pi_b"":[[""4160432695892032277166393598819198792260285480710598350014444336164688455998"",""3422129995243320841881849267542598253768937281533681707070790007076932893098""],[""7073160655655656712094340517721110041913839455443459039244626871563049300927"",""2846616011220219097979891346632243000224430622380279519707232146030978060448""],[""1"",""0""]],""pi_c"":[""8728174003712876292253984389194889930440247711674758039721856442904012561669"",""2190515026929419940454166137042466852246782488228888239749490483131502397334"",""1""],""protocol"":""groth16"",""curve"":""bn128""}"
"ESG_ZK_2024_276","2024","1","2024","82d7b1db04410e612ca335f1e9d6df28c348b2c2365361cc6db2f225050988b6","500000","1","12616060566859117484648287335847467828423713149397174365836643986717904615098","{""pi_a"":[""6681334231598128856441258210150910231733703163020258442868711568239581750169"",""17574358828280066237094948005891361401213969045492353238442071187368725116062"",""1""],""pi_b"":[[""8389802802346638476824119076698116909607387116810662016454186105558621962358"",""20974829173928956775759692341045855975566307338836781399718430100389690160942""],[""12632673023360407877797859347190653122512740498027880829940663706558992513695"",""13893115769255506511451442069034598593095967868548736329561037146236816786019""],[""1"",""0""]],""pi_c"":[""16152614573601503074565741665399410140989950216160736048636543471940312057876"",""4110976422858092748017043664447634274370437874859938499269129675195317242724"",""1""],""protocol"":""groth16"",""curve"":""bn128""}"
"ESG_ZK_2024_278","2024","1","2024","e40125cac8fa8354258a8ba180a70239e4a4b21ba2176c36602c124ecb429aec","500000","1","20554907603073771268306121742945486183383150549878539791120802704928041010857","{""pi_a"":[""15279048505283670369647069411176726388025357661581066058140600421908780601683"",""1047552776088333984060220214138000419054811623788914723726271412824057959336"",""1""],""pi_b"":[[""9574714980566736165599722949923268602763876371375883387456531391242296688356"",""980996881293447363031703534582881768203696809528671387220045422056726797554""],[""8019732730668191010455924882564805482772553510286065773675778156481475289092"",""1868054545585876537861061144483341053336999490001410983981768065095198480257""],[""1"",""0""]],""pi_c"":[""4151973510757678124835390818745008137876926407117585858241861167192463913084"",""15277828486959841068888620542855608482901076770141367351359990474156049394357"",""1""],""protocol"":""groth16"",""curve"":""bn128""}"
"ESG_ZK_2024_279","2024","1","2024","839c27ac5687cc297424b2d16774e44bf5a42ac3553b4ee02bedd655bd86b4bd","500000","1","15470993195129012802499455955063889548708092454712485579728178333088247376250","{""pi_a"":[""3257880576945533376364945208726679301105496043579660869227637540962830303536"",""19245292487251057027813305841802696339148766486031833605670776791271821521016"",""1""],""pi_b"":[[""18412972270156673439425814925478818648156860214345948467291574717459953798043"",""768419974691236286331587236403526104066578299599602502507822000802432635427""],[""15620213562583144603901791954889534812245466230875012161504850359125319911706"",""12677597938558750102943975141829161918996118302977000156013060740277077333972""],[""1"",""0""]],""pi_c"":[""4643534954762008451062534336656994831862054195547197077235196879679705106142"",""850485402280044870083946992472831991876345831810220790752722635141784917467"",""1""],""protocol"":""groth16"",""curve"":""bn128""}"
"ESG_ZK_2024_280","2024","1","2024","477a2ccbfd63238b4bf6fd0a89e4a108416647e79ef649ac4fffad4c83635c85","500000","1","12551249512902077616202718264296321418087430506948148081671699357110940213928","{""pi_a"":[""1274727800569052721625319334276945085266155820596358965320266460058820871111"",""3770305798344125710724921107889203369476407365621227023726644509614022799405"",""1""],""pi_b"":[[""5332584745364009505013304264340040825327609084759233931981707714161587271593"",""17306572252146183999429817944198031341027268458158364273685129385755650339265""],[""15889756094864855992839431736784902160316240139231068594138560399055903270760"",""13899584245022335994934746076410308792359297824813547839513439781122698290225""],[""1"",""0""]],""pi_c"":[""15334109212781249192215792046453148601969325692862151098585190373276985475023"",""16056305833431801500005120097876680220285495504293350053405291053908248760546"",""1""],""protocol"":""groth16"",""curve"":""bn128""}"
"ESG_ZK_2024_281","2024","1","2024","cd4646a58dc847c9d335b5be4528e6c3adb3e2c7f738a0927de063680c3d8238","500000","1","8464591969894772587970637398443806752824435193569460732254766106705288943282","{""pi_a"":[""6353699612228411078180100103099721166915637457472655546533673060057603937692"",""16606691979129867134807196317921863286951679460008187087911201729021187157864"",""1""],""pi_b"":[[""3521092238909025203409297457687896088289143500319903508868182779250322730025"",""14861590833460544021361353956716577261400611954368909115964711814186334397758""],[""5850213838689282890917875138198012810483635366388513442093563508706794639160"",""15015311153461261822281389694731142783176573342205047311885609582115506811695""],[""1"",""0""]],""pi_c"":[""14751625079777732957680495148145791964539821267272781680237357238729165215692"",""7433315373678664178068551483158026037061337391204273693282453782258812018026"",""1""],""protocol"":""groth16"",""curve"":""bn128""}"
"ESG_ZK_2024_283","2024","1","2024","9d7b32f2121da0b9bc0a5704a51a487e41b5565f6d52194cbcecfef114bcd955","500000","1","4212958185656714762995613917113230225455179253159834939737088276562766760171","{""pi_a"":[""2745266454644154078506943065483679538843976685937875207613989303749760823577"",""1366185956784068590580394426014198371793474974402622610782696083713380862391"",""1""],""pi_b"":[[""1497629053949637467946777705425611084784745582910227208735492892308182174098"",""19651684159542643001227649971806905941943046040685771073732527997438997455668""],[""13512686293908923797855764966014184345176058671200335460420128701658812035148"",""658076625078097305858801422745333555092282074486835986606703047364908219440""],[""1"",""0""]],""pi_c"":[""21095492497549847035273561636254953387694104569291160915318106286635053069764"",""7115099210615056725807944782437818777612548314200776412654392423116471288470"",""1""],""protocol"":""groth16"",""curve"":""bn128""}"
"ESG_ZK_2024_285","2024","1","2024","fe2ebd83ca0aa8e4be84b386da1d781f002ed5b36fe32317859187f5fb4f3ce7","500000","1","21396782900575844821940101419619509683004537192356016680427572151110859663687","{""pi_a"":[""21454525237587652889348655688074476045899241416627745903843794183884270666437"",""9884010025773324400039945433222546055131170347213105151986506664424093515776"",""1""],""pi_b"":[[""11257663581741846955591186726975917494608946627538611348632434913321002202828"",""16147051192085827075557429134197416056114353268503648558511716534872065836112""],[""15419252758057540748468080182139212325716875622710551736262234775196417467630"",""10781499696695387937375122611633675144877454745146078965172338939807190982775""],[""1"",""0""]],""pi_c"":[""6435322881249093873596622302795675524248170638989842019096378601190702703291"",""18477506571797628931006845494835787608537701636421001658265260215443747009069"",""1""],""protocol"":""groth16"",""curve"":""bn128""}"
"ESG_ZK_2024_286","2024","1","2024","85fdca0d69d65761ff0b557f1f67b905bb617c6660853bdaa63c3aede91b3d61","500000","1","11210486921793099212984399511572523788363897246528778089296211554676185439107","{""pi_a"":[""187159178676654021974470368789887990625388646797640106907733193574208486922"",""7813806567439369293372458403865932803042442289477911317906374110516966062517"",""1""],""pi_b"":[[""20048337420445247578712809760892790657214031868886512663153455416681298050667"",""20601156542570033303861912993289331943853518432628752020592314591532044813351""],[""15171960827277871642831089155399443175688395920980844589663835704071005641517"",""20114129611333706088619688039801224194385214608434274774232179579009155290872""],[""1"",""0""]],""pi_c"":[""17245442240938304841421956185562862162043086130695264051609966279670489844650"",""14125050435641852439832197214446848793684614332112492524389588331086971366619"",""1""],""protocol"":""groth16"",""curve"":""bn128""}"
"ESG_ZK_2024_287","2024","1","2024","405c6a6ed4d281de4206e5289fb3f689b296742ea1b1c4b0d1a1a8784eb3a78f","500000","1","20576331743402847343373537973204618228771711453061943961885064887515347724957","{""pi_a"":[""8870672396052442372908225884608282045267259324296686854231643646264518097109"",""10534970482127315612089068615428358517753079864724747935960734070603479589947"",""1""],""pi_b"":[[""10797672726441558397391266396956947292914186057832064654116694785582788491852"",""15307276332344143290948281351681099846413168060737660632735124503118119240495""],[""10324753982583487041935990493728846282410955272094570932935285741887823060199"",""5722268511624358075802899142783046613858130257441031372426241553658396610379""],[""1"",""0""]],""pi_c"":[""20347759905425913773802263212598669621068915245181252566745321300190941858407"",""21356202143711863545528130977996703330210773070542688122032627312472601919528"",""1""],""protocol"":""groth16"",""curve"":""bn128""}"
"ESG_ZK_2024_288","2024","1","2024","d893cc669198b3c8c758f85b55cb29c0647c51991a123771466e04c38f6204fb","500000","1","6870296481830403616332323616538501777952126882339660485015198746337130969723","{""pi_a"":[""21336124379234043061132644597360196869507459655914683396013642320774647632766"",""4731952076065790017149472372929202281381243164733147153644760319414389569412"",""1""],""pi_b"":[[""19459637165389370563385277039109765871258474978426750017791824884265017564036"",""4150627295283568546426109152915760029477538982339035657247992236570148687086""],[""19607661418972112187101542574166253723126470283574767155606644803055065673760"",""3228834922021728443236634077981965445895343442023317407013861690680393734570""],[""1"",""0""]],""pi_c"":[""16125055565836142151821660345372088951846565601076555616330654532081190765450"",""10499000804721539553022365161245676941303949911621050923868356463503496081848"",""1""],""protocol"":""groth16"",""curve"":""bn128""}"
"ESG_ZK_2024_289","2024","1","2024","bd16058ba690498ca426a5011fc22d594b7697a42089021bef02b9e54bd22d46","500000","1","8860141664418438812673614884287266545209537039722877017174157236145451652098","{""pi_a"":[""7883170595653477326114998491119407162647221533747289374968320349190229848677"",""19982481781529699950815793729770024536082367648727075763452892487710124849970"",""1""],""pi_b"":[[""3120461542859264491739756930362179221010956448669566235130360300230204527786"",""18852485929753563018498769433682741080260989343066264940837344024361467020727""],[""7188743662490525775535430797997255423329895548000941065442666055008012272029"",""6129167197528922299664460579777054241793177763559389157771438538851974963150""],[""1"",""0""]],""pi_c"":[""1077978041460820102785062453884993720806508673818461936883911540589698612302"",""21622973514416716821811261501811274435775453306586923166271384282435317080589"",""1""],""protocol"":""groth16"",""curve"":""bn128""}"
"ESG_ZK_2024_290","2024","1","2024","76088c460112b30728b407951d3a256f41cd80dfb356ea21e6059d33568beca2","500000","1","1074136683626299913219127909022261750826387000291146548922399953937733025365","{""pi_a"":[""20443796604975610989923995367675917514945324474383675579284699148762376314529"",""19739710552658866006376255164678862292203817472687184813962641928457920564738"",""1""],""pi_b"":[[""20347027365892896805215839926170777976124971471058714543439690487351009876001"",""18912059517388696311794750959479470805974301980093677056278775658763535067509""],[""3057067601942891367939304285873890706814255120791120319297589083029299918149"",""2186167041931780839049954936597618691988323648053026523681719759385093352624""],[""1"",""0""]],""pi_c"":[""11243242761379951339854875324427260558248897767019606770607454115655940599603"",""15005238549380662682469803735306683406368521820098448173853218328641876820678"",""1""],""protocol"":""groth16"",""curve"":""bn128""}"
"ESG_ZK_2024_291","2024","1","2024","d097deb226aff1f352ec935dd0cc9a7acb02dc23928a701e74c2e1d760947890","500000","1","5538602125366512446924326972215646021627578618054194732685235707892027150311","{""pi_a"":[""1338000191338745186180173927974182109941260649174244944997945487838101334588"",""18494448276537894532483050165244558401709715764390409078513380549964749896323"",""1""],""pi_b"":[[""3910720888844261948436593977095748932479012362379152394792602238307214084562"",""9334154085661815760182097530126260145644250321529434191777449425039192652679""],[""5622100247292702475767380866651644226110849891642176524141169762625513405538"",""11112851075096160846749978368994173593354526728187322494032130136886022058902""],[""1"",""0""]],""pi_c"":[""20457200920149299863603566617414613017589461971755128849578894389448289317159"",""7619783783673369976448338461521814588015165566600273422859531705428024954532"",""1""],""protocol"":""groth16"",""curve"":""bn128""}"
"ESG_ZK_2024_292","2024","1","2024","477a2ccbfd63238b4bf6fd0a89e4a108416647e79ef649ac4fffad4c83635c85","500000","1","1740991198304786246561276350750485556763525532102305412387664791879655848875","{""pi_a"":[""20058297571102429748784129416933817389479931403096730817646762248859340413882"",""16520288031425375746914168783343987722990501974787490992289987266752445348823"",""1""],""pi_b"":[[""8142402522136427936285463403538746026153798616847000980829357749223215732329"",""16659024886361634800366588678119077822331671262506690850721544644616449342332""],[""20626310961281007990069299016566935194219756658839491549712560055420778368811"",""6650160132826168847026781424167990317549347740593603005163636052123018790572""],[""1"",""0""]],""pi_c"":[""8338063421168546130921549042268147128255907531787592393856566998544317199032"",""3440297375014730329057470395645048827722021513349426934622200863342601965891"",""1""],""protocol"":""groth16"",""curve"":""bn128""}"
"ESG_ZK_2024_293","2024","1","2024","b44e4d680a590e81c96be33fd137edf9c2b82f4ca63d024c08e5ec2923b3edd5","500000","1","12638849665942365870270930099926600212072615820355754468990585834885042874234","{""pi_a"":[""705311588539985724583704172351059540250431576664478228266584540241764290643"",""6909511474481118775573698023598532197479688384420204695169735646599266701740"",""1""],""pi_b"":[[""18730651081547820340336043900993050056950582112297959835279074804937029406261"",""16856278947953754069797745694629664176598316247300179410126421592205005607112""],[""3295638356903639853510595974134399641548651703249898175001056391477750232351"",""4557892486627818200095507606932336255841106667104491769773804464894417267751""],[""1"",""0""]],""pi_c"":[""20837045933827407003777213930073102786853794318999267443998477372360804150687"",""1060639664200223928209425972627219590040144106085143734930238351340328154579"",""1""],""protocol"":""groth16"",""curve"":""bn128""}"
"ESG_ZK_2024_294","2024","1","2024","1f7eb2daaf299c5e66f3cd6c442af61c700e65100ccefcf2f7ebe75111dda48e","500000","1","14882261358060026143476592762302525712397052227034931056487292241368042351639","{""pi_a"":[""17449495016439296563169154554483292723317121415132906950791120305842341622093"",""8951422930945788866502623466125197456652639958311220021015408193614523686945"",""1""],""pi_b"":[[""13558386701578764092938857499885164678686449176549944046535738318060597551957"",""20173672664519547945063674679459166030429797294631370790822051549442314657273""],[""5341878960696094664658922374348783746454714981910175286395023007650479838616"",""4020640732326537981043405217187551440826221914270229067169768986116174553119""],[""1"",""0""]],""pi_c"":[""15650521169379920951866522804294493749093853479479219439053582635769917848469"",""20890695174563336319297595232321047822845131216806391531492048873087601566205"",""1""],""protocol"":""groth16"",""curve"":""bn128""}"
"ESG_ZK_2024_295","2024","1","2024","945c25ad29979e9b04c96dc05c3fb36247c5fc3e9ebda9cfef5f0c614c56fc91","500000","1","19249382827014747773683014004273614447793572409449465621840759469853412248563","{""pi_a"":[""12272880473069464799216146523698447398621487513100711149544139836137905722511"",""13519632559716470740082559943670328582836931531136736864596300448200005963898"",""1""],""pi_b"":[[""2308162383025894737758306931961226732226510637021482119375532993315331641575"",""4378831562596269261663235828269784827491582844724728340179873294197149555823""],[""10254687117212798997543715057542110192664526173068759711946473096026073678475"",""15706913522800193899739744411450528086097090389461367895466230214843732103412""],[""1"",""0""]],""pi_c"":[""7617411247013678680795874735131903005761613726288939910394764428353471634800"",""1664808545149284946454714960570108590072109334841390598472130146464870011018"",""1""],""protocol"":""groth16"",""curve"":""bn128""}"
"ESG_ZK_2024_296","2024","1","2024","5f031f614c1f87729241d6bf7e6dada095438682798e29fb7b7c1b8bd933909a","500000","1","3560188808244321928276791184696106721022573416488886513407487513428979614293","{""pi_a"":[""6386409015199172635106447221481514497417636326659677128933701197404845819059"",""8255245328061778711124535794845284365978095427711238011717394988130202957051"",""1""],""pi_b"":[[""11537822189574846074822345392105378800500775978113518130421413674675102182537"",""17808684110753949451237887286485499907258560764995634554118377900543170868210""],[""5823572225533217543018725287186998593349116643306018494274544585753033967622"",""17513012487774501750789113662062142169859348591328745279527638097858180247477""],[""1"",""0""]],""pi_c"":[""3073329095686437791642954751137240693292614497366840307739401719301429578460"",""13819155360506821181538970592052984580791198849461252429787237070268743832470"",""1""],""protocol"":""groth16"",""curve"":""bn128""}"
"ESG_ZK_2024_297","2024","1","2024","d501eec6f17fa79488512f04415faf7cd91527f1390a4f6bf958f1712c4acc7a","500000","1","774954802793232071567708333977351340761021410661176332732082425593055816022","{""pi_a"":[""10069592385680018164040859771359050496881458296949369739879367229057386629680"",""5573929694308300038919353238922752401698214946419209416781152542672799832110"",""1""],""pi_b"":[[""1684460692293615676451878538480831093366137725813749005617196231434127297806"",""1244906808180528224142466858585585546044772465299286766733109080931055450407""],[""21745780287136529768300775514790255179350316247381887326017725856021134956094"",""13826923878963606100842960771016766535797594730604525870361602820032861530442""],[""1"",""0""]],""pi_c"":[""12484627666265604718606413966025640194938728712120060580886916316456820756232"",""1808995613449507416396438268033827438782352503720356271147705018040804239598"",""1""],""protocol"":""groth16"",""curve"":""bn128""}"
"ESG_ZK_2024_298","2024","1","2024","c712b844b8fa4f2a3a3d61ff1c36cdf2b016b0f233b3876c931d77f0a5829d17","500000","1","4425488706482916539656178366929071909146034531028855744436859862074611547303","{""pi_a"":[""11235847329069254731306205860682933293220582588953898084568220160815746984083"",""21827604470695302532941176274087777996062582901151022649882147016649122056938"",""1""],""pi_b"":[[""5586447328380845763542962403475159544313694159832470913573606675003044964114"",""12851149855461398424085284262463039449262359280136225651728223395240025770083""],[""11105397205669818777447255690155985047882477719176802090338715763500289409629"",""947008555958642463195360208331459429293543121064102313153671666203181123931""],[""1"",""0""]],""pi_c"":[""7205316974698267214956172312416016824129288717483010564775630736434140968569"",""15372514813533561769788741458167250249586241237386807291641572359412400405232"",""1""],""protocol"":""groth16"",""curve"":""bn128""}"
"ESG_ZK_2024_300","2024","1","2024","f4f305eba317c00a837c74c4630dc5a3e4b0827c45c00b570ad69475a91a65c7","500000","1","17629356928498328641636240576875609166843157874265604639441602535992510287263","{""pi_a"":[""2365527691384606824708498645590002491564403457782060692590746210948904206761"",""52667832047803051437435243557482361373331116454708050702149089036896047700"",""1""],""pi_b"":[[""16894961261455064509327675458493223711769319424020800338182380820839638396571"",""13343493394742680088905610354239575912844203422815290398678020736085227325413""],[""1050203282786214891280289327340121395786548509285394655924217237958173623781"",""6504372953899515908175880625265877878137191415404339202455530733846183877566""],[""1"",""0""]],""pi_c"":[""16024190864699820257685921343670997724383183121487186195071537156065707528826"",""3910706661262963724322555665812698171999256350951673376880373047758752013802"",""1""],""protocol"":""groth16"",""curve"":""bn128""}"
"ESG_ZK_2024_301","2024","1","2024","73472be646021ef6e7555daf4be290b00cc8834a5ebf6aef09b5aa6450a49771","500000","1","18399063192689228263863695453827892682003457138471920550458683784874100332751","{""pi_a"":[""1049994121887318384958730221724637531530788110034384028724672707000592214243"",""12288875869226865152995840802734442290707150729148875652651625967095086882606"",""1""],""pi_b"":[[""17048059277923606365489210810905333879156178921087335584761862422505093910459"",""19360346743974306280377872632366636876019710196036676700121610031672965437069""],[""15017491775321579208572721373835281353917263172022403115721115335682427840594"",""7400892557024390248530538419507588367092784093696200777371487787769647864468""],[""1"",""0""]],""pi_c"":[""13183800521193681541069869139934679992587151482431578012508505046706222734491"",""4565305528536740131737063861137893359687629760841858673467994801450759371643"",""1""],""protocol"":""groth16"",""curve"":""bn128""}"
"ESG_ZK_2024_302","2024","1","2024","cd3271c177ab0ca1f55f7f75baea9a4ae66774cfffcccd3e59e513a96b651f53","500000","1","7263892132786667796562172017213552606474655838333169979202193484734760539266","{""pi_a"":[""18732564009053472987701433171358901117147090776324973720677555863585310948577"",""4135072177055346702189424616857707135512259377110486873623457359393011224209"",""1""],""pi_b"":[[""19140339025413013304789053273057780440046900452218870964236339513682480858385"",""12407143995420108746109288728262329274575247318109720101243390213835491479529""],[""14278034955474447295950581599061482408497161943920581017683324180960937692235"",""1440694545939574983211875058266694649232332425882522987511766799119695740630""],[""1"",""0""]],""pi_c"":[""17061984396750682031351680242396336616000333402929933063831725451174418828010"",""7637654381575885285303127176557846538285750635106103497244865438563648803453"",""1""],""protocol"":""groth16"",""curve"":""bn128""}"
"ESG_ZK_2024_303","2024","1","2024","cd3271c177ab0ca1f55f7f75baea9a4ae66774cfffcccd3e59e513a96b651f53","500000","1","16446628418296245004911024949131234630616029083329880175140009022569305770212","{""pi_a"":[""2334439940269692937280892625021564928662225149946479667236911784193505372977"",""5561528005357567894270087471543895743123543383930815347565196710076741027001"",""1""],""pi_b"":[[""970458857362999174096096814174925133696084330332899611006654672841354945864"",""8190973630563863950308512591508665862088931414094122796745300589848193333448""],[""3471887500110100289585596333628042541055791149696015641362448485914016852217"",""9092632449313487586734418871925387816435900619437363402545348127847471812354""],[""1"",""0""]],""pi_c"":[""21585654411526019612290573021379783144305428790960421184715126975854625115752"",""4418816851132162580482180922377140147753436329565658903117521474519719934585"",""1""],""protocol"":""groth16"",""curve"":""bn128""}"
"ESG_ZK_2024_304","2024","1","2024","42125c1b82231303dd1cee6698eb7d30de65fa48acaa74fee8366f8e161436d8","500000","1","7936971434122472320018120295241550628601308063812200093175198497937867594330","{""pi_a"":[""4473248373497750412257016747878069239137320607619756339297438602814903336466"",""1623658612143179812915241502646637970951648287631763965086956296643672695960"",""1""],""pi_b"":[[""2931954261099919379311840070265465498453543675816419943820600186425753953188"",""8776215977597381022966186538829599581286784572941375226536804119159046298417""],[""10869234618588652887862439105915392775040618437253548987123335141778005665553"",""14749657513386279855733679708232324665382357088657120052801668884158026231795""],[""1"",""0""]],""pi_c"":[""8458581602891960980328228666091686534263579057046327488832305914037404446174"",""2144667977651701280800793400879387783545785938662040689412536470295621225953"",""1""],""protocol"":""groth16"",""curve"":""bn128""}"
"ESG_ZK_2024_305","2024","1","2024","c445c24c529ec993453666e0b3ca8e72441a1e1997390d890426d001786d08f4","500000","1","13441147421707029530709135769760522717541448646502041561886598984435037050766","{""pi_a"":[""20768355355008116898921903862530554415983149878799291002459814473051378656122"",""17986833502411411109360777837457111896471927577228354164498326687342521831953"",""1""],""pi_b"":[[""20054545431424480152466709113156132374647345244012759780953529303728237308638"",""18216192652519029648302074747060050730931378993284295293197205358331478830402""],[""430022585930662645232649090631855975356704690295414306981363152398043528410"",""21751889910498822455222635509297888490070758398358176583698402391280840732192""],[""1"",""0""]],""pi_c"":[""3717177417700801014256208441835586319817372975592442629993596556318342644956"",""954133072296155342316084459054553446492891370905736562867672258458106551878"",""1""],""protocol"":""groth16"",""curve"":""bn128""}"
"ESG_ZK_2024_306","2024","1","2024","0a3b02455109fcb560cce1e30c3edc05cfe446104ddcd59e4dcb3353c46058d6","500000","1","4815277848015298384492708962770421801096385761851534064124420184093495268085","{""pi_a"":[""19889138497148641278965555779640613466589908375596394506467077255158825995733"",""8136160828585022527136615602605488185258253568148134792659192471547702961570"",""1""],""pi_b"":[[""18187825704840812207094130996648895738587294874898127687210353318051797138932"",""18956060695883143238288892170200177705042598690718653951535533516646128672197""],[""19657203723459368231214322817266496311436417650324550559026058821402564393995"",""4608430428850812270212329323287302982122102789661213581480236625243539129708""],[""1"",""0""]],""pi_c"":[""3134927267623990530242934282593378433212534783482443974354393654401388676011"",""16034148619149942383627730008668483264989336950143034220038791216931814750681"",""1""],""protocol"":""groth16"",""curve"":""bn128""}"
"ESG_ZK_2024_308","2024","1","2024","433129483ed88cd621763c413ee5a18f029686921f49ad99a2a5f4432cf0f2d1","500000","1","6672201509761718842838176231855341292425635791915065207574209058189886252675","{""pi_a"":[""3635185151852163050776281494628256576510789189443845406120813022639683279728"",""5387033538629115849557459615108406506270736350112007598569497893287727129721"",""1""],""pi_b"":[[""21570618508350000563306563653449758166854676486725604197494469251846409408638"",""13171065678063699632149248224594462991326369183802502302540780409466076452137""],[""21166707767909579793065451121481056171652111928030071059339910808683156499856"",""18836883491148002601017276769725358109657331550678815922739380255968329343201""],[""1"",""0""]],""pi_c"":[""20917399532837192400927329936188594622917338576449303880982691880791213763997"",""5903615362201475565225414128038734387726020859646857664492768054644902227485"",""1""],""protocol"":""groth16"",""curve"":""bn128""}"
"ESG_ZK_2024_309","2024","1","2024","af7f59ff6cfc6f66d232db473e894b51b6739f1370b661cf81f33cec6f75574a","500000","1","17096394609370327060737636022441842193630187938902854925199078005035293514891","{""pi_a"":[""4135290924499144116207095165505236505857586901445565893437523626724976959199"",""11408932768580345542648558034631166713459603082930281850152629064807003505911"",""1""],""pi_b"":[[""18954759840531965088754830314334804694760704972190179333748821252365615149109"",""6192624678596712223416800717657172854558580613647198262258114083623686706652""],[""8183255713653308931508267580467328017043747639650588284806443968953887797008"",""10994834942219315968894497523355094477516956492046003205880044092286762921823""],[""1"",""0""]],""pi_c"":[""21668744431576306063276819092185466281529849206348744959099307068571516348088"",""12052395373764632939084884443610292443528208749593033816176761114519294718339"",""1""],""protocol"":""groth16"",""curve"":""bn128""}"
"ESG_ZK_2024_310","2024","1","2024","f5d09c17f3ef1abc2b72c646ef531611284af35f1d980f5eda78d2449e60c94d","500000","1","15918649290315729811105257145533717954287247910292647885999485801270655859233","{""pi_a"":[""19694660969219892782419769882623355188938094344737317994909495865973224548433"",""11733139003628618905723658939806602621404720408931184060598448012557431027107"",""1""],""pi_b"":[[""18222465732334134118419810397010837762479548500791448922261284664699439797538"",""1835441351572738141367923968767445747526066895348228998723354276405543261368""],[""5777373402905403427438811014643732322807301355785479490933226187498428136449"",""12977443021471303373501279158541709813845893988745615858136307905962094992059""],[""1"",""0""]],""pi_c"":[""7696377344877968530072277351203688614109335959832509261468274942030073422539"",""7917280362383932870338833885117713289484564458188299164900495432398470574312"",""1""],""protocol"":""groth16"",""curve"":""bn128""}"
"ESG_ZK_2024_311","2024","1","2024","6197155256a682ec17e66eb79651f4626a096de192280f34c0aa46f18206cadb","500000","1","18090569539650980386530199250189134968150775752300111904815983225042898979658","{""pi_a"":[""744956785704804949234171570913683191544219259514719378452351220602767932912"",""2003982287268310221538924629037242983099570754338556022044842830093173796685"",""1""],""pi_b"":[[""6854628402134434035207623034193367855763505161893803142572412229282334416692"",""16456313657940136283447650825801116422290366312274102665182062025686578056446""],[""15009480239533619275409484029874105201952209713337892250100607776446261085437"",""17047777351731811063436749204263055460248896649866241469622746906158924732695""],[""1"",""0""]],""pi_c"":[""17733042282717050789278916375536332284133354873080520430596982402221318294135"",""18064264526024283471237959974346813512760245782354433827445236113519139417729"",""1""],""protocol"":""groth16"",""curve"":""bn128""}"
"ESG_ZK_2024_312","2024","1","2024","d63c22161272a4cfe306f01aa7604eccfcbb30b117eda6e77a532e5d7500f7ff","500000","1","6344251415291772223149752853765447021360634912300316792152750595462920468212","{""pi_a"":[""18668932965240542442525870774239483302295353371822456620051097691644244854218"",""10617802398563286082033819601598602945482035483797529463093708982231250845105"",""1""],""pi_b"":[[""15829752142293390086407544476870268707555545478419606900848222090209519938243"",""6385527620854663162180108275392493210385844601387660579918721962430723931810""],[""3397916415021538253712258525702449721698136366313936138539667388055146432486"",""14408266721437221573265997689113853490450625823141420244112430656133615725782""],[""1"",""0""]],""pi_c"":[""2603667756526462570776897692106418827238303155840738253293786398330001085726"",""7265253552434929611459624656170746615227409770893818366032635519576359531973"",""1""],""protocol"":""groth16"",""curve"":""bn128""}"
"ESG_ZK_2024_313","2024","1","2024","0b684ab75d8aab37495c579fbd2891f359441ca6d3aa1b1006853e069cfe1f06","500000","1","1697913898905739178120818891559231705292832380921956516077355272654378629435","{""pi_a"":[""11928735107044545132919097618140137355451927616413179564237789737284962207687"",""10679296111217932340670864574248919334829440458597746997729486202390512187745"",""1""],""pi_b"":[[""3722063393602720567766161940067574427520677958819283339463409815586351434232"",""716789213371421400658951710601419293974703164849989007063082496581264551525""],[""20521358011445690669798287869832569348971078916668359635482441343213960387278"",""3757459627633012747496697475901982178483101143761374780248482588004656141258""],[""1"",""0""]],""pi_c"":[""8085034320654732446928402195919972067615217618692132673972820042022679761774"",""6353189176378719261147477711932138410293797746301242830917637518691598176401"",""1""],""protocol"":""groth16"",""curve"":""bn128""}"
"ESG_ZK_2024_314","2024","1","2024","1f07278c7c379f941fbfbc1563a6e1bc925cf2ebaeb051c8ca30d149f3eda4f2","500000","1","8572973903635515326084378144008167788476817680412957212325723941106456098841","{""pi_a"":[""16341231644913424166716804830677562693668309909227249679132094747054612738968"",""5749238897588966614516499585674304554829128700357220110836021790868739774319"",""1""],""pi_b"":[[""9897188785882094179061092976350186933292213749936709181158929877287854634159"",""8475316933762499667999135982013468250935709836359896636310093599122766145306""],[""4390558109911191054010737046902371126305381119675565545731178392080784821529"",""2687282979580948218033890268131944857271861486840809457059014768363885690474""],[""1"",""0""]],""pi_c"":[""15951132743418646951391457791557878243910766348899823651346647685285022977746"",""19747335310598569118949577894962634595060261172802259813132782254887695613514"",""1""],""protocol"":""groth16"",""curve"":""bn128""}"
"ESG_ZK_2024_315","2024","1","2024","32b91a215fc3dbc3a513a25efe8e040accac70c79f02e134e0242bce40bbdb8c","500000","1","7548652672913803522839173265447529410729780720215683370785818915132387456199","{""pi_a"":[""19663540945006308799304952322215045512541527729974903528070099354561614265100"",""2321777836615590997884333127121223711171880017392397573930620515763313345764"",""1""],""pi_b"":[[""2663556299931873582122552091271421600894880905539885059629089113540487708084"",""16931993037073643263845341126911622104649188338296314950204570388197880564707""],[""3757422249602737895730921455535114308878856111245105844407684773484247076562"",""4708175388361066438144907543619883726269132300736458495577885697364508125411""],[""1"",""0""]],""pi_c"":[""21073693037738833394981993525775182314034012829956694460402634831500299254891"",""20172910031881156971427995305301419801980404147163214815740280488641071916213"",""1""],""protocol"":""groth16"",""curve"":""bn128""}"
"ESG_ZK_2024_316","2024","1","2024","85fdca0d69d65761ff0b557f1f67b905bb617c6660853bdaa63c3aede91b3d61","500000","1","5546267482324999037613308007701204973636720185141117074748305844258077916692","{""pi_a"":[""4162468254611596987599079529164272795827812143407511960270331043954322168631"",""7954160262153596311931197044036773647160525209662215860936104231203900661911"",""1""],""pi_b"":[[""5633800764380831056751047767309745037149053345051696829881275650049904948698"",""21056637196076386103043749390080689863037425009968883902640008339328001869097""],[""4470679066995878117985375060472757791444448771193711472775468804036574655131"",""9248076017738902310684811943178928517823546924805539343929532821413117091552""],[""1"",""0""]],""pi_c"":[""402530804211768716673950379247595788320660435325597391547440129098408213198"",""19836700209586211929522970383030603910572748808355487357486433592010570474898"",""1""],""protocol"":""groth16"",""curve"":""bn128""}"
"ESG_ZK_2024_317","2024","1","2024","bdb5663edc5a46acddf688aca81d9c7bef7cda1ba5aa34e0b7d7da930e893328","500000","1","11602771861858848754420459442761971403753884489246930734476259864023604589965","{""pi_a"":[""2037663160675997069680933149622507013299634348428361234190106994324213251511"",""4508367370995524313063432391125250309759118138351848482986912039704249286689"",""1""],""pi_b"":[[""15219589430679837285233209753886184820323866978484090375591414007060256260329"",""1533146691418576838354182758226451648623053261860051653394089834468336324507""],[""17093312941016813278330224696502693012483780864047631677325250527825057313982"",""14212212221321495831012851402235521601153471111575418778950517098932170378548""],[""1"",""0""]],""pi_c"":[""20717300100334642959493083682904432850663406344744964616958171274342145821683"",""11650157125505277978818790989551444360745766395297326403304127772539281567242"",""1""],""protocol"":""groth16"",""curve"":""bn128""}"
"ESG_ZK_2024_318","2024","1","2024","d501eec6f17fa79488512f04415faf7cd91527f1390a4f6bf958f1712c4acc7a","500000","1","4994461854982290267369693150575581930479010748581535346053648078244526509690","{""pi_a"":[""15475264713390075705706552151781433230017318114206101834061503985811690424789"",""21320564794417558572658948199522361491179476880029411757273785944010742962106"",""1""],""pi_b"":[[""461445525687943264089768596017211904290033857068920509007855994040114256168"",""20597611067348340422429073765619431700163963388794635448929299634374733183546""],[""18001555259178620179842251187384811972782522234214082594995165756869324768966"",""2140201780147867456100429389862519881772614708871813562040323902627794370943""],[""1"",""0""]],""pi_c"":[""6255934677082489485059381449683232670078625410545698605573348318191030543056"",""15298661541907008568521430374733608992232676742170139166414064009188596174061"",""1""],""protocol"":""groth16"",""curve"":""bn128""}"
"ESG_ZK_2024_319","2024","1","2024","c81c851408e8d199677b46363cb1c2a4d8ad3f5a064eb241988b3c3324790197","500000","1","6977109060546868577030307832676505213472289323678182194940660263704201963747","{""pi_a"":[""6212276377940191897166977334426993932658012494193897742882978673322290324842"",""5923578744961051187127846908426652329922086830065272204084637895470189062731"",""1""],""pi_b"":[[""5027009206282194906923632039113005816753166624773971712495613188873641967095"",""1809926877171022511977779351608759602934412306133490440018339892757431600021""],[""11304351497315334890760890245242425995498104746919007880496442687902787738920"",""8280944344156559362567849149787643251685874374490156134762349682212489127167""],[""1"",""0""]],""pi_c"":[""6521144687763601193657736713966372205509803296248136139451204402285435534191"",""10280221998558493203709826584713776643262884176666256705036223000925113639558"",""1""],""protocol"":""groth16"",""curve"":""bn128""}"
"ESG_ZK_2024_320","2024","1","2024","30919f206e927da556cc8ae61347f36a1f77f8460a7718e1f6a0a5803396f36a","500000","1","16210505143218990895884445195961102456403201188031516029509949930951725363621","{""pi_a"":[""16779612132007545479997855252921251385372418928477886820444147512489911569425"",""11820873025856533788595373051933729778015715318843703907226823980097847449892"",""1""],""pi_b"":[[""8840216352558350572015205521693729100246329422188422988679744004829496011835"",""53622268201670107522532700876819011086018682724853679796545024816753837190""],[""12985511656050971388869524081304145663922198491459964327430087340502986917851"",""10485409700195473400944555509061333263109730631646146652668749700019823486944""],[""1"",""0""]],""pi_c"":[""20680934808068771282733959888313074140025855060792317399952489224002657485821"",""2025429216172931686630799050153272238152318582593604042456673522220839061714"",""1""],""protocol"":""groth16"",""curve"":""bn128""}"
"ESG_ZK_2024_321","2024","1","2024","32c875fe67847717e2468ca62449ca439b06d2d61439425df2286a47407aa4b1","500000","1","5973992648860343292297343276292993340613090583640897956622179793344594382903","{""pi_a"":[""17471271384344758790359853940763085293171607611402905124679690421324910472178"",""1258653424643374913126375343792899224203258305400124461861603858138708050520"",""1""],""pi_b"":[[""15298750412195293040802419427915869983962444334222547130246178319001086597913"",""11950705927145285024130055788734744232335330985874006314105094971222495414248""],[""10509855335630929588116962680082595309135427420974834784919475408874216927250"",""18969292546642629457100319534822221886290902506449520772032085535237032950296""],[""1"",""0""]],""pi_c"":[""13367203370874295635056645356259557202513296906183197427506991644090721171465"",""714399305606978262036044996174495639965092547902146340060032840495183857538"",""1""],""protocol"":""groth16"",""curve"":""bn128""}"
"ESG_ZK_2024_322","2024","1","2024","5f031f614c1f87729241d6bf7e6dada095438682798e29fb7b7c1b8bd933909a","500000","1","21671808482090403011303463299773611532566505287052122518462937232258045318705","{""pi_a"":[""14243255356184798111058182641727683071507962215583251164054004146932234866698"",""10803809154022223615352848262675457840975534685568238109608724310933294572211"",""1""],""pi_b"":[[""15696560161424813095942904903598071074766880031768556303031928143572394640041"",""7529319416873181956523652886817314563107945767351277664113494287163784410303""],[""21348602725583883340660094597031187802420344947193088313429546470231895758242"",""11015942580015351443156795457662097175553613248039220191153206831828512251211""],[""1"",""0""]],""pi_c"":[""10407048236331411684315851463004289965603956041316931466326598582976211987440"",""8304046278047777084387716958407885409770168254491278425818767717065083962226"",""1""],""protocol"":""groth16"",""curve"":""bn128""}"
"ESG_ZK_2024_323","2024","1","2024","35365ce0aff9f27408505267fcc352e603021ea7706707c1c4581ede1b8c634d","500000","1","9954953238285895771484727568156012815765048539987080988384473344324233021156","{""pi_a"":[""10389464747639192037405594215590094562356459886542079482762607090169717783251"",""19570280321958216256606138012318177817426629606559283461746378671038986384325"",""1""],""pi_b"":[[""16236258395605799368359039053766473627942865178018502601454791293925751694656"",""14602258149840633985210007749084016456256569317043585258090209617500011098260""],[""13697100707603288998495099998131889341777388452757416147465669939366228502817"",""8844852883998817019084455647970344243581265215208765525005687924335303666653""],[""1"",""0""]],""pi_c"":[""15304655229353929659347906021171112645304235816732231990530387908563315418852"",""12433192509005162215955473680288121481146233679604645636854863476311563236229"",""1""],""protocol"":""groth16"",""curve"":""bn128""}"
"ESG_ZK_2024_324","2024","1","2024","b44e4d680a590e81c96be33fd137edf9c2b82f4ca63d024c08e5ec2923b3edd5","500000","1","6342292980618117407210544535226558391260080279318076697019312551350917836185","{""pi_a"":[""11243244726624960328248792813943823906543241394564643542153069645128790042070"",""4186438106856282437443587856679886614745043113832655140404239537625199526690"",""1""],""pi_b"":[[""8669274864816462486331828232265208014561247779991764994169449312007797401524"",""12976350149549711306532785924288849639663421661264225622739186502931893005743""],[""12455852584608640405396357881086316825712185311012635521066781807515873991279"",""8201519702403291729256388458450730838912401382820071013856532715607176133906""],[""1"",""0""]],""pi_c"":[""17749812591928709865492858817474776067584516121413227293617720140090864576443"",""4640405532342362181133517536948046668478969533782519261390540004962320208414"",""1""],""protocol"":""groth16"",""curve"":""bn128""}"
"ESG_ZK_2024_325","2024","1","2024","7df36bf01d8de2269c668cd18e1a00816d07ccbd1bb7a270f61dffd960f148d1","500000","1","18941928984703569283199580612456301351002087544470835146236695311564544679307","{""pi_a"":[""9691654182409383408505892880969730891635342469021868386263549727138414052814"",""21489721299039764514625638994271782518380714897342486439678369893693061088117"",""1""],""pi_b"":[[""19709566617101223668842173640399687786826243950962467010758254932182297095011"",""8604296248406167134109780872793889554988000822988681735853072952569035401679""],[""1629791003660426922437110393637986549508174353847831016380489601691161789732"",""2232024812245302084233303911671472090739597631894174674577283965870401756922""],[""1"",""0""]],""pi_c"":[""7173193325983567434248366661657089670019639921278772329151690494026133044414"",""2071628082775841863068771151924719740118759310587923900969617449044332403901"",""1""],""protocol"":""groth16"",""curve"":""bn128""}"
"ESG_ZK_2024_326","2024","1","2024","945c25ad29979e9b04c96dc05c3fb36247c5fc3e9ebda9cfef5f0c614c56fc91","500000","1","4173416943922094773976342086071189872871810918872618191323422421271360171225","{""pi_a"":[""3208327681707007857366422998348840163961276180754256314901734326799362276257"",""7034000052964778317690668295981834602280145604922565271948079758979793226717"",""1""],""pi_b"":[[""10845158765190804688259227368609229559465715067668003138188541551044773357114"",""17445605473403195952445839454877391268209364673004136864123864190554968234082""],[""6680703651474495637480251328968955383327008168620816537273376902589783574857"",""17981175918457246441019899561296737996555011217940018230814947648635835461486""],[""1"",""0""]],""pi_c"":[""15291783295209577095148308822171132363439889262096937704845974967092001261858"",""12908894706062267587855984466207617303759218297271206935835940789697621798471"",""1""],""protocol"":""groth16"",""curve"":""bn128""}"
"ESG_ZK_2024_327","2024","1","2024","f5d09c17f3ef1abc2b72c646ef531611284af35f1d980f5eda78d2449e60c94d","500000","1","16489308508128001719581355387542333910479966367828546972019585426211285740819","{""pi_a"":[""14762487946703056582163064806006718699704371060263938427359801948752520226245"",""12307573170250333672260604965321910449862591592518384575351005557756216936329"",""1""],""pi_b"":[[""2469400547140830165663393122153515579148801729381313886033457039594211559251"",""15595444737493167795840542911862391371433987927316868878587954436953443158204""],[""7465711479307383160175872186084359774110079102056991691575932959015967844450"",""14359411686258432216153029820512032046904192228093966282274770303257020053787""],[""1"",""0""]],""pi_c"":[""11110193040324236929433989980903304130765149972551746787961996136014992446855"",""5773918268479228766483602835733800692206444060259359640850020492739796140918"",""1""],""protocol"":""groth16"",""curve"":""bn128""}"
"ESG_ZK_2024_328","2024","1","2024","038f8e4a6d58d0f0bb7c8ea3cef55958bf627b05490406f2553f9aa6708678bb","500000","1","16505959292624509087258988234559039737316020810636266243774199559415929057609","{""pi_a"":[""3719899986838453008487748711478899305896776556617679350297480415099436220141"",""4351227505973971364014200857235201580712670012257742163742071894914689247154"",""1""],""pi_b"":[[""8057019755361476791969876064533015535663089998654506439800266588088772095671"",""882535824321467976510768036731644178750278016259328394292437768167968625876""],[""21765566243334758219070762009930986273085537362233844195055755414573425381048"",""7673058161519864015960369460200869824435314150097606042751727342168664420169""],[""1"",""0""]],""pi_c"":[""8666283181565722666474128153342595224300353741893739004414528042289787907395"",""17605612716178444501514386464819062287503878271253256015405879153491055669343"",""1""],""protocol"":""groth16"",""curve"":""bn128""}"
"ESG_ZK_2024_329","2024","1","2024","aa9fcf2c6e0d56968b3b1b4249235e9e56314f149542dd9aa76a52f5c2e01691","500000","1","18543181986769584184946301482763637191601281948366776449401698347507919032927","{""pi_a"":[""1042127133748384487385517427318284810559822916005006073098367980605318501070"",""17793803938968086422088138607918218096387099713334612949557936016860995902181"",""1""],""pi_b"":[[""2860826621560665281324785636626439746421325478620583794036706826450969553139"",""12044454917390924046242232287236812980719882901640637937010129867006757493133""],[""4386874400598357685020615591890365955366472218644134544882593836223022730755"",""15811717125103412912291935896145723008314649085316942846295259149632544355304""],[""1"",""0""]],""pi_c"":[""3868402608000222707252706164272747767580541971321530057109177505412135882995"",""14881794214119699852413497720625300404704557744844539585019115612885951417709"",""1""],""protocol"":""groth16"",""curve"":""bn128""}"
"ESG_ZK_2024_330","2024","1","2024","f20eb008d58943496fb55cd1bab3977874037169a3d5073c6348141b85826fd9","500000","1","8441680708650613414654438460717530401053570357748790152821479119074092826683","{""pi_a"":[""21484073976185326237635336453273562728486627835638948110538050808240551797594"",""7718165310822465358405283303066433001874074051298748395539739825973655232177"",""1""],""pi_b"":[[""13893119352738756324159561566943606597807424670560461830273579118796592756548"",""11203919931044575905229686597296172620657592121175490858865151680504565845724""],[""19176506512898169718102706898197682614928577137773270855789671198596774083939"",""20673470672627275920621185982739223622137102767837257467441406714773927025195""],[""1"",""0""]],""pi_c"":[""21610109394546770495071808430536960992166827552018874417123745856401070661574"",""19468391592117539082027291888952644832488517916954899951949450419913832224853"",""1""],""protocol"":""groth16"",""curve"":""bn128""}"
"ESG_ZK_2024_331","2024","1","2024","c07261e359f62dff054b120ed09e7e6fe4b0f3520d4ce9ec4161ec4dfd11e166","500000","1","2360018814682272966255230265395117329163962616322487795578027360552440840757","{""pi_a"":[""15523722799956354069230817092836195899789520888937481985586855360158087190599"",""21484916419848884061638451536214508272305582147647152183648246765422167277265"",""1""],""pi_b"":[[""19723311396515606262740068421213100377329337650701478575312413481968239030645"",""1052747012917325047548081936292337478011188605243458907313269759423328694218""],[""14654699043046285531098027385062490280413962281111376949029092926540731352570"",""7571763023811030075186007412685192740798685741254153300421962439332788687104""],[""1"",""0""]],""pi_c"":[""1102217905815495056558146522511462128629788630214327709851029767164705398571"",""1230040363137641980220082137005169726825264226378031027413826435356490935995"",""1""],""protocol"":""groth16"",""curve"":""bn128""}"
"ESG_ZK_2024_332","2024","1","2024","c9dfb7d19a8054dd29c99cdcee5a847d1f48a45750b372fb57db158a13f85bb9","500000","1","19817043969709691240340932838468419915328204870198940038124200414892164013063","{""pi_a"":[""21298966080586422198149829555857319797102684111517853073263211812522985630287"",""13942745368942507445386246347966015963381771456043657204081820954920321065881"",""1""],""pi_b"":[[""14048089602504082473290529876034706220186871137373182057797016919472321050143"",""19977500892690688647452110402896729784238329192092358011709612488631906132370""],[""1607601565064471346753387080126979672269321789712578171867019532611886453359"",""12927371278262822037283475324156841064266469430692606411708596474639185512567""],[""1"",""0""]],""pi_c"":[""1545843446660224951052322435121468884040213334946269810668585804022840958668"",""13903183418159336739587294095186500652226196351226925919866521899134606329837"",""1""],""protocol"":""groth16"",""curve"":""bn128""}"
"ESG_ZK_2024_333","2024","1","2024","82d7b1db04410e612ca335f1e9d6df28c348b2c2365361cc6db2f225050988b6","500000","1","3845640774849405860654840952516086092236119815578739746114040039708505674950","{""pi_a"":[""3873860463367085575207935334653603343301034459600206784596352938455363288800"",""17436591374573586367954046883809532411171374010339087734027457562792463152378"",""1""],""pi_b"":[[""12175671435684722667809708611876408535441367450786581327064233928537062190328"",""11909662463973195446730737315505395411105913891870649791620781549068797679136""],[""7022389208007014657266812220127003566196887499729568931533878444473169912019"",""5163303423651828389410979129869441503619884720465638404812074841228043567944""],[""1"",""0""]],""pi_c"":[""14073047709243886033012493022597567368184519425164444505229804375762654572753"",""20745140800074373818895344400700400098024568994126180945722310066085858371529"",""1""],""protocol"":""groth16"",""curve"":""bn128""}"
"ESG_ZK_2024_334","2024","1","2024","098ce94a89c1589c1a023703475b2a0c732ba0adae775ecf8d0dee70fade03e7","500000","1","8873592639613037385750311265776630202700218299031065092724139514389787760379","{""pi_a"":[""20062367630993579188052981436579974528004489009371885336703838864571752781571"",""15950228318477421012289779667202601831579587656627395365480616720164519498586"",""1""],""pi_b"":[[""5321293032770480814318382367164284751869883186034468121886944221014147148293"",""19176524649789131105431235247970429215916222177838214616758916028154444941004""],[""18303325298065178122786236493013773255003680113489716268592786363486115367378"",""2436913288805734972204803073354297627944289293918640267327318979681995005327""],[""1"",""0""]],""pi_c"":[""5540714659401918622632198725640377844785293367138436060345853335565099771364"",""20130024934397073687950894684677630264289930236549638494402600128136044501242"",""1""],""protocol"":""groth16"",""curve"":""bn128""}"
"ESG_ZK_2024_335","2024","1","2024","32c875fe67847717e2468ca62449ca439b06d2d61439425df2286a47407aa4b1","500000","1","14108468083421954961895399075573055760697765734074385226877897602905115081439","{""pi_a"":[""4762294587729044825577604017343141537741123154778223210384391085774998396182"",""18836828965496433247432179998072482148646382767509000719981138986893906011516"",""1""],""pi_b"":[[""6672306089797829584557287885174370783104887754006532627373905023620313484390"",""17892012163505322745331036348951123173330565316582469203405275647305436671973""],[""10063313596444370666155770252015337204065102176750440723291417996162081544657"",""21369183967281271696986572213603325269331840803401603983139453096709432684263""],[""1"",""0""]],""pi_c"":[""10192185910499274101717954227437477745838243891528125284236741551201274544389"",""3304490721653815292998858448421222323309440904917017025399239849061769636614"",""1""],""protocol"":""groth16"",""curve"":""bn128""}"
"ESG_ZK_2024_336","2024","1","2024","d623b8417e36e281f01013470ab033f7ba4dae8826747cae10263ba03c91b6ae","500000","1","414379206266908298594145302572603809338675165811923966067825746902730612816","{""pi_a"":[""491479285034604995625401585448786000876096917814810973013170872293434649947"",""7826510030447011538090028753559365118197400529044418167639582232314374576961"",""1""],""pi_b"":[[""17227623358370040307542841379695219702633691494536675985680963979750383759796"",""15282346207174068924984450606775199923497657834327275230657227894415208912451""],[""6923395271031776163425013829835895667802448843575386635787600359416671617225"",""2898270916642585121242979480386569207251294847901613754279098377505411279443""],[""1"",""0""]],""pi_c"":[""4067078649011940790555882288861937726451095720921729090801375796607527541272"",""17615618430008685720624644240427346678186505241846179683246608026363197668300"",""1""],""protocol"":""groth16"",""curve"":""bn128""}"
"ESG_ZK_2024_337","2024","1","2024","d43a78af49589b5999b8bbf2bf4073fb5f6674665d1414055b9a230678cea6d9","500000","1","16518955874788003658875447050572129631173100877652624287201348641606658642930","{""pi_a"":[""12001123528558376322363118735843016819504757517524833929668944328086726259412"",""6089815858444645746717115650995580884127761235648975785296420244249544597694"",""1""],""pi_b"":[[""1378585587497989017507907746153044412186258329538613891870480426739221096661"",""11589808256116144811530718648184139327962731672845786315939270193143658283320""],[""10512997586698214867795266566148013062911863455750971027799711701636821473881"",""4484762458199796054055186648632978069865329425734880054847718424103141992721""],[""1"",""0""]],""pi_c"":[""14443843226430019258573511208716341128829272100515438242439851910060447969464"",""4352422233814983427629817772226239257491810304308387585647856172906707069188"",""1""],""protocol"":""groth16"",""curve"":""bn128""}"
"ESG_ZK_2024_338","2024","1","2024","82d7b1db04410e612ca335f1e9d6df28c348b2c2365361cc6db2f225050988b6","500000","1","11716451216014052061074615718467513422042120565909960984145288082488789371001","{""pi_a"":[""9886384894593431546465444783745088164242630390565410250074864756315484983031"",""18262158655898113939812724579288150511151782256222382370079365219626866334462"",""1""],""pi_b"":[[""529986633915929330322280247710201527949475850735999823414423033854043525047"",""3079137977483627267482887448853946566677633670494208556691071385606382350136""],[""10480939199045040372389649172975927437574633808373503808422076912445581799364"",""18185077700025051852187003114682230360672306228174098072315749741961261670565""],[""1"",""0""]],""pi_c"":[""11138324363690105781144268388810685073702442998370989624157918461798149728907"",""2938062008199760226551353517065371898513228585957396798193492361218501157062"",""1""],""protocol"":""groth16"",""curve"":""bn128""}"
"ESG_ZK_2024_339","2024","1","2024","e650c29eb579a94679463f82ae78707b5a635e83e52771f4124c6d884c95df9e","500000","1","2682425165759237733277233641900333577226561606225222396906226435788333532164","{""pi_a"":[""21263630505878081489645531368576342745926895064311472921217169839637611131829"",""8504913204146974238843919620326841071392337902078607461835623271087774574321"",""1""],""pi_b"":[[""20272343107541664277371374399935822668270483052471127767712702687245771436543"",""13129481539861251280851553797198780204294460388671541381027555642075665696835""],[""15073459182387585737697216176728914101615030442975764094929895501362585879464"",""583219025022647076311953952901370388758542964774698889254222151383876356772""],[""1"",""0""]],""pi_c"":[""20693248923464481671844878329554094623492616506535605105714604028203230238880"",""20120508597089969191118479721565332605183263938899595649162563197160550242416"",""1""],""protocol"":""groth16"",""curve"":""bn128""}"
"ESG_ZK_2024_340","2024","1","2024","394451a85fe7af221192b374ce062cce3171dac71cf2c8e825faca49377fc4f1","500000","1","10314324834117003511276299914453689823656896564000835608619548532953601480336","{""pi_a"":[""1032428047219245497849484948547960675136104422914643962522065065979475410353"",""17583242115763157638945552541291765156676290678043149439753444498088388642818"",""1""],""pi_b"":[[""11261254697946057405865302299978567719579315263090245810038409152156419210627"",""4105420045422037684862669201596439531953583839431349090649322478487629178397""],[""13255814506133704038312682619905126565284028011043106584517085533616223865081"",""14569717144818235193776389617900194270048419036670337154811748959385219018873""],[""1"",""0""]],""pi_c"":[""12722550870059721834605324284767177337030966346260062267598512914073382300013"",""1873934785270543757930017690702143212046734969801189220360547644614054220086"",""1""],""protocol"":""groth16"",""curve"":""bn128""}"
"ESG_ZK_2024_341","2024","1","2024","1f7eb2daaf299c5e66f3cd6c442af61c700e65100ccefcf2f7ebe75111dda48e","500000","1","2235852398314558527603929443471490960929941405552444769576976279212961405061","{""pi_a"":[""20346331531697774218475910172712442264928423776318612001014220619439794614632"",""2407654656121857976141588658646383098405496256995515912761599002792535817330"",""1""],""pi_b"":[[""21568022235473900589423823873122450806915065051682512297885169247883394792913"",""7867108997873911713476226863883258141471925488096497805581333153048685648013""],[""17848569575655804760634127432284192295548616387663585403663220282469036521666"",""16023031532551752660373122159140946911771428992625497535774650661649424971985""],[""1"",""0""]],""pi_c"":[""16974821589736441406628031952295125941844138717678978423227912188681006503245"",""21681411726035319706735412209796769865688364689790431218553198634503715735049"",""1""],""protocol"":""groth16"",""curve"":""bn128""}"
"ESG_ZK_2024_342","2024","1","2024","c24e0b136961b1354f06a5a5f85e40b9ffb6faa13dab4657c3ecbd9690269311","500000","1","7083599728174202451245013987094338014960502637439608684817994764401747850537","{""pi_a"":[""8419303796995403167702362832778779128125688365150604276332738959964923331130"",""12818778651597861264262193522886640651123753468758312556582014402292381304780"",""1""],""pi_b"":[[""16977228105562743598818837811699444286304896580658777200015060699453551751029"",""21615977236963407824031749949982700151894195769293575539871211336352078311752""],[""20531493490294476838307388732917402711805998911718308411225539997798945487907"",""11461379113330460390894145155248847732321164896375571488425201185267797354969""],[""1"",""0""]],""pi_c"":[""21591357501337701116166824184155441031038885967559716938828208616768766832676"",""8209767769587208081986575785882865270083628899300810784281980522304985123439"",""1""],""protocol"":""groth16"",""curve"":""bn128""}"
"ESG_ZK_2024_343","2024","1","2024","fe2ebd83ca0aa8e4be84b386da1d781f002ed5b36fe32317859187f5fb4f3ce7","500000","1","7490649183997028413996875808067189336874701625916146073750466886635945374579","{""pi_a"":[""4867632447916582659931435875019613188791418624522155230539368732460395611790"",""18490501086831512067564835771374381623194412551367688308854593673403627861985"",""1""],""pi_b"":[[""11229349406201594476138346436742408870432490400383996904377908778903543107641"",""7209684105479322073091749241423235390174024412297109548074959644624919143701""],[""21828141645882221933012009526157369945745291660061996317446879444124898824905"",""4048965260191303062542319443789453091247113561745220640413388259457195228035""],[""1"",""0""]],""pi_c"":[""19301422304344815473181682610672667508896296976186894272764904064406609577166"",""10640986804624445127021740125602273179480521427295719046620294506371501709196"",""1""],""protocol"":""groth16"",""curve"":""bn128""}"
"ESG_ZK_2024_344","2024","1","2024","28720a07c42649430b48f11b9476f55b262e6a906b3f45ae9a507a58135b6cde","500000","1","19038681553581507969797296686083850262552953347561859641830767450386252125087","{""pi_a"":[""12046370774249914784485942476460314161481993552246774164803373329649079777971"",""14886553385257393546160219118081319445923151257282369318282059678854035895294"",""1""],""pi_b"":[[""5733885750509236910710914922794529499764941177641369068498511378360037147185"",""68660352596216185783829931197163863321636905566546994170947730731205628570""],[""15701819620166500424264735768709792781117548776534745324571718431528434526892"",""17279106263738995656362502712235605113002902546948446756152839787912992748178""],[""1"",""0""]],""pi_c"":[""930827008931593301870664548951026502363916374958209337789340682756583284"",""16129232342807616367600705507779308338985056351655074979013981200932108236580"",""1""],""protocol"":""groth16"",""curve"":""bn128""}"
"ESG_ZK_2024_345","2024","1","2024","786970b64f1f0014640eabf0e28554556703502382aa34d0cfe1ef9c0453f7e6","500000","1","8753306125637021237261292973121515678002604301328913846424153613533745519457","{""pi_a"":[""10700585237596924247728898124652551219286484185301365458702363503419356463719"",""17083998219586894509638975172960992957674109023545460027858852049604660839523"",""1""],""pi_b"":[[""19507391546159370081895594169431254149821459291225323212931838529216371948178"",""19225457545350393817983537379351913760213763334788759080905674960398478783765""],[""3900873546457022115127713371747928379252127727950104109072803693879433019970"",""7554044555388328850472390093469599398913671157389375889075983221337926993480""],[""1"",""0""]],""pi_c"":[""3711694852769741345804118914970883266627463307211515880103409107344529780284"",""6332267265867822920573594995179222630307037331817436017332024262868346430905"",""1""],""protocol"":""groth16"",""curve"":""bn128""}"
"ESG_ZK_2024_346","2024","1","2024","4e341c6e2f55c176a23175a6f8cac297317abc4cb83ba10effa2609979fb72d8","500000","1","13286993412640406505037649490364804094110598976823675607923919784854141265921","{""pi_a"":[""16341722302949220965584117076990500719922248153655019652407790376960235143566"",""17007518418948245195428076777457462603334131304718893636750550715150708433229"",""1""],""pi_b"":[[""3662222088597432221676811934132425491205600327263274464069825746083922211165"",""16707654312175647754352473465246194197658596772059073343293068630513713865383""],[""13036992559819286708697451566825620084682717378765824747887767625117695398274"",""14480171792733188152020454913240032687774510687528197779238346413772571139958""],[""1"",""0""]],""pi_c"":[""18365455136870115129366887553611794618122043656062292567586312406063083058852"",""16524353755192681737200233698206636085800202589401749769894867244807138450685"",""1""],""protocol"":""groth16"",""curve"":""bn128""}"
"ESG_ZK_2024_347","2024","1","2024","1f528aabbc3e69cd03dc525a147548e204459a790f289f09cc6932adc80dbfe4","500000","1","6832226264060028510805302114574134562157061588473056119165123590837829642504","{""pi_a"":[""3458993245614761078103040751422247255491932367804310671102231325749215241981"",""9418369864462286132889521465826894883449723167937776422780771935636540879877"",""1""],""pi_b"":[[""15452355751494439394291853519681211320401237883322595583447571703800848316366"",""3364301833456477051155668838584218201171040120968668856732256839474487033067""],[""4299562910808128800597189069498770801997718185794843390370305809471355398267"",""12009283580719255185224796031737152914865011301155721522535445600736851725647""],[""1"",""0""]],""pi_c"":[""11816559026953893729193812435117482098324657261228601478140912157058428072986"",""7568242963669898016147762106048620221692804229752808319651336498303411698002"",""1""],""protocol"":""groth16"",""curve"":""bn128""}"
"ESG_ZK_2024_348","2024","1","2024","d54c3d02dd80492a1383708def76db97abd8f54541ac145f07312e6907aa4905","500000","1","10939688914158123543214622459714382633696365612510024440660256084662276759007","{""pi_a"":[""16035171747981928076471819800414955487444393808652147337181606156107530939556"",""12224602017949849478649533636777159304394641946095306174251153442899906960613"",""1""],""pi_b"":[[""17107672406257894369220657897669273877428375483473622877714803895215231923969"",""17784327320410629471495099370339006052647887479156178689724694698348997422428""],[""11955348058934560506901908029117498946940662735499856000149356969396173720813"",""13409881586372256222759588779732732411010150399374931287441318269757602878477""],[""1"",""0""]],""pi_c"":[""2806539684678022620916751051799953344628262720702439204865878631221315800509"",""18971656688478491063397797386168829253030389053078230104989362614201327181786"",""1""],""protocol"":""groth16"",""curve"":""bn128""}"
"ESG_ZK_2024_350","2024","1","2024","c9dfb7d19a8054dd29c99cdcee5a847d1f48a45750b372fb57db158a13f85bb9","500000","1","1502485610692872442781356674469687779958331904328416140670247302069511271182","{""pi_a"":[""10285371463200122483061731242089250632297177733675764439453095028731173051199"",""7350795598554068859290016951985685177438064843018373559250455340394005802401"",""1""],""pi_b"":[[""1051901266838153207691525707299361153518758842060080780859755139276890092609"",""17044597645252857409109406472537640092010752675232286625631805568066913831689""],[""10567751554354536610558314659007173720961901312242143742601086338712432410885"",""14654516688043376242250844200164236483935548998799605936774647228371425746723""],[""1"",""0""]],""pi_c"":[""17514680600545007362972092120335975021969176295298870630568641495155186248272"",""5980021330996556662382877097562849140174057311173444482366773537274572079030"",""1""],""protocol"":""groth16"",""curve"":""bn128""}"
"ESG_ZK_2024_351","2024","1","2024","02309f7da953dc9df5c9916be8c70fcfe358bcab1b1d4b8c7a19ac61b2db1395","500000","1","18093289438289771224699681195216413637091828176820448653288585625668125096583","{""pi_a"":[""860352519676694576445563778176764938040688185991887728004107832117116808509"",""3404188475385833507477191408181602837238890233799445437147498661069897559906"",""1""],""pi_b"":[[""21564610653933713417463340723323191744444910381820788243195599870268087671992"",""8875348684503953602942932166946730530978471883992669188504721867538086927360""],[""9394101066760371811966477963181385507658306414682281128074876858253377181555"",""6254360593637596349722449488747105414664706469089142160704511178655338700806""],[""1"",""0""]],""pi_c"":[""10990671952220682568963304422106951862414712667531933983042074225682538629259"",""14077848469185451348234206898595545816331225862752631482839162905831088203856"",""1""],""protocol"":""groth16"",""curve"":""bn128""}"
"ESG_ZK_2024_352","2024","1","2024","0b684ab75d8aab37495c579fbd2891f359441ca6d3aa1b1006853e069cfe1f06","500000","1","12238181143006964373508627480587474990292912935755776132102549137510495433493","{""pi_a"":[""2522758742085152139211329939321281379303140300474044640668401359018506277684"",""12264339584662383705695758881385145405761955801469028726389942918926353801834"",""1""],""pi_b"":[[""14654574603454559980677815412485930807270397183905646361391019331505092077152"",""21809828321570294483228007203669211060827087510214694114274977029556304624910""],[""20292832735061306321219470051013598976045305349114459451276109786614348036074"",""11626772107647045378788205086841260048444199911725456086737603930272236585575""],[""1"",""0""]],""pi_c"":[""21803779392988329914093315281029171396044658819865821148244760083967219536089"",""6625909968007512394928604898181776426708453674299278849390616666763723348350"",""1""],""protocol"":""groth16"",""curve"":""bn128""}"
"ESG_ZK_2024_353","2024","1","2024","e39f1873433ff50a141f996434acd81c21cdab925d8e9714b24116cb16226b6b","500000","1","2537232325073973892392828611389486829676707017735760957996713625560930258133","{""pi_a"":[""7419778342797773692962272589695158740480300658642103288494042095936704264610"",""19886839725166536925448417056514105923265296271789248604933667187080481941525"",""1""],""pi_b"":[[""12391858385029178112024163110557067893135065674506172202174895354073533706643"",""8515106337985875339806554547898443691984995042938995957256256496625111064731""],[""6939158410896959639256009812947736668432278478874149312797767720166965191670"",""13746504425955223697726589339511372084111648340342713961393370145716130812182""],[""1"",""0""]],""pi_c"":[""1448809864207037885425614299721803548902809355482437385136342436510359307045"",""1482131042883639918778045684944471595793476254641602364761275775348670329823"",""1""],""protocol"":""groth16"",""curve"":""bn128""}"
"ESG_ZK_2024_354","2024","1","2024","4fde71e922ab2142b9a11a3f2ed7286bf1875033dec8c236233a526524598b95","500000","1","4335574840694111692166723313184238700911608908741371155806722472807679574430","{""pi_a"":[""18782359657125064945679964928867409110458155512348475652867710417565782225080"",""11731592582212195338540024261783041584359758324860239348426045947954817379843"",""1""],""pi_b"":[[""10612853503291849574629754783594169907562211320751261680773012878425754314021"",""18655050036015241280565876025976050005472720588327741039558878460883729682761""],[""9230811277505243954963247712150147467170196903411992845735614415600366601515"",""19260580530417644781504154061306150974658547918372682296435284074455962139924""],[""1"",""0""]],""pi_c"":[""8857717680838805319440723343342046300702702464142332043315360215321134870388"",""1142132152733431494974922577239700586851158019381649666873754320744599326190"",""1""],""protocol"":""groth16"",""curve"":""bn128""}"
"ESG_ZK_2024_355","2024","1","2024","4d61db048fb909b74255ed6cb5251b564fc2f25df4286a7a4cd837acdf49e4a8","500000","1","19859219554492933063112505386065195554685447184602374398457827426275566085554","{""pi_a"":[""9835989884404485632598322550921763882756227137367441704147989944795506716904"",""10121796519421678536469184953373504936105965392516867097368429368609281458130"",""1""],""pi_b"":[[""13498262748582049827684620302498843701010062803623409271553284678092394670461"",""17474413738378494501539390674781128338714622786246356078449650300913799820332""],[""21076671583544458470886832809859185173646808367978184236890555053355189454004"",""10608215524795560079247900403965520553828082972733759466594331506610790615864""],[""1"",""0""]],""pi_c"":[""10475883954607412598434912054620793900588870632074105903629819355293902441371"",""21651276800471649364430233526845518138569214143381589336890637250972137458105"",""1""],""protocol"":""groth16"",""curve"":""bn128""}"
"ESG_ZK_2024_357","2024","1","2024","9dd6d5e6eab29dd1048ad3109e889f7ab263d282727fa334f6906677fb0117e7","500000","1","15700868799731046070141366690136715792021637653092596197721660361277040889777","{""pi_a"":[""3117325289167772214637477459854543940754720501759821346580454240790838505904"",""15493851094113656325579888870015656772639543986098795697491486324657098469564"",""1""],""pi_b"":[[""20957195271479086689742350390353539402349096248807207060283857628414691849325"",""5961183658882400432440148280172101746903142626654363060723973489568934117382""],[""509463787320772872413215541177360961205124662959287222783473982008005856358"",""18080761906000167080488389322144575973415949810562439333414695290327661343247""],[""1"",""0""]],""pi_c"":[""20556458056547154200498518612039979278980701142963824192443389909504838825549"",""8816121482298307562464067089063520964913213337031007400071780120868537130369"",""1""],""protocol"":""groth16"",""curve"":""bn128""}"
"ESG_ZK_2024_358","2024","1","2024","0b684ab75d8aab37495c579fbd2891f359441ca6d3aa1b1006853e069cfe1f06","500000","1","2270674506230302596469815399385022398629976790856866523779574958520553404707","{""pi_a"":[""11980455494722850997934629560139670076662358556433588643389516461444865539661"",""10801783045132250858406919588633696660020322062658337580739464801995717045750"",""1""],""pi_b"":[[""16587354028848469460929001838757902550479594913344797901741717851291364392555"",""8370107466092831783881334920699449579465560878447488431205320905001767679900""],[""21634879622227806295653008848133549799922260416201621697798420696590039567930"",""8501485141874272059189880665738309870845412093878968397617059113942199311117""],[""1"",""0""]],""pi_c"":[""20779144394377578856708117958143006914281019239715608935153668047768658320407"",""602725525339680431292333273177456117335822591177530217871071114445224333128"",""1""],""protocol"":""groth16"",""curve"":""bn128""}"
"ESG_ZK_2024_360","2024","1","2024","fa103bae88156d1423427d81ae7625c083800aa7468db56aef8035bb7719eb14","500000","1","3090750011657240980711090972516810251415112337744429646023461255394812960286","{""pi_a"":[""12163768534731390109857534832280830399059964971497244476252119908218173389537"",""9347104794382568972381996003034660515310260163827768674204484939359698239282"",""1""],""pi_b"":[[""13491846037148252858858872477489246768695875302949998535580982046070186934568"",""2705763092787007855900946248922097585297140657142084155037693439861018876645""],[""3385376489026823101206345985910834616165202175763665448272939937661756782038"",""2177845646318994147695063754553150317700204215019359952727978896632523398481""],[""1"",""0""]],""pi_c"":[""2046647950970210639962154246707824628206082139348320963513902783050071829494"",""16855602699333538624342506220950370064490201703611755180474018020438830427772"",""1""],""protocol"":""groth16"",""curve"":""bn128""}"
"ESG_ZK_2024_361","2024","1","2024","cd3271c177ab0ca1f55f7f75baea9a4ae66774cfffcccd3e59e513a96b651f53","500000","1","7131621094477046584543966684194620786367438514468782950339968371739533201975","{""pi_a"":[""239886550718637507057946680957830819458997269593999305176516642166149889207"",""19404746804619753615219674092975122395276804338055407330060665125503522631253"",""1""],""pi_b"":[[""9514527310120672711659461333223827177338043262686643715653632108384165225340"",""4290441050276374185112851370371750445306533944669436568538301379284766579888""],[""1697362919081631030967874414064471322985864643496778948209549626211772278361"",""7750450661107269540679001288037144823708402196765986840674790341194241090486""],[""1"",""0""]],""pi_c"":[""1477630522641127146198511836998611696590434589136737331661253100749051163581"",""20250147319529923497974333620950624135388893822664641789580641848911825306659"",""1""],""protocol"":""groth16"",""curve"":""bn128""}"
"ESG_ZK_2024_362","2024","1","2024","40853afe5d901f8f89d7ded273e7587d897eb3b6cb39b7b231ed7c7f9ad4efda","500000","1","11011700738065486076339000610775921237755405744848165591738390633407316653332","{""pi_a"":[""8044607776681542018549861808319939274876951214312337401530884564451126519030"",""1868571509360851625501001350580217755571849189317386331267865025093401469205"",""1""],""pi_b"":[[""6842060708199239464936043214019672609213775028785496203789300834167973699179"",""3270483162741511525341690208131188693898642945924859010480162350960383916004""],[""20742697954578332710685806492596593716499070665677038398542313167469930924148"",""8608146713568753880397155117900654059481948887742613206049303829522974160209""],[""1"",""0""]],""pi_c"":[""17110458026887550832607837003539203717051845223924719597448651838737914652104"",""10105952965394972097719613449730949528668054310798669602686721129661877073609"",""1""],""protocol"":""groth16"",""curve"":""bn128""}"
"ESG_ZK_2024_363","2024","1","2024","32b91a215fc3dbc3a513a25efe8e040accac70c79f02e134e0242bce40bbdb8c","500000","1","11072104350691669622133981206135969598801738101952302369107731394010069879413","{""pi_a"":[""21635954172253078199732838155014835605200722489808043780192893493257530214422"",""9438666429806409913833564987767783805998033324212856675451060045048901893925"",""1""],""pi_b"":[[""13310331429715128916393543152667548849301367946370135204632143421596140804009"",""9192810688869174731814549710141279436903478399227501174860134848784057108738""],[""12857568011878857408526677009481128017550768938212279666090250908501063409008"",""14850543070870960802226179263455032686809232432101372249898456262151573736995""],[""1"",""0""]],""pi_c"":[""15370325510420829861914220143253101518906843492112271474054659239559215990707"",""1831143096916666170245933900925414841486552039302875744554205583116905153301"",""1""],""protocol"":""groth16"",""curve"":""bn128""}"
"ESG_ZK_2024_364","2024","1","2024","facf0ff9bf4407d41bb5f973a208d217792614125eb65a0e9be52849776a33cc","500000","1","18661877447051386654256161555798693802797185749916881138484843871525125847301","{""pi_a"":[""13097599964285738464961000784392533283623662195661223470660527225825878416358"",""12094052038014156339672664963549572786344556386502078371104152482386676447633"",""1""],""pi_b"":[[""7120367210256133534238155291099276744368649759335863994287334491001261353454"",""5327294371983989334802067185221075656289552293029890208831455452883981568466""],[""11201150495157202975574438948777087828170169498190897022066664035535642601572"",""1707843971306300335824574872559426271181554083805974658336861760559722544298""],[""1"",""0""]],""pi_c"":[""11173336895517577780883994090372035396278944861716851126650247633358985776403"",""17368855846569161701197715094832605300203727621950388961624506285904499557658"",""1""],""protocol"":""groth16"",""curve"":""bn128""}"
"ESG_ZK_2024_365","2024","1","2024","e5ec7e4c2831d0bf8797aa13daed20eb2e2992bbb10b8351a1b96e0f15b65f30","500000","1","20474271236512535181734822083493180748492785463573660458359025073814183841637","{""pi_a"":[""15418848500066471676683587700078327963001865613902112008101028238784736417218"",""11805434460123742565312575039118639455098388088451236642563875435001970526816"",""1""],""pi_b"":[[""413023584423357009091952347302155133849908452419474419526228750955619207325"",""6494212802186662681983798041958406512761771499171905415511178613091097106705""],[""14453924756489742427205557220934731474240088578056241788298748408833449008425"",""5942831166249770869143252976011481778879203361750942542725654497848535928344""],[""1"",""0""]],""pi_c"":[""12849438289737144175440154942673521697804207622779558118162455085320948737872"",""14714401987911174891947743122011098455676896561249565035752566029617743507659"",""1""],""protocol"":""groth16"",""curve"":""bn128""}"
"ESG_ZK_2024_366","2024","1","2024","cd3271c177ab0ca1f55f7f75baea9a4ae66774cfffcccd3e59e513a96b651f53","500000","1","17236066416968838355207434083534446470918905632179624653709398766869506823438","{""pi_a"":[""19684798619923494400902481090990415431977013797221767358091021830869284730862"",""12353216437495984725545250638169900325334222594880257602167327438803565818415"",""1""],""pi_b"":[[""8824311838574580880515352285311301363432501573534456882202253957901195179078"",""3744682422660947960186662609001844775983627436326806461365474825339859987330""],[""20743971894539844166250673025848389223775858275598107179771316606811322137348"",""1969784195762684148068964363695346709379782797209148801133172153027803573195""],[""1"",""0""]],""pi_c"":[""15163349328727790972530707011084755082960121936072289223728694907913456876453"",""792833972882674230975863177982049682114527835693367480399679964161850193589"",""1""],""protocol"":""groth16"",""curve"":""bn128""}"
"ESG_ZK_2024_368","2024","1","2024","cf45fe32c50cbf988313982384279c09b1d4d5ecb5459a7e57559c651538e548","500000","1","18641627439794260694798503726025960021420572463012216308162142816603475016129","{""pi_a"":[""4665640007743399182645239267856004562936800601091987094465324969099384274902"",""8415377039145665874812421205690209583522682751324835699695161998451090242974"",""1""],""pi_b"":[[""2063522290736853512915966812394976756369443115561236885277844048934652180121"",""18000356862082128680404253728090991301604032522157809229862202972119235972593""],[""13572857702489002888803917372196220833246810477092739239473102235719261781576"",""10903454891743395752658822622541560885589754205874087015716267811516921081087""],[""1"",""0""]],""pi_c"":[""1175484949751336491920512281348361659876004819318865813738584997987116602378"",""3348694906600784087082141056677144630957445309773321457323506097873136012434"",""1""],""protocol"":""groth16"",""curve"":""bn128""}"
"ESG_ZK_2024_369","2024","1","2024","1f07278c7c379f941fbfbc1563a6e1bc925cf2ebaeb051c8ca30d149f3eda4f2","500000","1","13375783936930824159773761961591117960081223734442853479756658483458809604425","{""pi_a"":[""13927543648164660025941508738906877431111684530673840738834959727352942015261"",""13387253286618128695863578320410427997635983069548164438874152232120950578868"",""1""],""pi_b"":[[""4421575730668923349670289073136105952340284717365149941144074551119818414846"",""10324668529079507661983777785787425001834479104263248101058442588627461561275""],[""19536966371865005643061860765077810584429249210744280518498045631523707544008"",""19702750194858888767365545784247486392117473067441437251122860680262562325113""],[""1"",""0""]],""pi_c"":[""1943389940027211256200356514458543652143372149747617170910618458200063163833"",""11211092043666566596769708405208521529600866889658134618000706859288855409014"",""1""],""protocol"":""groth16"",""curve"":""bn128""}"
"ESG_ZK_2024_370","2024","1","2024","deac60daffb337ff073de26424d9e27fa95855811aee7f82a4f49991c2f798b3","500000","1","5203320230102324269304768844413965090923559162057374871474071598768655765697","{""pi_a"":[""15158642895153765714798475528015140256698398545453839418686150110419806293106"",""7757402910048126155466464680503609421837061234356026116949248091477391492713"",""1""],""pi_b"":[[""18896416688860933868134329065279348836885111888738376080415627931656977891092"",""1692028421801550337743689963091857686973290491954885163853385432239769627511""],[""8395776756559144704527542796050719196020362933603800001471886134547886297391"",""7962870673966783380375191318936438197743012696898872681036486137683470053774""],[""1"",""0""]],""pi_c"":[""9448933849516055268229485092781623134623000618108747204820396586536301917906"",""20283347835468935544522466408422205431677585282881683932843867899796446685056"",""1""],""protocol"":""groth16"",""curve"":""bn128""}"
"ESG_ZK_2024_371","2024","1","2024","0b684ab75d8aab37495c579fbd2891f359441ca6d3aa1b1006853e069cfe1f06","500000","1","4002663490103095813583759285729612629226514979850390076023945903514524405203","{""pi_a"":[""15969499825697098297734609373283547564939317607081221362126939741553365585917"",""14301352985648245401288160022774862875218385484579810615616220891228660604507"",""1""],""pi_b"":[[""10399272381725407310456618506387183233613574963036903350414277867421889743886"",""13285302245200083098652279778127583483356798782798912912088955999131076755477""],[""20395431601168974580509012659988073218951233449402485568262689854398744210917"",""6320160311876520659549073700641897410177273341362550270290783266147406501969""],[""1"",""0""]],""pi_c"":[""4050136407212802986772511604407637743225999479392215946019990295461149558795"",""14944423264970649385644672889983643784813931502922194876028393730504253436091"",""1""],""protocol"":""groth16"",""curve"":""bn128""}"
"ESG_ZK_2024_372","2024","1","2024","cd4646a58dc847c9d335b5be4528e6c3adb3e2c7f738a0927de063680c3d8238","500000","1","6356071427082507919444016327218882450461424344369820679906887944068199572907","{""pi_a"":[""6772745548364210795188742531304321878524582071430462821175455495368114972215"",""18183274750238632955756828571973775765288322133133816251373402836358383780868"",""1""],""pi_b"":[[""15609159799550062548517654159023967356659166419591750516250727383819090151578"",""12083486716605438847940479158203658221662970683674862224963345719071961572103""],[""4455836465166096070892143536251707685061398635039132965942120345992700768314"",""1275885580153184610421172027396421010979204880366272953365895162101949793009""],[""1"",""0""]],""pi_c"":[""16571822911830965891917370169967549961903165746226939773727796014675873643117"",""7399099563350624918659046708732772849754984344924689618928255721893852604756"",""1""],""protocol"":""groth16"",""curve"":""bn128""}"
"ESG_ZK_2024_374","2024","1","2024","a35b9b852a488d061f8846b5d968fb2bf52abb297f68c4883bc014bd75868aeb","500000","1","12502290196015370904896785760680848003374560965224640194537703599288250670049","{""pi_a"":[""18699979029770249029636567523946381000123044824282427445915181318278401350351"",""2710528135775171935171266362255736381592766725889210779045810464112519700843"",""1""],""pi_b"":[[""5213769561468539710763359125322063830658040136136402916114348311279321376207"",""456186964023442386430252596045629870410319092751875826182717767413322185375""],[""3548357643720674942705219817849999618064158136469125150512457538401963925340"",""21022515931985654997592867162590383159441673563931895495113557838140953336581""],[""1"",""0""]],""pi_c"":[""3692649183090498278318325159069661676923939396523945633486193624231402546974"",""19008463792895549365563859846712627902087652051267205315504700447488276235088"",""1""],""protocol"":""groth16"",""curve"":""bn128""}"
"ESG_ZK_2024_375","2024","1","2024","591b874c2181f8ae58b3bb9a7120aa47246526ffd9b77a350cba09430f22d2df","500000","1","9388469096607738314623396100871831880140177243587168268005980192083466502447","{""pi_a"":[""14891495798466726067885672342991909200565406040860626560479833538842730075928"",""11060013766913371438832071722735965899079561412351511123460756272809881543858"",""1""],""pi_b"":[[""18955487263280684680549117227013293995885002657111085484750289846384385286697"",""3449871816265091824312541883680971621865471411082421459654969932341742098153""],[""5199170900121712286426371767278735284008289382915675099174917558116132332173"",""18168122154972999642383642562035875920693774010790597206422469403771338747820""],[""1"",""0""]],""pi_c"":[""3354786243768616283172637573805174136838485085010761478224630185302901274489"",""1778292670525844654025934612268926291448907958847006077419581261264877503268"",""1""],""protocol"":""groth16"",""curve"":""bn128""}"
"ESG_ZK_2024_376","2024","1","2024","e86a0c2e752cac92d0144f69de450efd379390ed451bfa744573113a49c9f197","500000","1","19413032909052607472729337458682745949408975007600796263036242588624931965337","{""pi_a"":[""13089414101174528642587549554731668622825287590288482409809238930276187945593"",""14616750156215815944381633713022211128089679167166222668351068232006250246279"",""1""],""pi_b"":[[""6835848004670647583022105637668845911595305735491114520058384482722673574905"",""636392151667131188510919479283293477050609861362627078889261313934285703038""],[""3357822627192588158573670304218670562645907420529991403485892497190723402675"",""5426197509424249944387976531998910563491976935906328917326038102857722123316""],[""1"",""0""]],""pi_c"":[""19315989829601029180575932011350621706350908357637918491058952555235734986409"",""701151248164493569356967128968723850690694104296519919509100974401140276424"",""1""],""protocol"":""groth16"",""curve"":""bn128""}"
"ESG_ZK_2024_378","2024","1","2024","086af8969c8a1d2084bc0f422111d2b39a5a78feae23debd8efb22599e5150ca","500000","1","14592356977997794583784501274420599518872060505142420223402704512804359022202","{""pi_a"":[""18261217031875154594920858814920216770458780559101483348737165212515378034091"",""1105764174033477297474701606875434130412766750589328041632332396124939839120"",""1""],""pi_b"":[[""5824628913153406273995080858595004694554117869841932072278421150713793707477"",""1297882386979213836322109351135504184800204716284198517769751916468736466976""],[""5469795999052772889574730885938925401285408896199099622558567436801481958592"",""18902162537685558686701998905254879301274418349181462529844554007880022316835""],[""1"",""0""]],""pi_c"":[""18635791490838850149847494256730917178036137442509592297979262143500262264465"",""5507000153671367838364042727207028901238973210328556529586753897817281476425"",""1""],""protocol"":""groth16"",""curve"":""bn128""}"
"ESG_ZK_2024_379","2024","1","2024","30919f206e927da556cc8ae61347f36a1f77f8460a7718e1f6a0a5803396f36a","500000","1","4912093229612931511749987334583162880658802957724489350039148434929890000250","{""pi_a"":[""18210901169907493736853083332342373507586186599275794667478980999873976497966"",""4335662220167244054220361865707369178380432426430175302203572411059584603903"",""1""],""pi_b"":[[""4091820887204230883112169249812143812925197511723497161586989686257687743952"",""20008213577618949714278244135704820263199653631875262626665958684684559118453""],[""19960185608755360740023727129667761189907986273033539179629702466842429744006"",""11593007205143321184247822990997958949440811350207288922993527568259427221341""],[""1"",""0""]],""pi_c"":[""6317756166915970972499813400263816998223636167984834867027999603218114000975"",""4932460939340103058283230389757750990123112933026220429183184669996924706879"",""1""],""protocol"":""groth16"",""curve"":""bn128""}"
"ESG_ZK_2024_381","2024","1","2024","fb6123afe6bfba4786fa0db8d1c9964b66788b112f9aa43948bcadc022f5a6a0","500000","1","9196600451349670921724579289637643981165806878050336256981744638069977926252","{""pi_a"":[""19552840502628660414119489076195002056168126766456346957996616549911685232939"",""277974180950861136621255115167739872498413067565537640918273543936936335996"",""1""],""pi_b"":[[""14846685235837831069145624807156594370796730184003653118069887949393262621598"",""3404099739043628029540659090932347395737487078460086905906686825315230887503""],[""3950206784494025679652938540299823773771552209063132373511477682201938994873"",""18307166770973092731193081902906844492471060133433712752195663154202853663219""],[""1"",""0""]],""pi_c"":[""19511651862371281527232855535375920746777182071725210324128203141575256463916"",""12133307713900506896717694341949963924663332348876107046319509742075145175496"",""1""],""protocol"":""groth16"",""curve"":""bn128""}"
"ESG_ZK_2024_382","2024","1","2024","f7327b2a3682b907d12552033042841d01aa62fa75f39c0880bdbd895bb94053","500000","1","14590955343891656541630873402653286429631931484103651522715640777057638665236","{""pi_a"":[""4945400842798912398582044234147307284822789936245289970453836146111363202958"",""17329053197156847396742840609751937709617357652535397867473060941555361320612"",""1""],""pi_b"":[[""1670502531981381335888167135219785430552197241345477456292202663683278009494"",""11843588140737279544254354568875551206573727639869961403749897844922483277884""],[""10441633960597289656581499444370651829003418716115853340343656653949268746375"",""1041684157959855726394914615897615620908642934165607046406492532369545510794""],[""1"",""0""]],""pi_c"":[""17058909126170653954973338282792659771687176728068486313959516023370644410485"",""18106011281179333007246790259829887650604937255259292825102476194493467374767"",""1""],""protocol"":""groth16"",""curve"":""bn128""}"
"ESG_ZK_2024_383","2024","1","2024","07c6fa4bded6ec87eb1f28c4b02304efee56144aaab1d8a74f7794b35e16c3a2","500000","1","17956582457634857267688545015914151197184880135768486130700881777273009892776","{""pi_a"":[""12867728534847923611277267823852248320249952744222213223033792925026112235102"",""3649828641481851239283736518551812723177350938732053728459055497537645226254"",""1""],""pi_b"":[[""16929635432473962919846218668376800456484164329508687387185642778140813095194"",""15690502132153720394772571422159782518640049266471005890863179347076623023461""],[""12156060781139081695992362643842559186298377027448529620490898329572258700215"",""1595787485349359581217980312451053550054347437121086735193534798519824644763""],[""1"",""0""]],""pi_c"":[""2059044550177981489672470637249242492154092718645145057357074963477280370950"",""9442988469105749424045556960468600671407897415957524471014649459199581290492"",""1""],""protocol"":""groth16"",""curve"":""bn128""}"
"ESG_ZK_2024_384","2024","1","2024","6e7b61050391f26117a7e45a0144d12ac5b3b31bb49eef3a8d7553f9c55aa85b","500000","1","11162611220236560342221220454457412265648803377321145742155305676174629493822","{""pi_a"":[""19085703396815656926156127862628183447343213261285499241009131287594310874541"",""11436634165254768187836457123777575140509150124548958708032653428221442884091"",""1""],""pi_b"":[[""56928532134780524556231648738233279978237129853656164084264260100684180868"",""11489023818193042242498842599755650415119190952826665065277855952832738292505""],[""18795557698183321773009200960244617843219297512863793075936485954104616526169"",""8942298529398039704292501290493424844564229604178471069501601951112831750398""],[""1"",""0""]],""pi_c"":[""17469391362449868689353195221627403505930170814234649829625033169103557727122"",""7552832462547102633390847898596511843201973883357252230777571604791848634040"",""1""],""protocol"":""groth16"",""curve"":""bn128""}"
"ESG_ZK_2024_385","2024","1","2024","39b6705f787b164a0b8cfa8e002b5c74327d19fbe620f42fab836e3cb0cff97b","500000","1","10680438198727674103327474859345567766131860241399887149761168085201417362678","{""pi_a"":[""71954851574827639464192188821372738918293553313973640294417880272051687879"",""7479885907030699185843139346268306682620877307900344926338780460860698913803"",""1""],""pi_b"":[[""13717830214574132962699312370231366523456657134570370785080262192539050596754"",""15407753466999457594437339871219965678366907142575841503202641573664029281795""],[""1760668210235447958330640104146708990690479906053739787733506121847087961999"",""21662939810517800846145207508782529219582070535202025458914148809782883336367""],[""1"",""0""]],""pi_c"":[""4327495993753976561600040010969406018281920566991685443662695303665585798618"",""12175858834206821735053278265503670083448011513988889745140847518288374485198"",""1""],""protocol"":""groth16"",""curve"":""bn128""}"
"ESG_ZK_2024_386","2024","1","2024","d93b01e5e344de6e40a50034ca44b63b1ccb10d883af1c1b7dc586764ce3cd96","500000","1","12708892005123056833908541150013857807619458245884885394617724085880460024701","{""pi_a"":[""17856580508128973298247068226191530195269308877729540796483778529562683221712"",""9011502643934684231297887391955794333921259684115636634821859512630297188929"",""1""],""pi_b"":[[""5215360905291443934739986508448126471082587628108996741640002069125907327716"",""37828605501750620571076431347416288054022517955488293174087676741602745117""],[""11133772513343221160319408921898988586537111951464429152612167236488075838936"",""7158202065689500901814699130697678299279135769756349768240649395732411866781""],[""1"",""0""]],""pi_c"":[""15786257872326970545559851623988782716408360488145841004358713425135630173373"",""13840577175455399990455939311308034898134144792158850553322371393620041862646"",""1""],""protocol"":""groth16"",""curve"":""bn128""}"
"ESG_ZK_2024_387","2024","1","2024","6c02e9ff52f2c63ba5da4d604c1fcdbffd5d96b98d0d622a831df6bb29c50ac7","500000","1","5749009471897698092203630575608599557692979279384492036871086130768918910807","{""pi_a"":[""9731657634189902293329297222308331125383487712983502733040697479251602667563"",""4335370419385390328467234740701392525460318315387491811610822247191504034654"",""1""],""pi_b"":[[""8338725927111558592379841494107346241137936705018453667886766634007176824163"",""13532015790804007137164211035000384638040467031175507111734498170509356878759""],[""11996775698496293038081724916435481414317675354297925588151095270279299355165"",""11369013132273656790701000411334889112117471617568591533864145375780027878587""],[""1"",""0""]],""pi_c"":[""18047057897257289824910128664331520968573084011279602304272155768099612870844"",""679755137746856221186347506578965484880129746259633466617922146980240599495"",""1""],""protocol"":""groth16"",""curve"":""bn128""}"
"ESG_ZK_2024_388","2024","1","2024","63b9def016c2c14e521070e82b42b1ab7f195cec41bf3d575f4944d053a73de5","500000","1","19904537030358804897001423959640851487422086371675708442186678187004446854488","{""pi_a"":[""1981427038769270073532729541168817404815469322055027386426057962505109752033"",""16578293874120225315232332015053353635329066067872282343221491825321325428539"",""1""],""pi_b"":[[""15871104998095151464989256380618491659222530558554246976160766825690138636095"",""10818094434624572965150514076567188252449626518584496271124251328855018883851""],[""1875730350654039420573349585499173644348698978215277246085806086341395573380"",""18204475190228365919513722751351125446713877531520997516816568839005655404634""],[""1"",""0""]],""pi_c"":[""11830434633956527171418099112775120409756003275137380579806212668455787083385"",""7584528345941837600442627658423514148238546882851070766124490098255003606343"",""1""],""protocol"":""groth16"",""curve"":""bn128""}"
"ESG_ZK_2024_389","2024","1","2024","5c9f6cbe3aee8c099d48b3a99fdffc9039862664129550a76c23961dcb89c124","500000","1","136477689016119031798439140502785956747436579236216589945696172250857153940","{""pi_a"":[""14103250344189553551369772387929789346662141470601423803344962588300359003020"",""9318984322652192153644620022312601010965965690247978725880804617150814273363"",""1""],""pi_b"":[[""21344672937470161261435728325707133039684441136995316844242364376677724043623"",""914580648967439265543041632366604703059524653748990453863151581797870219161""],[""2222450252840714041539800696496277649222847665360032048633800740193105238457"",""20039888956368311943210023458169383939257406523258316058570319880918827673088""],[""1"",""0""]],""pi_c"":[""6153478415291648209725940759103278920589657375683194051104486623159936774517"",""6227541818702951384721726859649708425509195169335362253979375797903210528620"",""1""],""protocol"":""groth16"",""curve"":""bn128""}"
"ESG_ZK_2024_390","2024","1","2024","55b7db01e9ced1bebc316540fb30975e2fb1d4022118b74f7e56035b0d36ccd7","500000","1","20545161386619082628852081634095428152527384465269896179062574330102926989060","{""pi_a"":[""3149865250206101053201603027276909702465608607217841834465856493692232486339"",""4958715105380050847836333133182200155904335027236445164301322002660416005218"",""1""],""pi_b"":[[""18023780915527621346743887488793091841908400691378279269514813500812895243555"",""685030495103305103341363884116247219494810431481303844764345235405004540612""],[""15299872778240099750425949811968321357446545411421199188924453092675450666905"",""16028124817748954410794077839209175662636667787131152072181505785769233595463""],[""1"",""0""]],""pi_c"":[""7594953301343727825200254799954053055149880472099133217440159931986744300808"",""2942162417013234358710005014020775766884175819570682478500528382474697289660"",""1""],""protocol"":""groth16"",""curve"":""bn128""}"
"ESG_ZK_2024_391","2024","1","2024","cc41cf506a905c4745162ef2db82bcf3df24c4530116c8def203e164fc53412f","500000","1","18579335322749611215850161694011302391782153296878549997890077701529358538823","{""pi_a"":[""9673132372644858456933976297377698770750363005845935409422542552678150326711"",""2783982082971005578997175204764162181824599681427974266855003641297666356533"",""1""],""pi_b"":[[""3971698646170410319929452873683279270465569410908622856203660866048218418141"",""18450962827144412917520809949080076199248493655481792394107102973152550327704""],[""77656819705025762853097399765396591268726069466261699613012832927386418460"",""12105138397071042464252929066334086953209282053022891759251977416312413193671""],[""1"",""0""]],""pi_c"":[""18439303355338341293211665311880582671859667739871491145489475468504982105247"",""16803291348734520243628053149540782189612464236312064028885316873709267611606"",""1""],""protocol"":""groth16"",""curve"":""bn128""}"
"ESG_ZK_2024_392","2024","1","2024","c24e0b136961b1354f06a5a5f85e40b9ffb6faa13dab4657c3ecbd9690269311","500000","1","7631242795665646135560903144658429382331620165613242510533982073777183073870","{""pi_a"":[""14269804723414160913745717725736814719213209835378965761463065729108642255669"",""7228693475781538254881362115063638049209301556113642958006176737273399953431"",""1""],""pi_b"":[[""4872567465114537192227479336301208395534059195654118335257690847740609055324"",""17539550264395229653843422587582030083826408249544096676487829267992390340985""],[""3733711260519291451496349760439470424724118677361777730703589468340056909958"",""21550101067236354872883045321123981377712657287690961637307142495672299353506""],[""1"",""0""]],""pi_c"":[""4399301194850055962891041843902796688273561002266612375901506094579787593631"",""2591819859674892752567001892316002285661519686305611911703077123287693919191"",""1""],""protocol"":""groth16"",""curve"":""bn128""}"
"ESG_ZK_2024_393","2024","1","2024","139d48377ae62163d55aef0c48f9ee06b75f250ffe79f8c84fd7a340954c3cb1","500000","1","19597053170274448547120594284524479987637439671969619917509314111418127295696","{""pi_a"":[""8498965601881957791004266997009811604896910023847461566957685410527734225189"",""15557788645900234626534610659915226629710261298448805224389046118713520340018"",""1""],""pi_b"":[[""15418752876546656542995117664279482509999904427486275193378234846113000203109"",""14721992218957608712529878220336222270180609116645238338100325674261485484859""],[""1362714889136897829791085860843459466088926833005249819957552178697168425467"",""15173516526294776424334197498753236214932136930721066872966788107824745363340""],[""1"",""0""]],""pi_c"":[""8497057342863901712464902203429826698904689885495557491791045148498782123770"",""8224752896281984980774415315062574404697469524549123622718692968903874490622"",""1""],""protocol"":""groth16"",""curve"":""bn128""}"
"ESG_ZK_2024_394","2024","1","2024","df88a6dac7463e291208cb14c660ed0ca4decb15d9676f95da00d6c811fedb81","500000","1","12564866491909176959460438803489183199723269984743093671593458082588508184870","{""pi_a"":[""6800107694107840917411784528680837661799620168557679871355113283945511976716"",""17667491981569768349339160541607286828888805201031862643489400445912650367861"",""1""],""pi_b"":[[""16401520003757659908966766045825153193457999896875986761740643991561386676188"",""636121679285977642932652493415907327844769070205992132891526860975895359810""],[""8844776588645523923520159064785672133915140968189092885182111515782218384052"",""12741340009480548967584033686119933668387863099484291263373229267626804851993""],[""1"",""0""]],""pi_c"":[""17950412292795863857289524178024824384699212751012737282538934448024321133509"",""1120866391208667714669769985129612573672607397830242271721315739245859338064"",""1""],""protocol"":""groth16"",""curve"":""bn128""}"
"ESG_ZK_2024_395","2024","1","2024","62e0e8fe6d23c1ff5669df2a7ee0676969e8ff32a15a858c3ff7a1d9305b3a8c","500000","1","2365477334390680458817996855423730812005423695827180465688645043060053029956","{""pi_a"":[""10131822532149206652887292128876991694818949040566142985418586409456707239424"",""14495988845206874779005303025699867222474998504450594043991650555226700067845"",""1""],""pi_b"":[[""9592259309919999636566079126083995667454658163443033295212967131462780992313"",""20335469842039536215249068666250688438706147639399610233263465036138084323076""],[""606846363296089068328923031337981492162320107849941026468534443541909069642"",""8463680802880961840081235521314010213779542314151043132911500380663185672384""],[""1"",""0""]],""pi_c"":[""17805111975250676890115504779871478089227357280329018490702763812628597174090"",""16665360124998411696694028179443328777092676145749466187187972354384493742642"",""1""],""protocol"":""groth16"",""curve"":""bn128""}"
"ESG_ZK_2024_396","2024","1","2024","32b91a215fc3dbc3a513a25efe8e040accac70c79f02e134e0242bce40bbdb8c","500000","1","5185037137599538559988545034144552240671317546289633316157790599627273590379","{""pi_a"":[""13504205481572650994552015917295079309618537743295784442751985975465295058731"",""21557819841316313286412341253993417716962463374262575761201140049110182719189"",""1""],""pi_b"":[[""2213346902843132748379726184653928075713831967984801378094923782200699837239"",""20536210835667556329015056361320043260803271060951893947354053108820407698751""],[""15489795640745402440320297679281165151479157522528844061738835796965500578287"",""5021015496846651976257075138001073636395971189675163427928676025819440847903""],[""1"",""0""]],""pi_c"":[""9250930989932183190807617815075117030459770935392440725041876018290706336770"",""11968358477064835873333951016854095278632983081048284039427371329491997454784"",""1""],""protocol"":""groth16"",""curve"":""bn128""}"
"ESG_ZK_2024_397","2024","1","2024","efab05fce3178ee54ca08d918d7489ee2e4196352232c0c405b8f1911c5042a3","500000","1","1635538925971562108567212186420291228576162438095819391667667493413548979544","{""pi_a"":[""12263248464432375847862015896046278739487419570392954697818031669978165798409"",""19578622441045695324664202026466184491320287538740229796428921892340445208274"",""1""],""pi_b"":[[""18547369239206116668778298827972352469197798451469089980220088573923068083479"",""11325696262918129186932271458028707745800515040989119769890109060798400591889""],[""13759010832215018547771277844283398307161542198301445424567428926239385911311"",""13318717113292563514227865082221661377621029267539456630795742100946306608808""],[""1"",""0""]],""pi_c"":[""17956912156055119503622595584529956082910882585506582360921201880910825263270"",""2165917753999504965014848388271979261589190037187758927729833382602555272045"",""1""],""protocol"":""groth16"",""curve"":""bn128""}"
"ESG_ZK_2024_398","2024","1","2024","cf45fe32c50cbf988313982384279c09b1d4d5ecb5459a7e57559c651538e548","500000","1","17171115137999958940786143303950276487691518759329561861538359948824284181086","{""pi_a"":[""14396923857067280408106222964107058276840290450480388339892181694419579591422"",""2938679171171287054614764136656481356452086117576403931443317012777975489802"",""1""],""pi_b"":[[""311873788881109443448856436160530511287373617729736124861466979016265154578"",""1815052557152345936110836613985925111645689097587543191988555729984289975845""],[""8996149010859274768186787027548896535846932044344174504357608105205073640711"",""10602619478644536696557169000126130485919716406554610109183928900200064170773""],[""1"",""0""]],""pi_c"":[""2957602483443399536453786112398875419994223939803351388332435174438122678190"",""6988950513985939027600139390860370379588314918033013819217464860409449496871"",""1""],""protocol"":""groth16"",""curve"":""bn128""}"
"ESG_ZK_2024_399","2024","1","2024","96cea7e8b8d3f97fc55b82dfe5a5e11fcb3d713ca49e97e5134edfb458dd7d57","500000","1","20035850751997286861501448387566739546754020254491210259049480265567631657455","{""pi_a"":[""16258982373205802155201401311444368427174295501946773209673556543483186453320"",""4194571783062906112489582938635277537208879839539713269027599011692098639605"",""1""],""pi_b"":[[""20087804870150432916985888092352684442887409302550832205991368562127629570665"",""20589793334726239060846543260118669182728514227615038271853246671440158067062""],[""17197282912175610811838368920859397844755382968304225024096032648676365335964"",""18186414651885375436936551986896819692741980120790906189387828382566477438501""],[""1"",""0""]],""pi_c"":[""1220762750100506334200949387106996832762000574516497171003657494872862844995"",""15427440542614715272408604553089914231066856233332463047530651657064681621779"",""1""],""protocol"":""groth16"",""curve"":""bn128""}"
"ESG_ZK_2024_400","2024","1","2024","70e75cc5ab433def7e0effcc5cf24854dc03532aa0b57636724d8930fa5a94dd","500000","1","9698515021110506048071701407887127849465939846412937534541940725706889309907","{""pi_a"":[""4675475470941052917092234523678827194801364433631272099098101040748455905926"",""18370760910184224950152475317150300829923516056646170676001221933562824199921"",""1""],""pi_b"":[[""1050248648728849186302833009985624320977287644931390995998850358748086928584"",""17526967218513168932083098539883991532155049777966760466047655008636200605484""],[""17141706157159070192203286591146130442981344881625520544154752107475462099166"",""17292181254020332118377142310371996215644050632607314840952505257569224480573""],[""1"",""0""]],""pi_c"":[""19503907509770864360919824180626865693502380530713703732811243563044531462233"",""1169014315882112370801287679006570075382127253358230878618028104531241065320"",""1""],""protocol"":""groth16"",""curve"":""bn128""}"
"ESG_ZK_2024_401","2024","1","2024","7d851ecda331ab2c38ba39d13c74444ae59df6f439413de6691f5778ce7dc4c9","500000","1","12292093987155560665566060656212492138576225971230083991802972683311092898050","{""pi_a"":[""20353481238375610682493827087282632511212186933590696037681859739513901982045"",""16189071045105353834801549009123300767584267962761707683385327983901986554727"",""1""],""pi_b"":[[""4059243683961336422826763126692887141606221253681897919538467263771255864074"",""13923994885850953364092649703020383057793322539913793416057328181969354382201""],[""7316202467050239194983998395233499671656587036714777369272189819057339288178"",""15363540343740178783093777382398871025832197174193663093972149602404918439622""],[""1"",""0""]],""pi_c"":[""10981653400580649062447260073280991072240964277418546636975960759278609581744"",""20643824206767619819585269700425355457760643704054143236308656350012420909883"",""1""],""protocol"":""groth16"",""curve"":""bn128""}"
"ESG_ZK_2024_402","2024","1","2024","4f44a46d91e989f67f6173e707dce0778622131afd04e669b6e4141f49ff65bd","500000","1","5248378185497289957535924820578624368945785536060420948587041631624605990732","{""pi_a"":[""7303835535332682563926167946809452779044208780866025170886570623555624885251"",""16389219248785255739370488207688227368250770938991415173213102504025446143003"",""1""],""pi_b"":[[""4545477880882223453994393350857738790013382576755609217463684896312646608761"",""15004930592270804243778989185500663720901358075419181933743717759259445173668""],[""15976756083762727997355254634242997136994167171449157247823376792457434577035"",""9990844261999115011024696118986197262275441567271398497560063201136376715859""],[""1"",""0""]],""pi_c"":[""10568743049844143620317092494376741044506120973740248094049562577154792339637"",""9265208628092723350662500478862782610480495907738095769519500882752704359956"",""1""],""protocol"":""groth16"",""curve"":""bn128""}"
"ESG_ZK_2024_403","2024","1","2024","32b91a215fc3dbc3a513a25efe8e040accac70c79f02e134e0242bce40bbdb8c","500000","1","6349736399854992344308230336771379103002931312992552515970831341293822145534","{""pi_a"":[""3577409619934767670637578395830108199226248571815589017925597878769983626417"",""8971757331500077039352812416941862092542700691782513218555544468464310194992"",""1""],""pi_b"":[[""18767738122993873950678051081746950590930020840955944906715752822862739069772"",""1094091211355928923201969618550852299672510985628066191880352101708544256954""],[""20255721798162785095161105589505334841811394234664860310491570670298007052247"",""20540524010792444769402877435686695643450521117667757433656349434667130492543""],[""1"",""0""]],""pi_c"":[""9603551249911777209971338680664839302943355338714805901476863424084669685222"",""13146931208524233282379517388786405401186328230098332382858334724705534671083"",""1""],""protocol"":""groth16"",""curve"":""bn128""}"
"ESG_ZK_2024_404","2024","1","2024","1f7eb2daaf299c5e66f3cd6c442af61c700e65100ccefcf2f7ebe75111dda48e","500000","1","12477151519921226279721460445990118058556359326720235322763103044335846086011","{""pi_a"":[""14418528515326338635116372710445248484532511746046848045305958421822833646623"",""17363921930693079866863096132809883305864789616124594906700895445373568578"",""1""],""pi_b"":[[""9562331361247532681716631025368960437452271241765288499734512836750873830933"",""11290310877759419861848099588669166252051752616553465304661773736770265512640""],[""17321566724926309224568569082333352003650248480760438994373469487654289627192"",""3525752422111785099706101338651257101022107611220517840956309452962676395059""],[""1"",""0""]],""pi_c"":[""9755277802879942359654242970694577133287201768691151956349452806998149140718"",""12275352524966866048079232264941139240478883951861364078730306550340916021852"",""1""],""protocol"":""groth16"",""curve"":""bn128""}"
"ESG_ZK_2024_405","2024","1","2024","deac60daffb337ff073de26424d9e27fa95855811aee7f82a4f49991c2f798b3","500000","1","5091302626771957764872087647554730559002952174297230839786815707001924531037","{""pi_a"":[""13372652479117708852248055165692148326034983418752658295281364660878457522218"",""858253905665659770046572421069073584139530947201158053014401646513226067773"",""1""],""pi_b"":[[""20376499412167332390416637041955723218969908050869175161665428462499383465556"",""21681760304932795017404125357460847395956707940341301031994440509335105895624""],[""15720903597638055318362521492228565103202763494618824232404425851687462654185"",""7400254001696049000893507027580018533046365921638304234899495463109013684525""],[""1"",""0""]],""pi_c"":[""16175779445457827120133125997156871993081076693649235377975247088817810921576"",""2674318283077530826435169330857242127458283871630343791101677309841987545538"",""1""],""protocol"":""groth16"",""curve"":""bn128""}"
"ESG_ZK_2024_406","2024","1","2024","0b684ab75d8aab37495c579fbd2891f359441ca6d3aa1b1006853e069cfe1f06","500000","1","15495701913896256928630485194036755852271299224576813719988179337589300648609","{""pi_a"":[""21052836683060896000130301936001830624880626626373627498415581596023344069658"",""13039126430978041630367469388794343886390229047429525518972238037678490564677"",""1""],""pi_b"":[[""7715579600810970297169200612174182749617392048857069250018077191794245614537"",""6356677709736718354219337015202460412227238841949438693115857215934501475180""],[""13179874361290857798502010978425827872683776466306689080572950975040949418126"",""4933412599442374232238470200557816109931321519496793976251833742803950301066""],[""1"",""0""]],""pi_c"":[""13786292879514886433181179374154700365826752309199527101539540541396587561098"",""19118385900981175508182015599612097703778273210741839431618945837753470467645"",""1""],""protocol"":""groth16"",""curve"":""bn128""}"
"ESG_ZK_2024_407","2024","1","2024","588d1cbbb61603277ec612849f86823f3a5051257506d9721ad34e7abf566c8f","500000","1","1118818241129776151500094849703919057776814495094760317038924655921122067225","{""pi_a"":[""13323083581151052813020231428021676132719141458470693719049288687510205685289"",""17176463185840691787550839418499589897375188054379111787528705343353327343510"",""1""],""pi_b"":[[""7360051065360426510146364429293123716266364404560739574616588699706960507489"",""12188359812520147419447986241472547206349078193147914090140540782309075210438""],[""17819359857304994232512725765132967643516296975841855807515845449256977697914"",""17192130595634614838009454988910863156889644921854585938132025732754214368618""],[""1"",""0""]],""pi_c"":[""16084428679234173668707357358369405559392032842806221168964389532685940091895"",""9654632849895854836298831537049017141437799925706108367461065377606436734965"",""1""],""protocol"":""groth16"",""curve"":""bn128""}"
"ESG_ZK_2024_408","2024","1","2024","3f03de46b6b584371425d9c762723577a8c2a82998e6d97f5cb133db63dde439","500000","1","18706206350548055486624515000016482607477761574084536354698033728315537983704","{""pi_a"":[""12650883786004023552795814028035923734340798637057498000846729603263333838274"",""226207751324007439545348957568662027301286817761368430957081029243785071953"",""1""],""pi_b"":[[""17594833808694448902464689950985130340838413506523442605098515319779219989017"",""21286658548621230184606997121895062618184614832932215062798413843547845978189""],[""11725185061413647069516985198133237486288945964639287769762981498805862680015"",""6724903565877901553355579698729688568669269639971295511851605469837256770383""],[""1"",""0""]],""pi_c"":[""11516828714085296087179051457267359416900658210531231119521805992066030983690"",""18711895939998943409362694707224170838631611683184749457097376966849714114113"",""1""],""protocol"":""groth16"",""curve"":""bn128""}"
"ESG_ZK_2024_409","2024","1","2024","e1b17249ff795b49a0033934e3935bdd6c2fb8b973005b22a7bc6ce2f34ac1cc","500000","1","12848016419586975726372065859465856963950925952814862230188015634417505152926","{""pi_a"":[""9020295993211845294431202094504457247398942408728583138224854358700012288362"",""21840765541925009488820925441724044772769141322945514783563293588679081877439"",""1""],""pi_b"":[[""18929858509158772409165939666510153587207272561709547989402580455416020885722"",""8693060980835596495968849594833663385477969175103783396266340090027905194107""],[""3756243341749807413134921661329015009312830711287982867897375535819555033087"",""15833230649035068545981780058402043052904530146950966193235567148420599219646""],[""1"",""0""]],""pi_c"":[""18070718303254099224068718438394954913990129274273814809065251427841107453584"",""7902487435699668891185248141065469718499099159762164583192191074931656513002"",""1""],""protocol"":""groth16"",""curve"":""bn128""}"
"ESG_ZK_2024_410","2024","1","2024","6197155256a682ec17e66eb79651f4626a096de192280f34c0aa46f18206cadb","500000","1","11392413972297122650654541167800210992935973996747331018005641443975643671301","{""pi_a"":[""5137774466324018653377256310893215586167452692163942015102320520741469634012"",""355191414106451639825919730000546803549052322038907949946111410328808677777"",""1""],""pi_b"":[[""21124768422124414034067062483900556268239798699504331801259963346366021808721"",""18093577308290535301598558970362926278920749047926219977652888458671837733004""],[""19014685635607084158817742471302102380152499555011667465082381140802848403050"",""8582637624003359574025746995423807450529007993762023481294723094814852908912""],[""1"",""0""]],""pi_c"":[""11829315353112413688773950450936193710340144863317581546191101017626334076411"",""3599774374288557163644675065794608408194550373438683540996737212217838478526"",""1""],""protocol"":""groth16"",""curve"":""bn128""}"
"ESG_ZK_2024_411","2024","1","2024","cc41cf506a905c4745162ef2db82bcf3df24c4530116c8def203e164fc53412f","500000","1","21851450380484059884680746561939957839411177780955082460200869547159879725400","{""pi_a"":[""4948676923232569098259795590784894940722999576905811832990266753601902073590"",""20783473343783302018890177415953491423415007715648299675592828208413676376411"",""1""],""pi_b"":[[""18937333091650897603046764030467194018573125957037817909668888807486273405411"",""6984741659117545429760109347110064352596318827273537887759745861431801794351""],[""13444601871322361317697210845480123300471901935286703133404452981017442460757"",""1481215946344036511747669353949994847073593495060599620193394478765400334722""],[""1"",""0""]],""pi_c"":[""1232335199928141596059683870983903005845942800650579875533981469732251038721"",""11916556362599061806730771515288471320607318969270225423475664026091762858027"",""1""],""protocol"":""groth16"",""curve"":""bn128""}"
"ESG_ZK_2024_412","2024","1","2024","1f7eb2daaf299c5e66f3cd6c442af61c700e65100ccefcf2f7ebe75111dda48e","500000","1","9163948952988117361640259276673816365804323273305366842914930783437484527129","{""pi_a"":[""9095064429476465317393779692821573804535174247110823421889029579413404113195"",""9465091522904775383140832947421882603552403293475274902870090321465989528244"",""1""],""pi_b"":[[""4554200583647980895829882977597575488274640807301801175621608594123982147905"",""13696531103150171065631795761906418675724386003527887625285699128904087062004""],[""18492142759183365479956861303647320850905874153915960538521565943093033822172"",""4615512640629277323094548233192731381754308047250145115897806826516338124242""],[""1"",""0""]],""pi_c"":[""18044577208570024021532443122609249737858406643147914796421872894799121494004"",""19803884369756186721244980147661081451408600845138521243528325999266148502771"",""1""],""protocol"":""groth16"",""curve"":""bn128""}"
"ESG_ZK_2024_414","2024","1","2024","cd3271c177ab0ca1f55f7f75baea9a4ae66774cfffcccd3e59e513a96b651f53","500000","1","5394612238507708934232873669304087397973771335112860708170512816752223795353","{""pi_a"":[""19452856777935676799260254999714181991665569698739898521113500278172762267045"",""20542604748407150878483253856107165674169796133063760909491706737724921856482"",""1""],""pi_b"":[[""8749134582218793230139301052622400449561038926395934368632655749002154306143"",""15226012313883104587408613575086135240708744845534950714547205956369669932156""],[""14445069274896141337272518504706996787689027466380824419884473097487653323116"",""15734245946193034937667053396300034973462337313095775252679988029098862677487""],[""1"",""0""]],""pi_c"":[""8380412105079471420497055709898029754201807872644973251708235428135069357665"",""12830770494308470093254834764051838542274277360882303569375494642293312043020"",""1""],""protocol"":""groth16"",""curve"":""bn128""}"
"ESG_ZK_2024_415","2024","1","2024","b99d5c35a942f34cdb40097db16a98537d72b447ffa580753493c1be7c7f0bd1","500000","1","16397305164382904347156186384684450299688403055094666058733887622691398523159","{""pi_a"":[""8520370099189235109764816397953838133386797208534609817049378335751065507280"",""3753374416175872313066875433510980359677285496115630331170485272631412213077"",""1""],""pi_b"":[[""13289384196410600589264002941532120837131644233589356038104166321499417752823"",""18569159598721190322492846390457704425181863664082099385530009764068672785788""],[""7229247969146704948658087497126955420643869414386755554127337793890897650900"",""12162712918275108523950836286400176905852161858144911038228026010942576988251""],[""1"",""0""]],""pi_c"":[""19842621464243498619094878625106360756578424542098489902094040574619126368388"",""9533856538173197432637864154577830258826659536357081987533375066849556642897"",""1""],""protocol"":""groth16"",""curve"":""bn128""}"
"ESG_ZK_2024_418","2024","1","2024","e2f199ce849aca441ac379945c415701ccccbc680f0ea7a96c16885e8ef50db2","500000","1","14521455786413607772428181401357956147281994022321189777347654227291742019586","{""pi_a"":[""20883000096929359251556878493413339976635004074003484283300073265899970690985"",""3125733394129146532270971296289853012561715450411360180967415665369393556771"",""1""],""pi_b"":[[""5645466997236473301921491545746091798317975239827840262895081843621972847551"",""15822229606378311800523798628481603306143321897497371454879049017521530061116""],[""12153224948731814380680876681888837252045105197022191259195576012187704608492"",""12070900391683675837688150427661542263339332919514195523592310669384570911038""],[""1"",""0""]],""pi_c"":[""3173330176148943158159865207151155766049936734841624247610559643439016872579"",""2082913055202113742377599084571812481414447876909658734358027601821527342060"",""1""],""protocol"":""groth16"",""curve"":""bn128""}"
"ESG_ZK_2024_419","2024","1","2024","6197155256a682ec17e66eb79651f4626a096de192280f34c0aa46f18206cadb","500000","1","11298202188405813749801695767312737965885236290243306323979090803171145435139","{""pi_a"":[""12197102814191616566067662376813963273679083219059080462775086696970104215446"",""334797043789423131537830130713423976550457348272807164798084092874330139041"",""1""],""pi_b"":[[""6783726733158771120831068550838509934639025963518542568983561697836113501968"",""20330151326176161964944961536174922669795680869870346653518075549105233775792""],[""21449705586446681574176282055073275017994813295671395206177605581035355777873"",""16188725481909176468048881524522525754367746164990866184857684518026105119963""],[""1"",""0""]],""pi_c"":[""12792634442546475796822364393649192307884079925329844692228941516948196973028"",""146521850327906322275350068240935700748854083825044198756980847703735565781"",""1""],""protocol"":""groth16"",""curve"":""bn128""}"
"ESG_ZK_2024_420","2024","1","2024","fd40236e05a5d2592755e708ecae737c6b4899079f45e5eff3c221908f057456","500000","1","21056256672301296913489163720994887785622163596728950647795007502008718385683","{""pi_a"":[""13929941401294138936963295205268899618235938209693036950493600890860048935106"",""15121850512718210382231592881082815825672217210576922304294396011773139247902"",""1""],""pi_b"":[[""21602667028798217088348348286426942213381690636511966350467528429841970125287"",""20873866100648880723066358788012117295336057021672483888181592030445486438857""],[""7087654362509817582594897267246038184401681444516671682611883291402086388356"",""19837613720478582200042978986312855446118088008193112541152268501857479389853""],[""1"",""0""]],""pi_c"":[""27905126053051774973192288712634363573167948787676090197289186944901684122"",""9102255252470953861637647225373155437472049016312377665371796101838234856509"",""1""],""protocol"":""groth16"",""curve"":""bn128""}"
"ESG_ZK_2024_421","2024","1","2024","cd3271c177ab0ca1f55f7f75baea9a4ae66774cfffcccd3e59e513a96b651f53","500000","1","9905131532894349050198261731891272395843647590641147596800146113253659192076","{""pi_a"":[""19853338716443376470362695346191857523905378430413612983325260198166869301974"",""19475259375961171652050792436550893856226952802622438026076283231920582513343"",""1""],""pi_b"":[[""18778186697942522921636332254518817234660679736482410648787154933214972653910"",""3617752733053300822752699311683368935448393347436054221790382821420481097626""],[""20946891148892654697237092212402739140358142455566207713280732130795941068856"",""8435326295101240729284584002273114854631232958910567476713740882793951913469""],[""1"",""0""]],""pi_c"":[""9559170815197958811792451410471052545365896741717076334429120836438386012768"",""15127381706084807952126369829852529259838992304551001508100873731721400631904"",""1""],""protocol"":""groth16"",""curve"":""bn128""}"
"ESG_ZK_2024_422","2024","1","2024","f5d09c17f3ef1abc2b72c646ef531611284af35f1d980f5eda78d2449e60c94d","500000","1","713940517054702347471658978236494535149307782298932749694307760325200640047","{""pi_a"":[""5068885337873433550062574401698569789248339229584728823573521302194692791234"",""14084072070969332638327650886457128391535141156850093809585895627392529362953"",""1""],""pi_b"":[[""17513765405774726741928358423265261624093735880715838388415315436747068187340"",""16497393353254442274726848195448927988913750077691034068631424432701389328007""],[""6775575485197988025240891189626445961129463446322600249693679533963545728412"",""19473476914063327902718700811700051799107203487426130040248651685789097656605""],[""1"",""0""]],""pi_c"":[""20091532600291989770324838815656588754468637826982708267383563229942539124104"",""18522350890967844382383142938898953845237262482222766976186420656388989236821"",""1""],""protocol"":""groth16"",""curve"":""bn128""}"
"ESG_ZK_2024_423","2024","1","2024","e423964b0b996ebb008f7f3f6aa8f0a453ec90edbe73a4f2db05a65e456e8111","500000","1","20641434048448933006144626731841680492261650952108791802011705478004926536673","{""pi_a"":[""13221646426512264180772177199662516629336435293858235264602123658806985356179"",""9187751653640670586417378725149454270138045640920875456537440443221543052337"",""1""],""pi_b"":[[""3773994294691727818912288547902371488911596001369311280541749434453574260711"",""2122894531124911792789142761316915836902661065878721183898183700543845627537""],[""10615677286277661906726662412538384921445152923927223716855621130775977887563"",""21770572859535003078366846295348488350322034211103290568742618017815956287028""],[""1"",""0""]],""pi_c"":[""11234842990678994938261312911241083374891348542578802449783631103541726043696"",""20195318410841814583781514611459346222449725183107137856734456330893230300698"",""1""],""protocol"":""groth16"",""curve"":""bn128""}"
"ESG_ZK_2024_424","2024","1","2024","9183b22dfe445e5112022b5ad60b5cb50cda344a1614f8206dd1e1b87b1bb1d3","500000","1","1398756216309929866908426588381576260536334424451048534608619585534461688807","{""pi_a"":[""10764684238512442958205968995620786484061912347352683959026455478138296840407"",""3797928689382210846189508792309212629200612082382414781515698991128676982705"",""1""],""pi_b"":[[""16587268603707649119493170675344837880976413103256546631797742555544994651793"",""15191342523985735915571916113345449635129819803917697226709715965248391116657""],[""16888877631697319436588714272796736204760589699766546430628268436836409507846"",""18124461741509833458131726817764822272962986611912932013216838368434736308415""],[""1"",""0""]],""pi_c"":[""3901644954801554051514153417100693439891649230796633396617575927326793278174"",""4707837931887660477022410959221536606119179684063335936372966732968765793694"",""1""],""protocol"":""groth16"",""curve"":""bn128""}"
"ESG_ZK_2024_425","2024","1","2024","f5d09c17f3ef1abc2b72c646ef531611284af35f1d980f5eda78d2449e60c94d","500000","1","5325921031199017876359274646948418038798421796510403844044840144791788189042","{""pi_a"":[""1323309302654265016427278465600050004299325609953285534359819702554818777038"",""19261001279631655990211838726938801942230412395059712042767231252325565240078"",""1""],""pi_b"":[[""9431845547590175199311006546721771467695697698582950797054279547316766310718"",""2829816487170848199679817791148024923864896385451317816844659218325614799657""],[""7408674242501559685490951078734095540681571472920130013927276329313521447657"",""1058322328182482468224620721652331526766057549037454209220256136393299056199""],[""1"",""0""]],""pi_c"":[""8007976652950384382983790241993298963903124346242387469404700222344261624498"",""7842503128316820693132672151114766499790398908426859964263440561231549424485"",""1""],""protocol"":""groth16"",""curve"":""bn128""}"
"ESG_ZK_2024_426","2024","1","2024","fa103bae88156d1423427d81ae7625c083800aa7468db56aef8035bb7719eb14","500000","1","10902107375117147686189024684187596039182406436670783888599645531816008597556","{""pi_a"":[""9249076031122592282170619882230578935335617582265602919861805242158518359823"",""21793571720518934662068571315972046916583768505260723131137044391454876117489"",""1""],""pi_b"":[[""18530831635674437366932681633219488940770702597820835407147767958847837329365"",""140516160143934557316631302323104115150780658657924973556470617221177727774""],[""17729380644318921674712510452012437559122479245362169633463006269264984041256"",""4902187585908502752969320980064782897458912845139511735025686263775627771127""],[""1"",""0""]],""pi_c"":[""20262357436465791398445607549443950357789212595484848890099153543033470307573"",""20410230525545084506732671254285210384369180568087199690006251905156034907150"",""1""],""protocol"":""groth16"",""curve"":""bn128""}"
"ESG_ZK_2024_427","2024","1","2024","cd3271c177ab0ca1f55f7f75baea9a4ae66774cfffcccd3e59e513a96b651f53","500000","1","10854925296350431502315175304476903139274562948933787281437891265918585932357","{""pi_a"":[""7275425822562965479937127490529914075679437885036117952650685381954332538670"",""15387133202585607545996759319145647546916703734926661536444552841744644478827"",""1""],""pi_b"":[[""3108295298080993265912008604960338770711694552937867912779166462764975069431"",""8682068439728075045129104922387676304725167288154520636648660689554579914440""],[""21412398981584058299504502618487031443949149873243869522322785859099870631046"",""19770600159030838805804446583674633349471075513987705524423016638395006421603""],[""1"",""0""]],""pi_c"":[""14947192515111778012009292911188225913538219449744414382257124069770193786592"",""9197818056986170136829152268337705214906786890567939504714463459524166951100"",""1""],""protocol"":""groth16"",""curve"":""bn128""}"
"ESG_ZK_2024_428","2024","1","2024","e86a0c2e752cac92d0144f69de450efd379390ed451bfa744573113a49c9f197","500000","1","5466028942485895234156776995195758711683806020044726120092243857408018925984","{""pi_a"":[""13985613847516714263318631823853810658306653162351857500356769634153006088204"",""16718876601603155968350855071601882990244991230475307625248536708877968053064"",""1""],""pi_b"":[[""18345020784313013589413435090857197290081880572670834475139991698712963504881"",""453019690943640580381806888717232522153881379822904684477881120308473884281""],[""6979224065196089102827481785532601644105560548096646398684274035421088421537"",""3833997922699719422464453816225276607233902541994694005652654301104912840945""],[""1"",""0""]],""pi_c"":[""3949795773054959364885061481418157896279008753790677353884729670081590897091"",""3312105579629216710346767429174879328977470079836134619302864406359359432970"",""1""],""protocol"":""groth16"",""curve"":""bn128""}"
"ESG_ZK_2024_429","2024","1","2024","a8f780ca263e0617f5a62ff75dfef2ee9748a7679d99276e6445ec77db8e25ff","500000","1","13326374170991611020441949594746110626304585649334152343827285662956443695191","{""pi_a"":[""5387510495427988413693020509560157082452065198105382414303720346552132873273"",""3663684590289233427097369923585029752236518040953909469711136232160436825667"",""1""],""pi_b"":[[""21330918707949864326061620138394678084057320192309312896418207286026035551236"",""8343748708902837161047939377384600065025803015212040205973261759988146476757""],[""16818073586804971576897631905565984475409953862283327274837102737433611427380"",""4913633359939367521554481891279576982445598005274156127875782321139520154727""],[""1"",""0""]],""pi_c"":[""5615034614222702003118654075113995996063498037465088461782733507029455593459"",""797548322296712894886600554063511734364029343948152709854196006294488723242"",""1""],""protocol"":""groth16"",""curve"":""bn128""}"
"ESG_ZK_2024_431","2024","1","2024","01e8f7c2f2f6cc16496b742078c0db0807b28736bca6d9408fefecb27cfe2b25","500000","1","16148073052379640007325475829143898832842149717194344479383565002646644499115","{""pi_a"":[""21306778907272729079374133781678429266216060268013681927925140617070600407234"",""2414365406076149560941935533222505252287119337018706910164197781155754958532"",""1""],""pi_b"":[[""10376273786144193140551413618344033131932783890910394702420401703547326109982"",""5928912176995713644131859302377383601563294121831913666310123809173758722120""],[""13952384603610557543797368768758875047990276474618721930764613964596794691780"",""8560336087133688477984514628382691303305437966204639815433034479177451343657""],[""1"",""0""]],""pi_c"":[""16092603038793814157177052180451415204996276988839602350114328368821941881524"",""20738085013634209398538502673486921999154824764019880537774332908977687418963"",""1""],""protocol"":""groth16"",""curve"":""bn128""}"
"ESG_ZK_2024_432","2024","1","2024","18d03ac8581ac8988d6828e57368ae649640700dcc76c6df7140493195ed2e9e","500000","1","443709064985995330411041378928578056720185592437894132371015623718329569168","{""pi_a"":[""6884960576669693006300196715177336809821105946089802781467002707603207892968"",""13413079509414311753261264973932701185732540965043288974988479178921180631147"",""1""],""pi_b"":[[""2214368480571650237564988814965764784736636423436025295594714983996287179121"",""10606348572742820047808187589949443174392229004588375457399514008952240161107""],[""2156710412127842339760028832611646779843379428710755375146305756776425132681"",""3543808311465866411394782884408877069775594638018091506856336616634751417695""],[""1"",""0""]],""pi_c"":[""6758506704311939107268248929921792572949175707891138878122543763387129781079"",""12244514385783246082065639555431043218508879181987435649199451531197918336246"",""1""],""protocol"":""groth16"",""curve"":""bn128""}"
"ESG_ZK_2024_433","2024","1","2024","ce39b94de699c0910f89dd84899c49c69f4361a3dc91c7ab546fc47e750b04f1","500000","1","13253777786793671772779492374813443881287774418553583928728488846213495921233","{""pi_a"":[""13180603656633145582495939045415810093940173819718501730129937705116553553202"",""7902043675657083119349370496530304768702572495304770123126862309320570604897"",""1""],""pi_b"":[[""12214137242057396077385182818806570852914435884163363702142841292094125874965"",""13001339415147571480706905243647935231787752789799804285750354353266309854013""],[""274570183155895636909904904223276756074692942245906553022515393624103429008"",""8109070171046271929697532607036202508835995674705864062351699412644266544782""],[""1"",""0""]],""pi_c"":[""17618818962371354273794892917968059072772226590403941136118561404403892488287"",""10553228585743425597281550183666146017949852352510042520517537380368593225556"",""1""],""protocol"":""groth16"",""curve"":""bn128""}"
"ESG_ZK_2024_435","2024","1","2024","0b684ab75d8aab37495c579fbd2891f359441ca6d3aa1b1006853e069cfe1f06","500000","1","15520675448033016645210187773429237259576061302708202598331459162023118116241","{""pi_a"":[""10603631255590443065859288436174893796048441001411485872813616042001847119682"",""17351939957828942685691186362146791095005200757785781702326450342264279445986"",""1""],""pi_b"":[[""14866885037356220140985095076598036799355572307556222123428670568792294693673"",""7813012709353640202256601210920900969599993864343737774535494031125034928236""],[""6968091760059677810550335263960503686015725373431861694197866994249354043588"",""8670494617379382822881020055746023894110759634656054921349263191203277772157""],[""1"",""0""]],""pi_c"":[""2128912773943462178475994329711360614190465677641138881703269822938418494369"",""10863832641813814591413779290304056205978699222236476837558100662732841699675"",""1""],""protocol"":""groth16"",""curve"":""bn128""}"
"ESG_ZK_2024_436","2024","1","2024","d54c3d02dd80492a1383708def76db97abd8f54541ac145f07312e6907aa4905","500000","1","20155846935554299586556706502442983290541832004190300898888396995817109190525","{""pi_a"":[""4306630989740137208207823146109227121420828068054620402237803063367451658113"",""5979656612116298717357965202836022789522890019224971134518138647122864170970"",""1""],""pi_b"":[[""5990581988468417118127597644022848378885918647716280440522032311691247533589"",""6589445811819182119401124614381401805172279170179509608639447791238929931849""],[""19064623521185741946610875977217396776859160036391626295446088338741216270163"",""17747080913457520770395741945012293929953507899506455747751887456563880481922""],[""1"",""0""]],""pi_c"":[""15597148616008561675761963537387291259776040761238158538643472584668301262208"",""7717678873122323635230184765088236596680744873478316328072379011736642405045"",""1""],""protocol"":""groth16"",""curve"":""bn128""}"
"ESG_ZK_2024_437","2024","1","2024","62e1bbd6a4fe6b1c90d8bdde4e6d22a9b781bb69e5ff1cf07b83b4195e993267","500000","1","13635931137358852996435751526912606364130428657628472056765414111069502427169","{""pi_a"":[""8109078684943972447276045044689843016350935204720112498717603404916962929978"",""18620314882747274665958082368263672077957593834993337175084754581185423858186"",""1""],""pi_b"":[[""751931748160817903886199006069925346484935548819754599986212105901045391376"",""633423135359887360201934647319946331769632519730624209798145955014272118679""],[""12683412538359297557943438002911505114020329655131811065221980146433005552622"",""1548334888938965664542702092965604943398946431423362868689808233230738057026""],[""1"",""0""]],""pi_c"":[""9027615168179112748579572895461414137405761266449716080873778205892658046008"",""20158829972104180248250807925396673452111122426871825394206827073275418294486"",""1""],""protocol"":""groth16"",""curve"":""bn128""}"
"ESG_ZK_2024_438","2024","1","2024","02309f7da953dc9df5c9916be8c70fcfe358bcab1b1d4b8c7a19ac61b2db1395","500000","1","13974082925400224007806089513479729446227157077563320136630595861976450113212","{""pi_a"":[""16371763993070318003519550515012424759259882865121786897516196142439487189241"",""18411839095338021593143136308420460887014631178496566516774405263948142060783"",""1""],""pi_b"":[[""19273037697086446442428993959619354257113928025838287156305260790467839488203"",""5774081235729028233455753382261459370314292181594066337801064286184027269437""],[""3740120195523476299928111446928932937781415290049363782297663916272099588228"",""2022157486521050665744269955384707062117305114937272107566136089118250361424""],[""1"",""0""]],""pi_c"":[""15757677892433538706999035512423613187148503287567953544897091118420575712739"",""3465774779774077455248500358612061648995688375407867298521331778191750985074"",""1""],""protocol"":""groth16"",""curve"":""bn128""}"
"ESG_ZK_2024_439","2024","1","2024","01e8f7c2f2f6cc16496b742078c0db0807b28736bca6d9408fefecb27cfe2b25","500000","1","14495644546377631277074277937589110741837232281174773155885179924485648255616","{""pi_a"":[""6290297595751520137608755892010079074692481208573495228984389792082130819871"",""9385295765816514120591960444702344449800809421901281318456446715745610577268"",""1""],""pi_b"":[[""3882100163949940243293756125885699911902234091691794766304976722730465614197"",""14674030553094702522082982263247071053289518437860731350205261223752466226824""],[""241862804842351663276000452974058640949500741438657690547712647596188542625"",""15144254859201168471074622435676881565443061379200908707441904868157089578826""],[""1"",""0""]],""pi_c"":[""16914278072718672242972420080638821996126791848424171689667218630629062512682"",""572198959096230957874160286926157063203129496467056835074186653757262672561"",""1""],""protocol"":""groth16"",""curve"":""bn128""}"
"ESG_ZK_2024_440","2024","1","2024","0b684ab75d8aab37495c579fbd2891f359441ca6d3aa1b1006853e069cfe1f06","500000","1","14333346836881232443824424709233149479560519750752904432665539854512650739781","{""pi_a"":[""2104609086282828287039771727708005684157833477546860164553892449009663198594"",""1091842333706054965149453543720085213100848973844795631319634823978557628237"",""1""],""pi_b"":[[""17326938937067290988774215303020626956219362085687174189471422880642767576729"",""20460676067255576846711698279220659592273425270643481270785868784889532533197""],[""20070766212380649901516787118572146630374472768704705384683856604680384169356"",""1544928715833001446515226261013493512882995457686101072998693220553453377724""],[""1"",""0""]],""pi_c"":[""2028409729679970477308229934209944269876807816890438709948304891817563934817"",""16860373831561032412167122008085652456053785744951685597714966460736458928858"",""1""],""protocol"":""groth16"",""curve"":""bn128""}"
"ESG_ZK_2024_444","2024","1","2024","0b684ab75d8aab37495c579fbd2891f359441ca6d3aa1b1006853e069cfe1f06","500000","1","324612102433987849876090698068345743508032796044057254636692945804974734832","{""pi_a"":[""11892385282253764643714679870085023582181185800772997381906511310919526827559"",""5576808028710670927422044689031992615656775361549530209281850160660885316691"",""1""],""pi_b"":[[""3795509780245086392962650770306442094835466616112961378055102645430339945325"",""20973758457387178886242629011045350441464156922947872219759101713664202236216""],[""5945224450764457119575855492451537501975979378685353768994402636728784703984"",""3646756879024747553948000697036799965360263857657657389642168650818158403610""],[""1"",""0""]],""pi_c"":[""16773847170769239256351475844115765703147063153896799087224044604131844820607"",""11330351491047907597724525150280753002395343224620852983833433705659704437450"",""1""],""protocol"":""groth16"",""curve"":""bn128""}"
"ESG_ZK_2024_445","2024","1","2024","add2c32762b4d81236fb7f72a372bcd6214c022906bcadc80db2f8fa03e5e35e","500000","1","16872867686291646070185374873352093100457003485240206375015924107560239145943","{""pi_a"":[""7961128636117653878832596131100549424450832940535377423545413556675621087459"",""10216849007297295704880280510908742498592488319273978998600602427199878637970"",""1""],""pi_b"":[[""15049306813927726146719193239913241771317763443069640847745574263029694851207"",""13997952322322007331921994921925943090617229438468837273123083277882159618908""],[""523059404350612894001157900053189642200763750112806018512034298450715813977"",""20386327879696620610631303461332325849152708314334088039025658692374854077887""],[""1"",""0""]],""pi_c"":[""15590287357008492880565155505867571015605562530376075904829382693264363683926"",""19667270045593802922543326102373168591350450483296324318964022761890518133818"",""1""],""protocol"":""groth16"",""curve"":""bn128""}"
"ESG_ZK_2024_446","2024","1","2024","e5ec7e4c2831d0bf8797aa13daed20eb2e2992bbb10b8351a1b96e0f15b65f30","500000","1","3609427168587674642437323682660503783690824111809502523556577967159257948340","{""pi_a"":[""15214923243877409690479382314769025872765959192441581300917564286215884456880"",""18268109899728541354147747083504114430185483799597725554318061919820888684077"",""1""],""pi_b"":[[""6098713689985799337300147625877105570989016661704795505167070808503045250158"",""2859154707048098459982313491193257561431462865796380951773818623975873292792""],[""21439223493778682908417965317832691103782261086735925580130927606702361467787"",""9119326490633579567162204683444581632371622994779975868130740416242744554619""],[""1"",""0""]],""pi_c"":[""2848659441362785678818982544894579367848931271686906575145052774419377308731"",""12034165482541732678102995762824592693474027984013104692345667565974736028823"",""1""],""protocol"":""groth16"",""curve"":""bn128""}"
"ESG_ZK_2024_447","2024","1","2024","c9dfb7d19a8054dd29c99cdcee5a847d1f48a45750b372fb57db158a13f85bb9","500000","1","3030138126299345353854172094903002369763001158337662020077779838649687848714","{""pi_a"":[""21779771331967743297863572108872597790243964801260959149373095917924265858761"",""7492270695974456057790625518554214057422349467664158260957023796089925644603"",""1""],""pi_b"":[[""17096606736093008062126943329912972876973219130549170977224854064303633916494"",""11437128987408989286498506412207892098401416460224783876844510775746943589745""],[""14985956729756792641750845470204389813408759347109420267677471029509529506353"",""3232793592971705818752167365232398918338826567554620856023170441904224544806""],[""1"",""0""]],""pi_c"":[""18047080412926809013620365150171779838298651383688186340682363165847687175402"",""14435489773133490571887101733911544744325457870099392243079703587141333326067"",""1""],""protocol"":""groth16"",""curve"":""bn128""}"
"ESG_ZK_2024_449","2024","1","2024","b2bd162034fc8909a37da0e1963efd9e96cbe57018e3b6b6c62c3cb46a3d625a","500000","1","9205211600561885103408347659363383063178023217184439882418683899269340847440","{""pi_a"":[""11783541705969067540648865231362435545897373411718855672733223364419493792456"",""18924110945933000769050747692055718371820960486831622691385787700207371392769"",""1""],""pi_b"":[[""9092353692246135255091151170412221671069445162333935712148636690777156934684"",""1070381036566105062694782267356139164255178572370332915161986954587005064735""],[""2864761655513338790245285240303898405884039958709414746578745631307198171394"",""21370070729745479508262975542662467597775418832210920671232756169605737034533""],[""1"",""0""]],""pi_c"":[""14734719706463538610119478081094891531840908712386327320836881813307646267854"",""18258748337409911313457491207313530317174851811360081701421287133053100296505"",""1""],""protocol"":""groth16"",""curve"":""bn128""}"
"ESG_ZK_2024_450","2024","1","2024","34a2b13bef00a1a5ad48b3d51035be3919507b21fc35ee8c1f708ab00066e5cd","500000","1","14217218777318040067378621655117412061165881253891162897935182979491909332088","{""pi_a"":[""13168814164958231402959614741021868616574614172719510045642204000891513886508"",""844941121660741685320468381851739487204332292925837630867804625467257454977"",""1""],""pi_b"":[[""19043004484553314609960526973192727703641464652030315554508967314867006090701"",""3503046770387217055949957720611289562120712932955509102759725065651424500069""],[""19472012507388855632598996358469188896643590136001681151058287741899570542090"",""6537495811957691404847004907305814698982744665585422851606464346547211771963""],[""1"",""0""]],""pi_c"":[""21762132837162699220352464029520855165715525704312084911791302695853445344585"",""1330786247847871339955445447244421837242566055247468386760680946111197097464"",""1""],""protocol"":""groth16"",""curve"":""bn128""}"
"ESG_ZK_2024_451","2024","1","2024","62e0e8fe6d23c1ff5669df2a7ee0676969e8ff32a15a858c3ff7a1d9305b3a8c","500000","1","17540309852005793901082563704459398525544019908809204601676615203381010612049","{""pi_a"":[""17782423985424306116912009318249832316041628476418132304009694407743262458096"",""14523213282033804997041238347641197847815132714123291473524174582577325707259"",""1""],""pi_b"":[[""11168182489005470521977548250861114856115248117274537604124520507494076208393"",""5038915382325791011308968730578843768101525417059317541118749636636982290891""],[""17904257557061506510638579786574705411492044635707430905211197077375716484309"",""4336937706420239997467288155021653506379784917732088031769679177089879929384""],[""1"",""0""]],""pi_c"":[""14259690775733501685316125652370870191093022911192126963609668189186694472949"",""13714778916299864455062337909987267311589252945046569213423284589743675124622"",""1""],""protocol"":""groth16"",""curve"":""bn128""}"
"ESG_ZK_2024_452","2024","1","2024","cbbab03cb0b67112238edc4beb16feea686dd2bac72594a3d1320da692a2b23f","500000","1","4472986233184427133538667497983364673450350518573742380619543973955022812182","{""pi_a"":[""4245848136178511806255593220194598008358939108576721603064131675380271601493"",""16487453974726357514012050080416665973649155272018713353438084719288789338970"",""1""],""pi_b"":[[""14268169844256760523669326458014208895906994966228646390935259439431270626087"",""11084960088913647210816328208137356351724984145895602644499766710418404816218""],[""15575180491442461968929182692289652153470200375367876715753472764566438211308"",""12125639421636397079446114482300374110992352489779477591044805256455516858440""],[""1"",""0""]],""pi_c"":[""10345665389651220506754519577776269572401714741612620621667006824140770088382"",""10493931106445235211368458369606096291916048867052718306612644978090509228461"",""1""],""protocol"":""groth16"",""curve"":""bn128""}"
"ESG_ZK_2024_453","2024","1","2024","bfe6745cf67483ab8ea6b174ac617167c58a5f7b8342201e9a13e38d3deb2b8a","500000","1","19170295239536957634961039207367777731100964801342510909252513820438398387842","{""pi_a"":[""5616671533167655264094590294590230696879140840114189208483859608745183602253"",""19252488246280623447686600835019640508435644487505601305133813714361808044589"",""1""],""pi_b"":[[""15294752155105354732276876818735302671385325134582055096060287414747075357420"",""17453446710248859735541985884213474968240155222161770599417365106553300005710""],[""17344330817987238505121151795766631923660978639318262660117170249882988941364"",""16113568446643481376716005391289461691429037101750690691747416195254283657416""],[""1"",""0""]],""pi_c"":[""7519155654835279179499226130892283763111623932223182773311231889943586205089"",""1990755266200238107411640525342132529463117526910094150277334454016964690846"",""1""],""protocol"":""groth16"",""curve"":""bn128""}"
"ESG_ZK_2024_454","2024","1","2024","1de539169ea42cbbb09bda50bd314c69c1097cb9c7e8922be7ad075666e521f3","500000","1","2085686134993521851688678979089228197530081065690727610717332624565055849002","{""pi_a"":[""9857254002802881371210900030585450884263859705478013837148801979678339024379"",""6434326544424690119394366302222906660672179156345918687874920118102059450149"",""1""],""pi_b"":[[""10892679279223788764104487165218987927582087730276769292217217184290998750975"",""1829199561367732393932532008343021060546058009585325261482688623522669532595""],[""16328460224544343115675263661893473997475094450747332986623735792358208372726"",""5813721152302395901146867859254062438149134297575923843962923456975749162401""],[""1"",""0""]],""pi_c"":[""1611242699574453025423067020772304716912789176840461162670753047901263182415"",""564176594431047651920036130155120353076907041198075377233967284033933300630"",""1""],""protocol"":""groth16"",""curve"":""bn128""}"
"ESG_ZK_2024_456","2024","1","2024","234c6d53daae93af7b4298d769ce982da7ee5ac4ba6ee387e7e07db74654f515","500000","1","15424698460202004730281326105202084933280323903315221747003891111154589284601","{""pi_a"":[""6821080219316589927841596940271607058740731543107120481215669341484259234727"",""9221839854949893570441143471883642119980920933282878646934782075006075184293"",""1""],""pi_b"":[[""17608776285893509236934562668145637321806205455441448282980001914271626292222"",""15120382795810845966108804936655200525636839358727950674147385048541977625339""],[""1428624243361134281404678838967190984176884722779119382473107902008291962056"",""10483117402464268218907208124919147654031612381341051065084356626470775929423""],[""1"",""0""]],""pi_c"":[""20594627287413206302126999508863580417076914394444326238224645912176192655975"",""11351646795831120899589192648536406729119467456738856086569155551420453141307"",""1""],""protocol"":""groth16"",""curve"":""bn128""}"
"ESG_ZK_2024_457","2024","1","2024","fe2ebd83ca0aa8e4be84b386da1d781f002ed5b36fe32317859187f5fb4f3ce7","500000","1","13322360764885249070963168896620157837472389357453956047876925014840355856803","{""pi_a"":[""20319309181893486953980565038214974823713466793467308532012204954429528763357"",""11094436780170769010454644366805492170468342632191083627495765125339820266070"",""1""],""pi_b"":[[""7270013751380346900274189038203035379937945923334315678055503735983353609914"",""11838790082951691556490194423195182502917136126799389310829408732457282211358""],[""21736959726448342106573801954309062525575702807224441968541695733590444268985"",""2474595244790206792772784522677908295645695048639809692879859253445928804222""],[""1"",""0""]],""pi_c"":[""14583895132179333198739231472023717916531156058991765763808367925376469718180"",""17228496473854095422567389357659631623749647479988275738057645720057305635006"",""1""],""protocol"":""groth16"",""curve"":""bn128""}"
"ESG_ZK_2024_458","2024","1","2024","34a2b13bef00a1a5ad48b3d51035be3919507b21fc35ee8c1f708ab00066e5cd","500000","1","1639998576211017159307763229486688025752606614667305980239193089831298446474","{""pi_a"":[""13240234271181346401970351242427500322318059183687941471094596582482121557867"",""16711408976478843843235273185459537869608150971783127423697664844744105867174"",""1""],""pi_b"":[[""11118900955948706922032736268449995771312235663492773276466675343561954357662"",""8249134600705789028455875464479289501185420714532652965715901567109618654487""],[""10595523506966463148030408592429901678197470708706092388680016956820127597870"",""3186784727265028646302100422625383962269824628590490739161188112368877112677""],[""1"",""0""]],""pi_c"":[""10213300036315209957904503963846273208910170751215693133594963884926407141471"",""8984689478286943729269046710137703721183834124618990993279558351311745729846"",""1""],""protocol"":""groth16"",""curve"":""bn128""}"
"ESG_ZK_2024_460","2024","1","2024","026dd1a057a1a42f68ac2aa319885c5ed1a6b1ebfb5ca6a12da11a7b7e0b2ac3","500000","1","4896789616353148467608016782119053067485553390699840715148730770213934050502","{""pi_a"":[""3485554985653437060200295300668706065330193913101357486536857439451071222863"",""6697522656820311673684756210812713487299787121178071001799134451041129677818"",""1""],""pi_b"":[[""16077052582502697202793945037619548914291347095860510739206513424386562296938"",""1411177143522623057647039757864692301033800171644151412476868984637649432090""],[""2839655245013379996238380996919088687141340580924581758407707488106109005064"",""10870191434651931968995891408462327335683250078756568114993579241986600441074""],[""1"",""0""]],""pi_c"":[""6270312887009919012895501404061441516294002962253039581645858912761655767125"",""9310671547359814571860460150067173171549311898036315651825546884802160041821"",""1""],""protocol"":""groth16"",""curve"":""bn128""}"
"ESG_ZK_2024_462","2024","1","2024","cd4646a58dc847c9d335b5be4528e6c3adb3e2c7f738a0927de063680c3d8238","500000","1","9830277413030799072734433190622403345728925769526572883140159340187642754834","{""pi_a"":[""8191280375318008553267173889531949057914831187965579082698147546852156008661"",""3647293645594245314271759973826142331662292277714003447250270369419152983862"",""1""],""pi_b"":[[""19576932107853650179956711468057896095962083654411283426079863357820866545095"",""5427413916810512866896057840106210886483684395412245370239898162261633719916""],[""7121863421639306656830812699421030098799469229822897613282606250753358452026"",""19725953015048685387081817883055666703584350790283616147554568401839814362759""],[""1"",""0""]],""pi_c"":[""19017138536343884531025517382011352382749728759419729117702938675785871278988"",""14111263343984330023262285652565583366449368780355297706577175354846474412299"",""1""],""protocol"":""groth16"",""curve"":""bn128""}"
"ESG_ZK_2024_463","2024","1","2024","0b684ab75d8aab37495c579fbd2891f359441ca6d3aa1b1006853e069cfe1f06","500000","1","227248211530454129910704540075756566405965263137444809383942409113093318286","{""pi_a"":[""10588681129864097234191791749214864714535230291327038395242597009138008559062"",""5857869633551567702137902150662826968640612124451429695071173005947003093943"",""1""],""pi_b"":[[""20350009225436020042063803080409094548765323818604376554725311926384003254459"",""717469439179950440576131748223910786033739255784210226543163570093025214757""],[""13532715510557988747019891528933368735440298135317877437395483901660647958052"",""15759383099691264120277094269027864726190969044954015967228496374219897100236""],[""1"",""0""]],""pi_c"":[""19164062144835692177435217987406245290771610062760358342364388601893646219294"",""14551853862290402834403859037894358298269145641731985098249022246768326026544"",""1""],""protocol"":""groth16"",""curve"":""bn128""}"
"ESG_ZK_2024_464","2024","1","2024","0b684ab75d8aab37495c579fbd2891f359441ca6d3aa1b1006853e069cfe1f06","500000","1","2767218621029120169508254945376274214853421784210380786168382405631959672010","{""pi_a"":[""12773651919216700735897735892178731634965252767808733892290411318002671313693"",""16543389247868849065544381240019773396215761275107660674499962212920014917654"",""1""],""pi_b"":[[""18427206552367261055699760072755521542357454847786027155259226496465637814036"",""20475150919827673806749948733356082846731714550996455248921479674016240822080""],[""4070265516319930852794505305474209644653893992638827395795419765614376411866"",""10102385534100310875792080459689262043183125502538069670117335991912971728606""],[""1"",""0""]],""pi_c"":[""11211990590949085576193365442326697284486400301950124981787015231496045336779"",""1739392172249366073822902110226307707915321674715559610200589569787984747977"",""1""],""protocol"":""groth16"",""curve"":""bn128""}"
"ESG_ZK_2024_465","2024","1","2024","394451a85fe7af221192b374ce062cce3171dac71cf2c8e825faca49377fc4f1","500000","1","19295306454882810818338058222613095445292730523899139660571179565479733541446","{""pi_a"":[""499355784400507550180561580094707087762663948867783733764245665720973086146"",""11216381457825435295089077421805246537695070224206154239411004918752983637426"",""1""],""pi_b"":[[""8355033192589554646317380025409790807348099226293057798455054960171701442872"",""10514136666523449797006805116468108040112165349257240252980817188846996412605""],[""10267358877697082294758721152810310685733672944052381593560988743835323322116"",""14782077334086614713424122190527572423385794002084191965719812607589944171091""],[""1"",""0""]],""pi_c"":[""19263376015169150519838596569916477751913360147168254703815101830214168767859"",""8847016975272319114344620076259741198506814203699401506082163736020142545445"",""1""],""protocol"":""groth16"",""curve"":""bn128""}"
"ESG_ZK_2024_466","2024","1","2024","68b191159b3f94a83c3bacb7cd216d1996f3493ef900744813d6593258fd0bf5","500000","1","19125549880474580290068667394578996871102377640813929027936264786130185741362","{""pi_a"":[""14416922042010242761512233908988195406123831089077685084628871607125914528925"",""10322106639122240069416478261253271285917463705487875309254475401496297912907"",""1""],""pi_b"":[[""9591645835529606511437892303323874882376931873816364667063504613040916857686"",""19152734888906516301181147977990935859668838486059572439207957159223782613604""],[""8439839931443642177293987707773041943757414515656678778028746480437592324551"",""634825945730893499589197340874174068792558377685030549320380682724428927114""],[""1"",""0""]],""pi_c"":[""19324146830779295096522616318461940363862873586795878205630046566426442863880"",""11598114727495525801306567860892605800613077700315216330764098295962899150908"",""1""],""protocol"":""groth16"",""curve"":""bn128""}"
"ESG_ZK_2024_467","2024","1","2024","6e7b61050391f26117a7e45a0144d12ac5b3b31bb49eef3a8d7553f9c55aa85b","500000","1","2742235181753216332855237916568775845688141409964611085271249521691978044040","{""pi_a"":[""11984061116186299688384072860199273502238617989415946229817807140440004589096"",""12707185565197219610723938037631111985492686947409020510480504858391490106776"",""1""],""pi_b"":[[""13761548479326320744122895759826507359218444937157780118604267309737328516336"",""5420589170257593183574714221087636399408186315080736433230354659274255488199""],[""19534033084609195889399392034705431758220151601054596193718125528922181329746"",""16191543990629806474444887849819696240183966351695494621352628067725910939773""],[""1"",""0""]],""pi_c"":[""13151855273658974211816409420288761243709281342928090748292855137803417695510"",""13533054682065611516237342924020497060340235865455317572185225307343955768136"",""1""],""protocol"":""groth16"",""curve"":""bn128""}"
"ESG_ZK_2024_468","2024","1","2024","af7f59ff6cfc6f66d232db473e894b51b6739f1370b661cf81f33cec6f75574a","500000","1","8559218623716067656835928416591099970694506302685836955655793108524719116594","{""pi_a"":[""4955991485866941721293543301758768811989507261461474346321613978174954326615"",""9382337731535989180512491534249881599590615022666978211199348489725116393072"",""1""],""pi_b"":[[""14131829698482626942397711108937676019319604807731251901956557626947029492735"",""19723187694483066211257937894827535531972401161769145327539677831916115485117""],[""18013693442650332683961046496799377149716927220160300157881318841033817456216"",""1616321652597295428839349634442393384925603760127902389499240449264367345666""],[""1"",""0""]],""pi_c"":[""441913727762501318957574667828501956710755631461884438960534535987541818023"",""18240780286569761891661389950069201672155126401378342625304395761745416959960"",""1""],""protocol"":""groth16"",""curve"":""bn128""}"
"ESG_ZK_2024_469","2024","1","2024","54c6b0a7c2e75ed0f8ad3135df1e87448dd76ce81f8b770cd3666703e51f8084","500000","1","19362501446730789830727695210953645502009016200623465210980545819441616687787","{""pi_a"":[""16655141153970415946867993353210361277016439648734910902092009375283190459822"",""14253998245510944561205846297942287403544692260955024204008166443437997692027"",""1""],""pi_b"":[[""13192725018031279299054179385468143421304021719575433190500637846257007870520"",""8536332461534685896691811815713539323302890554386321733814408295876687057814""],[""18338499404327960639765904915905203701502047709240729661941793655157736258207"",""12224880270603853141871500998140025878174590556927291046827312440231057354265""],[""1"",""0""]],""pi_c"":[""18525838196254427990662989049780932261525582790701279634319702937281106717989"",""292541740088810684343513423708195304847882630875416965429882038094638073063"",""1""],""protocol"":""groth16"",""curve"":""bn128""}"
"ESG_ZK_2024_470","2024","1","2024","40853afe5d901f8f89d7ded273e7587d897eb3b6cb39b7b231ed7c7f9ad4efda","500000","1","21600656634867942490794584267951483094960535057293559546567743458511046875936","{""pi_a"":[""7474654947657599880084342216007085900403261926838882497363398260998764501500"",""15346214752446104327421396286441148701191357191587900036323881151502910705611"",""1""],""pi_b"":[[""15829529659543498881483036917637724214289378223040118359060985245304083489349"",""8705554455411897256992101501940348354935162585006826381005310182222191753114""],[""12570431135332611038813769787191053068097347129085001737958985317082549735430"",""5383993968357963424327244742686863343163031410389693927540569138622976245480""],[""1"",""0""]],""pi_c"":[""2270656192651758306905841581193091452184756018943387799297648496176093848137"",""13725923841721676904756147882978415763062298558269242253967332832444778516194"",""1""],""protocol"":""groth16"",""curve"":""bn128""}"
"ESG_ZK_2024_471","2024","1","2024","fe6fc4aa31e0111c04f53ac7f808aa8fdda83a02f6c232925174ccae6274d501","500000","1","17864313890934747197612742943784663769128431501665490152286379378748699846523","{""pi_a"":[""15733541419457201802366064662500107667754595944447068994061079675589943687302"",""19362978823324954220466133151086660727248577164438551372191875497569555224339"",""1""],""pi_b"":[[""14419222003770955495733029759922813357700130656958165985520748532556220729096"",""19358031614427196719289154320559142893185460821347809111631836292242630628464""],[""15772275708515088293335370192215775738469926106247791148639412640330349130038"",""9340026268677191696110391837316709714997146017126349658180474460020618758655""],[""1"",""0""]],""pi_c"":[""2022345247574207339540800646145495575537155003050786710850278405401810255895"",""3484099042481742908501192618754327903242233382148394102669323570734449365633"",""1""],""protocol"":""groth16"",""curve"":""bn128""}"
"ESG_ZK_2024_472","2024","1","2024","cd3271c177ab0ca1f55f7f75baea9a4ae66774cfffcccd3e59e513a96b651f53","500000","1","17282352609694578354466056240040615248178931656258590435810323378395169924873","{""pi_a"":[""10576884252225902366255254272838156590970212955981100400564715321134981124172"",""3394866115620215729803762000489174471575200153335906186929361887616681719372"",""1""],""pi_b"":[[""4521012301883780732718340037712580446933999537412359716486811429221972228120"",""7682405680989598654591537232982862958444205849801702234887384909508957084167""],[""15593407517872535765025821078952671584159414385812976034409501569540208938902"",""20139382355923675178440956911368458335168580148624045858496514907566396139871""],[""1"",""0""]],""pi_c"":[""18301530773104644921079735287415362914344449850247843979106331673710153687254"",""14444393502494001990782966631645542110267024312094363606271460566216563336514"",""1""],""protocol"":""groth16"",""curve"":""bn128""}"
"ESG_ZK_2024_473","2024","1","2024","5c9f6cbe3aee8c099d48b3a99fdffc9039862664129550a76c23961dcb89c124","500000","1","14883631026493705843886479816165508220410634513301373243439504063582974060938","{""pi_a"":[""3107973898115131012474670244527123079839858583539850035951994350261708112676"",""8062909160933807808238947880473673301486983687245623019856462713985170676390"",""1""],""pi_b"":[[""9404853988755801630069145137858112655298064225538799980259957074831370552583"",""9423086017996921172332309216743489277059873025739743604778075854669440124551""],[""12722528639841382462339993936009288288829812399666057118190873806582020453349"",""18962893226061953327334770970343764794881724084933793716470493642428327042550""],[""1"",""0""]],""pi_c"":[""7080418522592740829464815727885391405735075434698199063888786094035798840737"",""11304936361691474795023465717466660535263500481225642039227487768210090693352"",""1""],""protocol"":""groth16"",""curve"":""bn128""}"
"ESG_ZK_2024_474","2024","1","2024","41bf9f0afc250636fb4a896ff191cab376aeeb348cea2be37af4a81a7d387a7d","500000","1","2748101417107961546809843548717177724760511443267176691494283340309267853393","{""pi_a"":[""10729782865390214282815864521171195418879430293587909512520375658192464450158"",""6525340929249008067078052039756510165102690109355182504550387424605088891843"",""1""],""pi_b"":[[""4721363384978751217087245139267493353188982703976974371579573909674606356379"",""247162719738532239601391002712425269631638468709794172967322183548335043562""],[""13939678235857932492755941878910134228002058181923428686909831995447654986024"",""10588645204721980198039844491571413658025296622460653672440269140409545001761""],[""1"",""0""]],""pi_c"":[""3189365344984550356694755342646340598848604860504459440367661798913718465664"",""20479043331529661197679030059641828831102468081974260328697325258381247153584"",""1""],""protocol"":""groth16"",""curve"":""bn128""}"
"ESG_ZK_2024_475","2024","1","2024","deac60daffb337ff073de26424d9e27fa95855811aee7f82a4f49991c2f798b3","500000","1","17106354418128471224428994088825022643752118840272002346191312689852262634000","{""pi_a"":[""3964021650804113275061789042880216170950204992634844568971992420824752307735"",""2469662435198385226042051253634168737020946544179180133086385759528789924741"",""1""],""pi_b"":[[""21562824468656117229591501683549191740080789757890638701077422891437742781266"",""13796781405965217914107664396363515651526608017473422652001839407124685233213""],[""3345822144758701106480905037602123171451302425622993261163696905461416856936"",""17476326244427543924743484481431004939877528427565182431796469317586307063963""],[""1"",""0""]],""pi_c"":[""1582199310360394203804287091083666578233893715833907238253314937378386411918"",""15120709860517310660748637583039405780825499915626883252258643564390716779076"",""1""],""protocol"":""groth16"",""curve"":""bn128""}"
"ESG_ZK_2024_476","2024","1","2024","f4f305eba317c00a837c74c4630dc5a3e4b0827c45c00b570ad69475a91a65c7","500000","1","14931273445526480202716366731616390218407573665373550108437643194209932877646","{""pi_a"":[""14726044834483146319647540971575892878903713673893699225485853264568890202859"",""16089855435929005649290148423010352469692178153486122752091023602134078412511"",""1""],""pi_b"":[[""2592284106988163744185992401993723014369510025811993178997177975488137317063"",""13288662562770810490191130879309315989741560763412077174465518598384735323863""],[""4743794029339624647421069022422109252520847810055698690361374192974953281694"",""12270587863824606520334784768829004087868700630420111959491297506038919602843""],[""1"",""0""]],""pi_c"":[""20869292857053378644781384468614779250256319713691039951871373094677243701473"",""1316994341506229196513462348558139023551171824196234579121421006937897848593"",""1""],""protocol"":""groth16"",""curve"":""bn128""}"
"ESG_ZK_2024_477","2024","1","2024","82d7b1db04410e612ca335f1e9d6df28c348b2c2365361cc6db2f225050988b6","500000","1","10347508947193451953531409394729404862593547454498761464048996843440540224559","{""pi_a"":[""3893577634827707609623308537715033299115938325751877705188546119550224628097"",""15260759058413586390115643803308248276832075285435066813962977061284879173532"",""1""],""pi_b"":[[""6536540118360685349790978188652851310566197316489416956665258439155748444322"",""13330612532751405161050719999708737957455978303516153467884756944604040420815""],[""4031136060202584683077450118953529702766285320636143276659040245525269230575"",""3179595880530019806560368885804512846555462490713634062335818766429260430283""],[""1"",""0""]],""pi_c"":[""13825267164432062886213708338011919254866487915293621502186851836051248448611"",""8863133080270029253600207172359896103375009975131908068536922876934038324961"",""1""],""protocol"":""groth16"",""curve"":""bn128""}"
"ESG_ZK_2024_478","2024","1","2024","b9c73a3941c9a46840683085f2fa86fb027d209e220bcfdef291760434414abb","500000","1","20542441086506897955350519039211883213075355378591989872067648749608165747312","{""pi_a"":[""15084372445243093554559118346077716378986327523095755943095436026615278535182"",""11778291175863553131842594041937229715623038880090283611145955843780779869561"",""1""],""pi_b"":[[""18611898429616431161121907052883218447757674895717180226363425497722703792826"",""9863315953719785791251162562914091564736733039473314623925543936733406088322""],[""17525905318068919187240828677805592857495408396159127092015628414953606044748"",""5768230452740507295195042869028791977671319378134668633213464643707165485216""],[""1"",""0""]],""pi_c"":[""21352632637273398498435130434940033820377318545905678397913210743819164244248"",""1301911362741610832566448042160512241530984726503032742499378800946346197395"",""1""],""protocol"":""groth16"",""curve"":""bn128""}"
"ESG_ZK_2024_479","2024","1","2024","7df36bf01d8de2269c668cd18e1a00816d07ccbd1bb7a270f61dffd960f148d1","500000","1","6531970778891802817707198154162151774753621334864383107627169120884688192130","{""pi_a"":[""4589447288221071698289396876720017675485787639610711062969899267509837209145"",""10124496706957639217268218293787856681307857498945500700850250208237292842108"",""1""],""pi_b"":[[""8231672586165011374699115323233918343988815541062095909106846175597529945377"",""8854861727585524422317988330075224464228720304423256381645281033614016801412""],[""11211272173003482858201010097318962374867288038363262512008602109498762292740"",""1467406378676206309751731373196866680836854792844270867352937779538426152416""],[""1"",""0""]],""pi_c"":[""12052325698429574477311248964540430973708877581205238373179653035918822230999"",""12425872582300473409297745471404178236653983430161079243030052609465935304008"",""1""],""protocol"":""groth16"",""curve"":""bn128""}"
"ESG_ZK_2024_480","2024","1","2024","919f33485ce5c5523cd9a7bbb842d7da512c8a2a30695026133f2e6b1a44423d","500000","1","10272707850882094154307718272208636326258744421507022064220179314888797661836","{""pi_a"":[""18927205612481274031399159786558675794022250349975758191523586955847834586088"",""12646725935615832844970687492597157482678366496732443039352133965113170545412"",""1""],""pi_b"":[[""13164138709874633354717661884383110919072783688449794462164532000922063004316"",""5333706802688956453154674963528381264780508176891184085240643175540365401004""],[""15959619090786724808785469847160942064578218854928549678809763436287087195103"",""3512196767660498789374056465296332166792691089489954421976565389049802093122""],[""1"",""0""]],""pi_c"":[""18752779465028680654108495746918726513786870641559950716015904596864583238330"",""12925033766095852018436470912323242315830733715139368823402668282330851122457"",""1""],""protocol"":""groth16"",""curve"":""bn128""}"
"ESG_ZK_2024_481","2024","1","2024","0c7678dc72751ef7a5912f80714515162d8afd2c7314adc9809b6ac3c30268fe","500000","1","5171941995888950793114759549202467024768222129413930901854324300471507642834","{""pi_a"":[""11449661668847964335949901319274700391268970471239066860102242320715298086562"",""17873969807180443049947124087813952438166257862084947474190381608386102726845"",""1""],""pi_b"":[[""14837524557728314969939437430468249333586308083535364503341637094568692315123"",""17730731006170178387805589204243105819162631617612692218688975363916809311509""],[""20204661241653543458839601832560844044986688056724372048105981374084883969156"",""2107978119993890565951537889905661389645236708429047824775175360690746284427""],[""1"",""0""]],""pi_c"":[""1983375517481615666494443029822012046704561895605647832917266485063557692529"",""15469415577760556834000724048622954985750397994886170802500463282666080069003"",""1""],""protocol"":""groth16"",""curve"":""bn128""}"
"ESG_ZK_2024_482","2024","1","2024","02796663454ecc50461522898dc3dc5692f1360651c9031a50bd8c44d89d27cd","500000","1","11692234649275521994441955035069809217849401277839262637316650880186386197010","{""pi_a"":[""14387415109424120633056950977168492699428830948582896337737278982355436467188"",""21520465918623786458155423253965354800950988863134600032549108123636386233005"",""1""],""pi_b"":[[""5083747948383697097416455952549929388889741449757545213937051160626929436551"",""13956860548670129182550018025308381063605478594699202006024076358238294787545""],[""1429720664003917734227901484539550541044314035467118578213967735071387224877"",""3863047620704402385913741955196865310653906183555112708150705918148525483740""],[""1"",""0""]],""pi_c"":[""8369713430911758410078544025993995908471275521606743376479015089293197133684"",""20278918622558883963880187837062347628679920767143926735787167555571905159426"",""1""],""protocol"":""groth16"",""curve"":""bn128""}"
"ESG_ZK_2024_483","2024","1","2024","fe26d7ba23b0dc75713fa5d2deb2a14649080cbbfa9b53dc9a71016622b4b807","500000","1","18389520890476724398693672962944452622843263687196032429341892455555695030775","{""pi_a"":[""4918446180640835416686131449846412947839448173577363982018130535400066317426"",""18686396696486368110906298361343642644670890309115586653496736827045394687156"",""1""],""pi_b"":[[""8916140004944548067231334374180447084882484720629806296873076203909757604769"",""17180288127187444544667279409114868974116998896720170334683222287445484918520""],[""15037535198423546532736865105093498835401769292184471926716668010014876356105"",""14890084992755622879677309317914658451266393755639659292872145247640824711658""],[""1"",""0""]],""pi_c"":[""6475182772045692628259880664458014594809643004398999692752746935010663804271"",""10571131576811524318134507866779653449536392354995499003972367275216941158353"",""1""],""protocol"":""groth16"",""curve"":""bn128""}"
"ESG_ZK_2024_484","2024","1","2024","dec9e1c74811863874b0a0e1452b11e561befcaf95a7173d81d637e646432eb3","500000","1","14989250696699439546582815255860528609483824201480230772875140808331125549085","{""pi_a"":[""21704739232606478876869975234079283851854326922278580009630525014562241402941"",""11656632343664350927512611173758695423183747409039304683014140776988238248786"",""1""],""pi_b"":[[""12174792377779205703342931762723782302425727353786312940574287331079213588944"",""20874588481830486348594016123686429769029377481802630776275134905192519196403""],[""19354461344896893918853621254075164102018453775780456505580891594385353715469"",""6253838231707110672593145246051708825909720061178094885910683560445026480577""],[""1"",""0""]],""pi_c"":[""5970453143410707081078349816725606377556682418981551711327251380503410781996"",""14526984123458040478424042209146525366571075965969758645735639147094704866210"",""1""],""protocol"":""groth16"",""curve"":""bn128""}"
"ESG_ZK_2024_487","2024","1","2024","5906c6b4291b8c6fff51918e5d47da108fa289bda92dccc5c14201d8d7d633f3","500000","1","4417338919943091988012158084066260223617397104528090029744168601699005145016","{""pi_a"":[""12166388452959436652187947056055095455881228350230427430314723944445415404789"",""1862771570112126538058718904373081982901798066320973466850691326349174408481"",""1""],""pi_b"":[[""4994676781261734055108638936866509921019494069104164643959836589952676317929"",""13435353764826498029584088940041683103711323195854363891010743543283963501589""],[""12265315388241877979693841111889492505687764972337923819305677514246272338792"",""14558609373929243501350808878589406163128585808012655918740997445139656306969""],[""1"",""0""]],""pi_c"":[""842626314213183783879280106779444420292077608109065960950344206748905669891"",""17845526042082666461735848267590434593983531763212185391882931599038412462300"",""1""],""protocol"":""groth16"",""curve"":""bn128""}"
"ESG_ZK_2024_488","2024","1","2024","1bd6cd7db15a53465fac7db56ada42e6a0ca3d300940b94afca024f512c7f65e","500000","1","6800507217941625465145148254337382477080183793213484745657577333192688680161","{""pi_a"":[""222502170340947156242299965502232529718520741902363424118587752321943805238"",""13894114991290079263749482312439729228905476067425820541448439885983309632709"",""1""],""pi_b"":[[""1937321511390808904821236241333147238144323032426369379683041752550691870830"",""6263711843452796780115945584428390992672985597672139577248787988573369540948""],[""20559860040323758525466479650062977738513956367192174014232344045723889447082"",""9512679139623545576197814233020962996309642876494113159238639082499908931077""],[""1"",""0""]],""pi_c"":[""5567703377114291353733914960135514973079481812202737455174814884403757975863"",""12722188550901399595587452957386826769753566195052948688763923676742170755277"",""1""],""protocol"":""groth16"",""curve"":""bn128""}"
"ESG_ZK_2024_489","2024","1","2024","5fbf02c60e40d3927bbac29670e6b35aeab74cc1d1a66b9c13b9f60c77d01434","500000","1","19614654331911322505844035741836110646409223852137552955561852875630263016061","{""pi_a"":[""14184592002211426385047848543096009515801572679943621783225993047993003845542"",""3441116045960213800215948751127679869100024145507671353168658787510824420259"",""1""],""pi_b"":[[""3759751855784080214129711274803614358820879338259840998331130571762717632862"",""17828783965856028743401468749674725890624399464779861472707192909474152954752""],[""13653982429445470846492259145154216990775906694174170649564115326209785579878"",""16176694328420768408886262859725535548165496804294364860236001126887573895612""],[""1"",""0""]],""pi_c"":[""4580285526435861539768920786543578990291897387869985148560313962175856613253"",""5593052154920599486798124390926735705845526489254878834774836838735246016016"",""1""],""protocol"":""groth16"",""curve"":""bn128""}"
"ESG_ZK_2024_490","2024","1","2024","4bc23eab95124797be607a0d06e4c1bb2db5b3e6ed92639e8775f1a994fe4e5d","500000","1","9434027972836998415310605002934460626718928956548401640421225546742329272663","{""pi_a"":[""3450631021671656224190165847952465073440523389882331922680053149941263830203"",""9094040477583601550772091227295767252608051449013735761070251304517238544493"",""1""],""pi_b"":[[""11187145388275082112465153942993163829334787425791130883553764617169034160310"",""2606828347926518434515832880938601469000253619896497962927562475827125972954""],[""5634514276547731921696551263859223888708545509398800497274777465427295748473"",""9529561762634663800576128998733808522081169490507829443300664390875359887908""],[""1"",""0""]],""pi_c"":[""10263660420462178779188554328217380916160948039131402782184177457044351064655"",""16739902255989975604780599071812412411905015161719438503860186840024082958279"",""1""],""protocol"":""groth16"",""curve"":""bn128""}"
"ESG_ZK_2024_491","2024","1","2024","c373f91c5e6af0ea26b4eac5f82219208fece4f5391e0e51014d17d463e6dbab","500000","1","11848077966025141519398759367471260265211494074712366765341724995621378929382","{""pi_a"":[""4010432633031187148124212841956494269149333088685245624233214612658310097515"",""16776593733095603184408504867658733226368396909424709298423500519149607004726"",""1""],""pi_b"":[[""13331150230465319775459436313763784126805288894402773746962119632213061670673"",""5312716597986580573407675082236253076548120250300182834460062067310800440937""],[""4227232665729639685458972744336979106915137076858297775283171301082759520375"",""6865326582044196522537803371439352284410726753883173906793051911691872222298""],[""1"",""0""]],""pi_c"":[""13376985182053727848152332298900559041446241556365406311922059175545864299375"",""1954595580010942516265026926231453122999451110816095013424568806781797873075"",""1""],""protocol"":""groth16"",""curve"":""bn128""}"
"ESG_ZK_2024_492","2024","1","2024","68b191159b3f94a83c3bacb7cd216d1996f3493ef900744813d6593258fd0bf5","500000","1","14694191923467736830773051472560169061572703008835486821065963846413354817354","{""pi_a"":[""17909106643531544990996964890143089619276074627005978450103699389405518900124"",""8908234372668946519058124427795420661695825952841143363170040926250259139354"",""1""],""pi_b"":[[""11292062561710542524647678407813994933345025121993619510610456895128402602336"",""15923414067967855230610726304991377122908310680430333696302519053857899676546""],[""10849357813069865800151506014914200487850014308309983801885422333638634940442"",""18897704710472394616922787055550954313548963496732919594734634368784303389342""],[""1"",""0""]],""pi_c"":[""19615238001095423669866893196760253496392415365834657712522589300208726775511"",""21687513806794300251140131300682367776695622585762098852060906851431968136938"",""1""],""protocol"":""groth16"",""curve"":""bn128""}"
"ESG_ZK_2024_493","2024","1","2024","e9c761f5cd00d8ffe791dff96589f2122703bee944ccab09982406bb8c2cf4b3","500000","1","20696580042744750611244473063057333395321588425412547997334670042530237591933","{""pi_a"":[""5826337019215533619639671680478240460345066791021696813920259024341002044278"",""21030510916067188015539166040766483251996130971417254425424104337619034919894"",""1""],""pi_b"":[[""12373221731820986607883881180599924147660911203965295375009551771243841129133"",""913031623326029442415441105788496473681214902838860627678515965846029721779""],[""5958908953878866055421468088864825116647645568213123280302163692125180814086"",""3268632370807409737773733662591792937411428610082946716813775092246589614212""],[""1"",""0""]],""pi_c"":[""831247297403159554712859334907269021832820343883547624455085429087936205354"",""14508688731182468870690231791772170906336610038016263889280127857538930885489"",""1""],""protocol"":""groth16"",""curve"":""bn128""}"
"ESG_ZK_2024_494","2024","1","2024","e650c29eb579a94679463f82ae78707b5a635e83e52771f4124c6d884c95df9e","500000","1","9513971984336820722330604899062600466455039400349190034386967250072088072550","{""pi_a"":[""16787866599036384762030226825502414602938700714959596897868641977231513674981"",""21068857592412918158222344329917772298122735672873779723042969161991488681076"",""1""],""pi_b"":[[""2932772248668436255655788337787428635593015204635175853729588222803128925562"",""20573507353862520450140930104656204163302191333279223243662556180398949267000""],[""17613629926536342683224672748723696964607444333674930611639592444674856324913"",""3542159404443397767773856191460765141523990912824258856890988227597006104325""],[""1"",""0""]],""pi_c"":[""19155694553011774454848525930751114469941464044843037231235906282508008385125"",""10376939904193208786638813422049356557392850553766048552138030804445552996235"",""1""],""protocol"":""groth16"",""curve"":""bn128""}"
"ESG_ZK_2024_495","2024","1","2024","689a1ee504c658f951dd8738642db9b758d288acbc9fda93bf621a84b690d17a","500000","1","4837862356529410163123932937015042236965688397615364775027259622306299548745","{""pi_a"":[""4212619251555015788342852430206885789679969403219044030121853365252033214939"",""9318589863233717747594035160636846905434013667018355483510927691549517753575"",""1""],""pi_b"":[[""16641017281881135993951066208832037594965074784332339527425934382868413610489"",""17964904504142835835426486163569661544695913059682485251721028820439459746428""],[""7052295986400902865240621874203203471224921600797141866501615210815128727537"",""13047719815211436675496652581098203548045143783128966256409855492270264242571""],[""1"",""0""]],""pi_c"":[""2227915897512512818363379932081174394152154185669452593528565709585700313292"",""5948394375604824864604527070427546762211388163455554682526727660928864302736"",""1""],""protocol"":""groth16"",""curve"":""bn128""}"
"ESG_ZK_2024_496","2024","1","2024","9dbd4ff66b72573d83ef23632d5785ddcb816a56c3de855f7a430e0e838eb6ff","500000","1","19638389647397905061342186281938988474534995186493121184445893474395742162128","{""pi_a"":[""21446805216713056228962491333838333293656668444669591465831089651418956815159"",""14873401708495680336457609350877716887174598390371325598956583814725962599417"",""1""],""pi_b"":[[""10972863214412702984061580637889126806414269261762882990493057866447265484695"",""13424049086390859505160553482326257491158646132072107613651289171649815789207""],[""212189093816291496207408197053618836677157960850063808465692002788985369145"",""5846814004554729319476894287963558572451198928647969705637861732736526100175""],[""1"",""0""]],""pi_c"":[""11655936280136270840475675497376566721349342060056642856400068276182767331074"",""11505497741121269135249563812318774989982539189289490340713600574706087641684"",""1""],""protocol"":""groth16"",""curve"":""bn128""}"
"ESG_ZK_2024_497","2024","1","2024","5361fe00ca54643b5c130a53c6b730b14d0f5122d440cbd10025f6c4ea694b88","500000","1","2109660500186699980667376057306463408133335000530461706167782388402046694525","{""pi_a"":[""4423699227783760336143843581397264454515569025893742711647231784050566439239"",""522477549338154103433794332511040014460851229770806006590378833091126090019"",""1""],""pi_b"":[[""2837986256627488368463204886810977303363353033259663231301686114323803122805"",""10644672505035982582543601122840557076239654446974447126312769470814019995613""],[""19069871763561670143282703121038201852170287692525379411963854494654995404818"",""20962164749035645346857112107993781923687702449532602858819611776110673525950""],[""1"",""0""]],""pi_c"":[""20825863993481162895479762336552880339091220665992014750571046713741935466167"",""20033359563607191807400735021705561193033962707495341490180225258675151254857"",""1""],""protocol"":""groth16"",""curve"":""bn128""}"
"ESG_ZK_2024_498","2024","1","2024","6e7b61050391f26117a7e45a0144d12ac5b3b31bb49eef3a8d7553f9c55aa85b","500000","1","15165827582236224780957043260979138921720419256190330415192155590946643958133","{""pi_a"":[""3956708363366532250076721568971408142174642415728892249791093511383750325335"",""18679617432858700423956702306453688807963432630107756850707202032942848195188"",""1""],""pi_b"":[[""14567610190483941235732007606042669153149215799008660954858105247323277504201"",""13063638745897235588953804055278478468567096801434351530671703519215924032182""],[""17717721593747903389812630254600444984070865922755540681968427521185381281382"",""18752786753687679442503489577169107121499618154875562366637536548811119998661""],[""1"",""0""]],""pi_c"":[""12935762616310501178308315387755117199283182096710731806187156166120087410123"",""12963596311356174411537802400821558343961160409982160992610874778317141165525"",""1""],""protocol"":""groth16"",""curve"":""bn128""}"
"ESG_ZK_2024_499","2024","1","2024","77a3494af8846e1470e58da1020c220c7040bd73b00c6974502bed325f6c75df","500000","1","7234836091361094952273508643977460778669157248547225337330228631579312524435","{""pi_a"":[""9772271499778978074232806138726722994149183604907172768834483568597202009574"",""8045241987043793348134512441946843906418538206303962407725477236955681299265"",""1""],""pi_b"":[[""1492697885788514992981565632238364871918891567878264810370947187854038751713"",""7573473152867177086194138817238039566055885508387447720019971663330503285723""],[""3492493768446953387717511134091392624925425509387290631847441677400669015577"",""181870277043990102349940549224841711780315830145529626393125135214029202937""],[""1"",""0""]],""pi_c"":[""5335971880489281702613383115893041240630503843600260569632125437524346338106"",""15577232390012248868618331520796054906827244520346424908747598437384882484864"",""1""],""protocol"":""groth16"",""curve"":""bn128""}"
"ESG_ZK_2024_500","2024","1","2024","b9634e98a73d3801821d531915a1bb9587bd3b93732d9ca3619438aad2face9c","500000","1","10499090243545833522196255490938571983643153103199707938933714830721820280423","{""pi_a"":[""7466123157252411592216075092951762904691899677658326262987044733071873977376"",""4260013117169118339840423465795466016739685385517009137518782627743205178938"",""1""],""pi_b"":[[""14430241936414050418512905298141903659890424504573142381875266756750244401716"",""9801755354432133611070183656616468967134385643856078783039990758701075861825""],[""714104871746973983423982609848172326014492128372013213986198123962599117332"",""14453981486193659598322734354588044868210661366424601663289913124310302118454""],[""1"",""0""]],""pi_c"":[""17814820912882849237672420697130428501884427387575437261083861867646526441801"",""20853908117433045124254780513337099589451151505934726920054911885765848130135"",""1""],""protocol"":""groth16"",""curve"":""bn128""}"
"ESG_ZK_2024_501","2024","1","2024","4fde71e922ab2142b9a11a3f2ed7286bf1875033dec8c236233a526524598b95","500000","1","21855665249241862444286574810601786628605239190039270891716167618557904294067","{""pi_a"":[""322760080916016616325741916655120940602110324750435002096831361640017551336"",""1364210456082871155686379822001985795607797291191341721402298342281604069877"",""1""],""pi_b"":[[""10728817099751918667686850480352324141026854068245837569354212448796036988255"",""6548697262235538651886137724637241784513610561784573591230500723362596337423""],[""10339996287039549763968950099678870684132899312547138860323337064848185145544"",""15301053687011062751003831608427070106064259483430573731055567535906857686522""],[""1"",""0""]],""pi_c"":[""17276929347293893140405125604577922584059893561201478889356646165449204169235"",""21794601827657004693809617330398290387957321828316102889461282284685285634903"",""1""],""protocol"":""groth16"",""curve"":""bn128""}"
"ESG_ZK_2024_502","2024","1","2024","72dba50e3dad28ddacd8a888109d720163eeee1dc14a710d9438da54b78351e3","500000","1","21618006273927087296701263549078451744316674074777084069642330663213928808953","{""pi_a"":[""12004450281485027614054418648780873965252808425572196641901964602189314464106"",""204997018399251527149672728187749183573657559397678215054529357894122563535"",""1""],""pi_b"":[[""159575524226341029676960455637009780895418603767145438313725191808711556825"",""3099492277664380430301673982230754638225333170591856687923446430766806548983""],[""18710722514299687206295334289913688481322364926852873010252567224150563797844"",""13750543538378167564637701028696590819940234791885755595428746777414486789689""],[""1"",""0""]],""pi_c"":[""2990110974115961738972973284278912952526672745225760922529014999012434670512"",""13845130068575975364396510397270741547773241509601845503409486052951948509263"",""1""],""protocol"":""groth16"",""curve"":""bn128""}"
"ESG_ZK_2024_503","2024","1","2024","786970b64f1f0014640eabf0e28554556703502382aa34d0cfe1ef9c0453f7e6","500000","1","17828641604413978750155780963128842773621882916132524683743138107698874769730","{""pi_a"":[""6368528866457281300358898361586486074679652463064704727002753483791036142164"",""4292905044899845973992172978114547436556419056274036437099484023296772823888"",""1""],""pi_b"":[[""19063488601395778939586936971076815538043628844622321793550385810285540009849"",""17855462850654720493278672724293479275704792447572527395003195268961743808706""],[""21398780089699497952260877929303071567567808685455728031007254463784319387400"",""9197811669860841996689736118645604551763487856172397389522896958649672662338""],[""1"",""0""]],""pi_c"":[""18436374703961198690237229052221616444534534736768409573816036968879849545501"",""6329986981862802055038016342312404714486272509854754869514007509830489905061"",""1""],""protocol"":""groth16"",""curve"":""bn128""}"
"ESG_ZK_2024_504","2024","1","2024","aa9fcf2c6e0d56968b3b1b4249235e9e56314f149542dd9aa76a52f5c2e01691","500000","1","2755534355669419788987543364476728241352112890366171352848401826349836233512","{""pi_a"":[""256806972896648854011761879884787315948689792942083189533116388364612833145"",""17586644788703027268977922280723896189663373362622899617797501699913543348757"",""1""],""pi_b"":[[""17455821998358095789155599066120494320440511044852201178006477228277995596833"",""20278357604614625390653047746328886191443783151723880832967501825465118631164""],[""18073224298453056776313810615081234615181288987464077615682839112887697679607"",""19324992170994256158217416795692127183766417954602814239878067053611257444842""],[""1"",""0""]],""pi_c"":[""8085228702872340004459711532356634397007580941672610895149991359626595808170"",""8142204903159621891067626445322530738298275023797666590667865074970576210733"",""1""],""protocol"":""groth16"",""curve"":""bn128""}"
"ESG_ZK_2024_506","2024","1","2024","b6d66d013659f9488580f3966c53621f8bcc5542c41756e6752cac40720fb1c4","500000","1","15565556724762814321985985457484305884921950503391173422014758767642044218726","{""pi_a"":[""662107106876554442394092662599644766221131266940076734122240050493335355043"",""5946703468546574802911185675772442182636935913601114111376505279010291035074"",""1""],""pi_b"":[[""106184210671273565988265723976995267131053561101371735776623155904328767291"",""9171412425442306504505508451115222275386400800575244771022637908169679161712""],[""20362179075162037513808887284528446153685271397948200904640583213858971211603"",""2807417828022371484152062504942188187191382215623940834750989015137849198453""],[""1"",""0""]],""pi_c"":[""14499861814591902755512330880333953819681613576603022235625927958566792965286"",""9255425664199377559824900945474053452656953817545282048124228578901449458194"",""1""],""protocol"":""groth16"",""curve"":""bn128""}"
"ESG_ZK_2024_507","2024","1","2024","e5f1f1f126dad24415229de6d60ea2e811c7c4feea935c87bf14c82d8b9b898d","500000","1","8403132269721948623898177385532739066069470991561368925703245941905545671527","{""pi_a"":[""10851141782853692495585725430324600417323518143107760964870147605553716059734"",""1828749699332722688275394055892302378982528886998614188410836909259571078949"",""1""],""pi_b"":[[""1029399798748661768954051200201460576740734365964452702223076893537192570535"",""5752804025944740892361978403687056236122813790066970981082690415794322556994""],[""534264664310409999634685295147915146783641672545337913831854397034528721314"",""9111080984485337086391194049156839025712832652007045032260939803605291824221""],[""1"",""0""]],""pi_c"":[""5332425610493386283888939078662740048185166574004793661462354256166512445438"",""11981575945069801904181383042534795050399406767001576539832109866777391648940"",""1""],""protocol"":""groth16"",""curve"":""bn128""}"
"ESG_ZK_2024_508","2024","1","2024","6e7b61050391f26117a7e45a0144d12ac5b3b31bb49eef3a8d7553f9c55aa85b","500000","1","2923465495969244993859606236581670326346039699277291352169672599788900926637","{""pi_a"":[""9122475115783000067701584252712262077870235972844223810565006335619255196936"",""12784515187250987813962255833956641880849628927715368532556402787231301182992"",""1""],""pi_b"":[[""11506518277679688159247503019288503230829987906092222606032653444917381356328"",""7550925044340721571564340130987269326660833789401833207632313574987797523867""],[""16818173717901937722378582394851485355262385579992735445974151212741852997858"",""4188486267739671197574307212118765558727331044467506492195333347059916988597""],[""1"",""0""]],""pi_c"":[""8727224409495592013629587166952004318222337203323721267907660220986654082971"",""7177999868137770100970294365079135242809126007161597615432639122227428515443"",""1""],""protocol"":""groth16"",""curve"":""bn128""}"
"ESG_ZK_2024_509","2024","1","2024","7d851ecda331ab2c38ba39d13c74444ae59df6f439413de6691f5778ce7dc4c9","500000","1","17829155177139205404722502517361376668464799598192041118955113398677194608193","{""pi_a"":[""2356576854777858050774659965155304804716145767667208087637340011276873462409"",""20312974212834000443891139381186962148691831864516224107497120139375728793602"",""1""],""pi_b"":[[""9081895052036207945334691272846453162117455708243949577888550472403854277383"",""18771143218769920802709560821512979498950197725168604342345447915283719402416""],[""14751975358584439917617324947872499882514739335557975184978954963143472055106"",""5016047791960088834233595252038515142943319354311926644352735398911504951864""],[""1"",""0""]],""pi_c"":[""8464480680605797775473756206448974996138690833895906951037338600338358644154"",""10648175549431262708819168317268694035088412465466501507053303767297148981283"",""1""],""protocol"":""groth16"",""curve"":""bn128""}"
"ESG_ZK_2024_511","2024","1","2024","394451a85fe7af221192b374ce062cce3171dac71cf2c8e825faca49377fc4f1","500000","1","20783842134192837494424059812542887937563337121078782390343241105595330463391","{""pi_a"":[""4003193193898473086105139825828833920523702858227405957089108897690908811661"",""5508728105780222919689050148115418595365924135074378287110335076167315978595"",""1""],""pi_b"":[[""12109710325603891538158109017731150199874642819771455200063210815891350790059"",""8406293909118835032865422006890394414894583541194782423440660500484571139108""],[""18306256600299066477675123650572899050185929027559702716115381331094679343899"",""7910865571149320168223810997078955465938442188180150172642160466600386682746""],[""1"",""0""]],""pi_c"":[""21864091543812653526042316113056300786089870264061025381329911893328716234705"",""16849018905427327120241988591252103260587537240909420876673782289768865650095"",""1""],""protocol"":""groth16"",""curve"":""bn128""}"
"ESG_ZK_2024_512","2024","1","2024","e11ca81ca3d08b98407e2883acd129fe930fd6a1ac8f32cd03c4ceafef1ef57b","500000","1","4076341773618650074348286608568804929212712887693151657610569313711580118838","{""pi_a"":[""16834957901808090528894853457371268177858223666699358867470009317923832953630"",""21864810278496360178354198262747045169965368493367149610156061375202521537913"",""1""],""pi_b"":[[""8612301624835305316321204616872540011570194471457426410782681294759929449633"",""20029030992482855769459762979239517402387886532999530579386384697905024800070""],[""1590750769040413885773692939488655545158204584469520904891506493584444132647"",""21065844845074193016165272045456057100557733574143277540046974793857358323636""],[""1"",""0""]],""pi_c"":[""17887484331089389389928614378482403530245536823178022130309086894356163335750"",""19827671632589647248449536125512457703339466149878863759094047022001159688857"",""1""],""protocol"":""groth16"",""curve"":""bn128""}"
"ESG_ZK_2024_513","2024","1","2024","1cfd786d564c4b5aebc5a945fbd2893ed09229e3f7ad25cf51b54d28ae75f3c6","500000","1","5069612581617596685132526676367502900022822048067896984921133075879317092035","{""pi_a"":[""7415337149634524652100710379860193546587308481945854286634931020290918635916"",""9820739608194293151260904516004057603278168265767786891127222710526581388429"",""1""],""pi_b"":[[""7594198175565871850830779182125896640070847959975600436030078296305490438785"",""2772185551091924049937993926641543523151931220585229931311971903388128045847""],[""18764469190347057605494813456664788079845244579723051091616481671439966931631"",""7435506061252992157025850844830822651768922959006587676368590418824363152527""],[""1"",""0""]],""pi_c"":[""20393170002775680629498258379715172727637014735890675983236003615422290163690"",""3666224986841644504293124127739311316294868444359170495412757429901383157143"",""1""],""protocol"":""groth16"",""curve"":""bn128""}"
"ESG_ZK_2024_514","2024","1","2024","b44e4d680a590e81c96be33fd137edf9c2b82f4ca63d024c08e5ec2923b3edd5","500000","1","3566553191679600134652175095019570185759578649941861185338972162184629894688","{""pi_a"":[""3977395148274313419146241713465162512298090207991624235706043166169375726612"",""13940672197921149783427173243500320956501178469503020832035883150727350969460"",""1""],""pi_b"":[[""2487301336483431554288074261296423826585192424122216036934073065704752417110"",""15631225077883984997364797707781308279202090011746787711264921420750077134237""],[""3900765557559970997762591063982303847281245858032418695509510482424273930219"",""7240089870920616949847817805547707504066537830983110445665751345905173639959""],[""1"",""0""]],""pi_c"":[""7890268209625778484408546037398558488225072253718451986650969957024380870440"",""9146433877464275053073286830659577691468107725870958609646266578147349386849"",""1""],""protocol"":""groth16"",""curve"":""bn128""}"
"ESG_ZK_2024_515","2024","1","2024","07c6fa4bded6ec87eb1f28c4b02304efee56144aaab1d8a74f7794b35e16c3a2","500000","1","3982811267266418612525090685899466189184779803518310389857428774290850920101","{""pi_a"":[""8176593716674604426304823618582182018814311833585720715081961974729190497850"",""332769628731538104666165252871997537053793986161117768071455808848169692158"",""1""],""pi_b"":[[""1151808986430171186691498611919898829845347043543025550250919056509205215441"",""9043628964501584789080491695471478644668536813331305360270033383280218583433""],[""14996460433560617793899723195848140939331421737631914274623327188890980154131"",""19105723954139978676715867556781655837050268755629258577776449204813745986153""],[""1"",""0""]],""pi_c"":[""8567885302214586589637471784052416866828075975645804346924317483410533191612"",""11412593063656651310854493106160865088018939488349298888617201222680783093708"",""1""],""protocol"":""groth16"",""curve"":""bn128""}"
"ESG_ZK_2024_516","2024","1","2024","1ade31b8f9623704dfd3f5fa0c911f7cac40730e560b130f42395e4e3d631288","500000","1","18945176157283576205962149864700323317931235428633370929459104733171636149148","{""pi_a"":[""13587854130093697663127657106046366442068727467960448807511457237468055206338"",""7065743420247597075200201474768754790418682247851660010348853459780779458339"",""1""],""pi_b"":[[""15291927185306018664056715223884405332096468329748255701755259289466645824525"",""8203128514457155213433091927205562322506724731457819862442518261317421462146""],[""11179546655463437922213626666418175677136842909958282137734016974875714509875"",""5960954879279223798099219560204603475456338887930708523343961957290068485667""],[""1"",""0""]],""pi_c"":[""13062348166427039390458139125984039118272645817224591475066772345926035404688"",""18184081118877913833268428615253589757190761504140699199642485893212610268694"",""1""],""protocol"":""groth16"",""curve"":""bn128""}"
"ESG_ZK_2024_517","2024","1","2024","cc41cf506a905c4745162ef2db82bcf3df24c4530116c8def203e164fc53412f","500000","1","13922043087986208382657541225560807718305214238623193910838309153343055905811","{""pi_a"":[""2882095207995682167830051452725556475583194938287451824768069993357880182773"",""5956471606745369840454557131814008153238111074663947611700467355059622063514"",""1""],""pi_b"":[[""19569104126503549386458597618222684080292992350786269741236586969923542144082"",""10209179075128344976838220474252707344587132637452236235996791634084383420827""],[""11699325176871210836986505422543640361987407887418761709783088710928902073975"",""17313841017443881296638932641131864904163619097012066358897505907323222054498""],[""1"",""0""]],""pi_c"":[""1999920000091796035253378749634595965681120082283403898855617311449956467740"",""2072931724932180589529395626122627875926185496124093285716073141050094695773"",""1""],""protocol"":""groth16"",""curve"":""bn128""}"
"ESG_ZK_2024_518","2024","1","2024","5b14c66f2d2954c5615d7ca9fc86ed6cf5774a93d16fb7485b8467759a68adfd","500000","1","855198160694731411455217254175176963192978460687898999655381166281824737088","{""pi_a"":[""19272154264381885429683336630606471801277484801317054437179062083083012508798"",""16256212750815098554742050997783062653704110021326694596366778176100557130124"",""1""],""pi_b"":[[""13175274658957641584349280044389799647677938661215448787749253946266738039023"",""8469949042478869051656409116128542872484673823550432243145002585256512803821""],[""6954576542085096163330539304041897616004683653874115761822674671455384130744"",""11184426252837036590002915536857113552863071255970734994301379086658337017776""],[""1"",""0""]],""pi_c"":[""18468686826885287836648906315008979691691015696112747675606706336844232879011"",""9592741279600491852409143701437520469179247108343492964794908657278958370115"",""1""],""protocol"":""groth16"",""curve"":""bn128""}"
"ESG_ZK_2024_519","2024","1","2024","e9b8400d9022d7ddeecf1c0d8aa12974c548bc897f6f7f4e1f11ceef99e3a832","500000","1","7612885918829565231469478972585768983918314921601943978934571474036137877343","{""pi_a"":[""5843194105090993706120626724845825908245976496189749394944466491004167387742"",""18687215761040176728736695718657695808504822720274235438056906561432089693842"",""1""],""pi_b"":[[""11115310268571390208246889141439274687305914505407177452194000835481861515387"",""2295503368848387258517937134062636034651800603782424648061044277754048924317""],[""17927387725071419280642535692937669849100907465803185056027236394198951782492"",""10903452698616710336143674512268584091538139830180429052760328740846279874917""],[""1"",""0""]],""pi_c"":[""20408806750747620646918483572971290926336005717472830435591120549735971860536"",""4920433507509854277992011642129358060121465853383145461624516531139076665101"",""1""],""protocol"":""groth16"",""curve"":""bn128""}"
"ESG_ZK_2024_520","2024","1","2024","b082df39982558e4dad5f7c84a355603092c921247ac2b2813a5586e0dea9e9c","500000","1","3050834148593551627950804921054785694767048818473466083693900073138275475686","{""pi_a"":[""3052337050798640798659511931155174230949491600890008072745011776722749478715"",""9726525380156805260096876139468035271877021127987962906452560634313630067604"",""1""],""pi_b"":[[""645731747910215050775556815252058943245437346837875906596093563323594924882"",""14851920950325989947161106784021737312663731390627610603113193026141061307728""],[""4369901215497611195735162932472227659261003193892275118766920621096982661318"",""12931867288271582286511791980062484502915803015538160390238317242918237849107""],[""1"",""0""]],""pi_c"":[""9078505662495435935396058023134609318780684777647097208583416117444748083503"",""4055397377591310457757338395916318193979642279346102804163199689022809431151"",""1""],""protocol"":""groth16"",""curve"":""bn128""}"
"ESG_ZK_2024_521","2024","1","2024","0e2275c1dd2beca3d1b598480c76ecca3a4659bfe532930ce074d71d9205543a","500000","1","16694124223167795302853686147330802862559828837546014340853902633350271696816","{""pi_a"":[""17234826235595541026014929419884129131794077899891675588916195943801693252918"",""4858392892823633773071205618923809243826387590976399117733616450950407306404"",""1""],""pi_b"":[[""7851447589080918032034002568789090555174814798235778711851573853346205774737"",""2700613092059605104751263981638169674466715453673035383410868921907192078305""],[""7489835660604103880796754804330804084855231015492070606870772524885403294333"",""15133189154315704634241396644915754466421019391322078305513182026253342353717""],[""1"",""0""]],""pi_c"":[""235093896096131104046562954733844152947581102788669804670929540248669072185"",""9217998773897019484275210583626160769894086563097050120583576577238891773510"",""1""],""protocol"":""groth16"",""curve"":""bn128""}"
"ESG_ZK_2024_522","2024","1","2024","cd4646a58dc847c9d335b5be4528e6c3adb3e2c7f738a0927de063680c3d8238","500000","1","19114245170097077408345185684399583660019952424648532329945652385465431793374","{""pi_a"":[""14959149792697612735009236424839565865280092730445491645306112218086097117578"",""5313741716177578455924256621990012415534637866607809987034581727002283133390"",""1""],""pi_b"":[[""1889975393140313590656799798832583982681880873751427962864959716602651280786"",""5141806959185759477530825221989614880261533634674775239949670331381110392040""],[""19999928298023647280257785927307481582765771881301343766177352542570049876528"",""18607139723215828688137118643044813283633126320735969855503296391249325971337""],[""1"",""0""]],""pi_c"":[""729877948767760589227510328977907707920476749377802519765241621902973908345"",""10592463628979576185085444697474813075417065746088412167607840585412509032423"",""1""],""protocol"":""groth16"",""curve"":""bn128""}"
"ESG_ZK_2024_523","2024","1","2024","531005ab905288b97ebe34af8076732e0ebb56b449e111d9d4d23a8cfab6b539","500000","1","11559248932529129472939968910388617228075846712951151532483801465258469586942","{""pi_a"":[""1870673482734433500098658404975631201940611056934690235053778114859616639452"",""20111752626444937412931758223467623718392939233408076681176312360550355141194"",""1""],""pi_b"":[[""11946425993220702305801020411764136249184324733257026712970766677833651056109"",""18199038672585523620469651676507203497414934387436664643262438347853528660818""],[""5252632187312355702135543016520024485425790207901905680803982635664085224411"",""15519414213301474567290058440324043612731605634540535245904261279495861835196""],[""1"",""0""]],""pi_c"":[""16655639931457688664183863685992146357785014240767454030431214745445571474795"",""8503985736986610160061482891119808798605022442333908566686668657977531006718"",""1""],""protocol"":""groth16"",""curve"":""bn128""}"
"ESG_ZK_2024_524","2024","1","2024","ce39b94de699c0910f89dd84899c49c69f4361a3dc91c7ab546fc47e750b04f1","500000","1","19672214700391330441070583592471803766700087650063081735552853934120863366396","{""pi_a"":[""14234862055878967389093591712088453115102276693654892480530539192503687175199"",""14668959386401920608525238451293020332770222296338912313517038219734521605982"",""1""],""pi_b"":[[""8780501763559402251608962967753365202873289941452168691789308272348972216939"",""12095575082496265856534874194667575507118905817389866161876542787624086610900""],[""18345729657968861952992465005257960354790838065998789048368233904487379357297"",""19691276798119231781060886701812890071537931749005225731601539020496563715663""],[""1"",""0""]],""pi_c"":[""18102550472676972470184873600670815248916753025260115674821501453565704761834"",""5761688784260176710522642221795614877840201189660761712414030202153642879146"",""1""],""protocol"":""groth16"",""curve"":""bn128""}"
"ESG_ZK_2024_525","2024","1","2024","ed5565885ea895cc96324e79a41df8f621afcc438bf1fb8f2a327986299737e1","500000","1","12122247141962203893521635285478140475623014876155286384549849742665390945706","{""pi_a"":[""9572840312814571736205550106425809664352822375655499439510645994541294555109"",""13792471907883510212004172914050783715118858748301459269570952694687701269597"",""1""],""pi_b"":[[""9203730310301832932497769562190813465518906649465413657110507532012108561256"",""3150184914968399386022859906253429835618273487954232398407568004497352978140""],[""18571311271082178995487518626594022419432370856931462457589424162070133573632"",""15064026167246414011160983454956733920538984739068092090371394940505401758662""],[""1"",""0""]],""pi_c"":[""17753292034681413818880182892353121267746159272356698227002425464918535459605"",""17384912122893767173932624381034209105349340196391997440535897582736237417042"",""1""],""protocol"":""groth16"",""curve"":""bn128""}"
"ESG_ZK_2024_526","2024","1","2024","1f528aabbc3e69cd03dc525a147548e204459a790f289f09cc6932adc80dbfe4","500000","1","18006092840838449912039517477479681867616814092798537083534695345334779183212","{""pi_a"":[""21006858222990082068768199360219920138385515401708920166152309360568392738606"",""12035663209853612011630731902686125973307332039870477023600808309277384960691"",""1""],""pi_b"":[[""6051443176408262987826657765166329540436088730489065147383707724525287014245"",""2971019398019145556000237559047237299363906315361246471553497667688028010598""],[""12241968541048117732709520549816249364340806593080884357877460529664464487219"",""2916899966041510565881475440919506798330262851012876749168714996680462406506""],[""1"",""0""]],""pi_c"":[""4488129236891872935882210561972935435034228329263372486894571404817299040772"",""5112725833554915133842763003909621678795759626163077714849218579020818042586"",""1""],""protocol"":""groth16"",""curve"":""bn128""}"
"ESG_ZK_2024_527","2024","1","2024","591b874c2181f8ae58b3bb9a7120aa47246526ffd9b77a350cba09430f22d2df","500000","1","19098267286811551747032941411772242764133737198640771731154756046751543580124","{""pi_a"":[""17739131530475323457252246090981141845328568975476192470498970009168323304227"",""18218132421319646437892159216690843316884578057521265587468952362542946969094"",""1""],""pi_b"":[[""20069437629947491312517077526729554654933113147043827946511500613825713320859"",""19826182529467622531773627490787683913547740537191622806100288083692498536227""],[""9565288090624544735067126601816079372555173421675547878991196547555727794013"",""12027651330436466550664333843307354087817574640374939500362087071645409268299""],[""1"",""0""]],""pi_c"":[""12379663521224639360166209808136391674493230831265165743622378444722535616989"",""4380241419892810910070535805570288014596928863410770489587287706264360471095"",""1""],""protocol"":""groth16"",""curve"":""bn128""}"
"ESG_ZK_2024_528","2024","1","2024","ffe3c22fc3f2d89b73a0eb4c268b6b298e486cb1a275d7660196040245052a2a","500000","1","11690087520235354237062736776503764042213991682699572439028150701473104742337","{""pi_a"":[""15577666202930788739278848359750701274475088220331841187962887998095533791726"",""7349139669174628628393323256779416385222642823725956794043461549493159469864"",""1""],""pi_b"":[[""3669348550856894430610435899065630630941198261550573128189473826726104243566"",""12806566331729159858058065409663121482380143494060675688126867451711088157532""],[""17785524738521882719835378153933945106496265262525781869055299207656646090111"",""2774728715739916552816968491753467651112953256822421399109303246260079028698""],[""1"",""0""]],""pi_c"":[""14564934206425675679178024512928630217493403872574534539045480263342066743729"",""11086751087888047488324602997006279353481305058690683791178005744522766207364"",""1""],""protocol"":""groth16"",""curve"":""bn128""}"
"ESG_ZK_2024_529","2024","1","2024","6197155256a682ec17e66eb79651f4626a096de192280f34c0aa46f18206cadb","500000","1","1196398745687517329229540342755266889751970206418890432152695362209552097405","{""pi_a"":[""15889928211481564050385216782083744753895077022632482485666888106262849176164"",""20213038546877939712904797192599996395614062013037521498674693835707473822257"",""1""],""pi_b"":[[""19027751434451316001509456163296578513849305388788351423281459627241096864621"",""6906931925983699664749897213392870775265633429230434064100070608061008224719""],[""3679477856174495396957376422293789487459588666893128138080183395909843243705"",""9678753199039880258867073565102039381913791913180870461032204015045646300818""],[""1"",""0""]],""pi_c"":[""15987362111473416292522597200628435544146588434771596274318908405640958912577"",""13729166400446298496080072949188214418333201635180127576763642617974545292981"",""1""],""protocol"":""groth16"",""curve"":""bn128""}"
"ESG_ZK_2024_530","2024","1","2024","0b684ab75d8aab37495c579fbd2891f359441ca6d3aa1b1006853e069cfe1f06","500000","1","16230797692182839332817369957498449236296506139369255821973407831120797558093","{""pi_a"":[""15832844316833201643910464821009594757502346145033350817095876911399949213796"",""1839824206426046502851376006426919180233212908274703947737126204328987237337"",""1""],""pi_b"":[[""12442259072569298064329605030518360778818309415574125286621094191820960827629"",""17284059885015662152160407259599940017996757755532701140315062938902701265659""],[""3459364420198158086195953733921199522911940028575376926276423228708544255970"",""4896432711699898856036893233319893759523294955737586117293075259569509278973""],[""1"",""0""]],""pi_c"":[""5430465543746449201657477688604788738263242277363901592211454291404054574969"",""5281897043128713539580166472305732615501339202483889047455412488951775114534"",""1""],""protocol"":""groth16"",""curve"":""bn128""}"
"ESG_ZK_2024_531","2024","1","2024","b99d5c35a942f34cdb40097db16a98537d72b447ffa580753493c1be7c7f0bd1","500000","1","10843934050766205412749365792822317870399520446918051063909706062468922115310","{""pi_a"":[""5367632190750747165633509424762687364882626014760994372714274869589710377264"",""15699012379003739826198176993927496858586735060898423268116653905333581049044"",""1""],""pi_b"":[[""4767545138999277332452120587214632896296071862252928577509271702331871577014"",""8182122392201697578815555013372612670396774765899499966362018686734023989959""],[""2136057080359301962800029374183759170389938714781677651241497614976627351119"",""10849934753270977773485481248062290582656575959934460203573007054524453505735""],[""1"",""0""]],""pi_c"":[""19628392120072590422103790917238330919124070771337719093408793921155356300440"",""17015163061760521263390849294854739143960716346907066884254250585253687205143"",""1""],""protocol"":""groth16"",""curve"":""bn128""}"
"ESG_ZK_2024_532","2024","1","2024","da7fb34884a40baa8b5fb1f12cc23c4f870966493c8343eec034c802775bac96","500000","1","7533654722517324161772083645969112633270370144739814902177119145138196019098","{""pi_a"":[""12899681791476914584111400258481795280974858515165483659215924415035840410329"",""12594939483753548980588352324819234153519651194583108678745581326133338848448"",""1""],""pi_b"":[[""4542898169041346117511820969112958590099724423150518689387652438580683452341"",""19788192289611342548176962454016764529854730035929970718440086200120742604636""],[""1874238824412062559983795200248879718672714255687316378871606557426382069701"",""20903477518773096627136603669763863561859968694730773844202807977970676348237""],[""1"",""0""]],""pi_c"":[""3390027064713211107514561410566223299586097126592697064915624353898372468699"",""9376828928758759858694066234473858332037104579272055749743922174242156895837"",""1""],""protocol"":""groth16"",""curve"":""bn128""}"
"ESG_ZK_2024_533","2024","1","2024","dcbac3bb8e6e3f88a68fa6f5bf0efeb3dcb277d4172553b80fc321a46a5b9a9f","500000","1","10015336816145043495709627837900035335444500209037827341788584664080711549297","{""pi_a"":[""12529129285986363327962425203268523637950685461361796413335694919320045554525"",""14646763880948983002593881633980640410220988838115021386952778211138081256752"",""1""],""pi_b"":[[""3133931695110672181557231056287984673444786722508085427044819096894718564473"",""21513754241384395896951346521381151022294487020239208212684978215996047897677""],[""15660882943538654698389313825632088561567664116123177749691308092179123037536"",""16384426048914977404633217514642526019902715210020858234219298740694453752602""],[""1"",""0""]],""pi_c"":[""19641849004242404238336425383103927456552286261890445883319746808653907688815"",""4822070947892589434699194188556730092604659354697316558468501199072852467705"",""1""],""protocol"":""groth16"",""curve"":""bn128""}"
"ESG_ZK_2024_534","2024","1","2024","038f8e4a6d58d0f0bb7c8ea3cef55958bf627b05490406f2553f9aa6708678bb","500000","1","21453610553907309341253858707692680538574219262581532870520094290362780619105","{""pi_a"":[""6170831421320206552091042679634284702591944009770592167676579306686618180677"",""19898082467256925001468243146189119096518165668276715348228388540489710673420"",""1""],""pi_b"":[[""18244491340425323483190416510104507819382148168877946887275634135033757725151"",""21090444263819056761257859892047947362774264642686417171461488089578979203272""],[""18963881755351775515199269183188482477636890554959578282434087843610575081917"",""3492707970174699401233610222821694533534914144396635425124154092798205674641""],[""1"",""0""]],""pi_c"":[""15215679145934100385026222493251535186040612902213857621249050868753939128946"",""7175967066851194570621264949628638168779033513218678582957309686465277466227"",""1""],""protocol"":""groth16"",""curve"":""bn128""}"
"ESG_ZK_2024_536","2024","1","2024","72f1f61a3ee0eee123bdf7e523a05c91602a16f27f128ec895e3f371b070121e","500000","1","12717464236416183942776332722476315880017939952918949968352694156131457891821","{""pi_a"":[""5244099929315270638893828118343239998894437927360188491945621600961456948324"",""10554928573207306774267292624870350361005799784249070371930970202324782307384"",""1""],""pi_b"":[[""317370143898826485187453010795089788892367127693979771460901434545280924306"",""9857746182854167646231351652832676414534897364639369843198025138569902142241""],[""14707420624322701947717324142817114472474219351951451432642305166811938328587"",""20588492193988170812415274327932809669445294517967882043883788696525445478954""],[""1"",""0""]],""pi_c"":[""13063085203481066326455912339610375176583974731714795429954715594951173050574"",""731504157195317509515691607075560115153997702948714678695052915325513094231"",""1""],""protocol"":""groth16"",""curve"":""bn128""}"
"ESG_ZK_2024_537","2024","1","2024","0a3b02455109fcb560cce1e30c3edc05cfe446104ddcd59e4dcb3353c46058d6","500000","1","15476760800980833294623181862350555898644783901398305892219003870825497913563","{""pi_a"":[""19465118809244717767800082313062335140582384232232241031041615219123461367510"",""19629235909636007805857799012996388749769826779934168091870092427197365564006"",""1""],""pi_b"":[[""19665578075792092121998760086403790442110171641416505601196968955821010398302"",""14646237170122327494520307963968538823688331602848771767058646620961055259795""],[""8376904909121551214912096394504027307071923986860039871915917602310351900307"",""6083558074057757677418010695337724535908596220645717728916346521988383823746""],[""1"",""0""]],""pi_c"":[""9284672550755530479460256508750354188272168586560880793699880366088682096676"",""15656666217494968330145130552176805373504967185283452433154660102847914937045"",""1""],""protocol"":""groth16"",""curve"":""bn128""}"
"ESG_ZK_2024_538","2024","1","2024","fe2ebd83ca0aa8e4be84b386da1d781f002ed5b36fe32317859187f5fb4f3ce7","500000","1","13130724827177978534220032996619544516916150460775620895952312241730860911613","{""pi_a"":[""14202590155572145257076195223114183472543816429725447092777817413997226343800"",""18796095194073171000741869146773726609158394442764193469435516568286212774771"",""1""],""pi_b"":[[""1744648947700483188215988889761557408600906990761711156476585011760008257431"",""13214741075657667384944912083881398121112155899270955220752295253520736880508""],[""638189005872063955936076629532771041035794030993368895206938376768857605752"",""948002754716883609850439651901986849735100684236450142142963797017546443624""],[""1"",""0""]],""pi_c"":[""9866165341568880825968139292260709822564437422973106888170134867544348876117"",""14578955019661355476880488256123991837437549007832091642617813797170900357677"",""1""],""protocol"":""groth16"",""curve"":""bn128""}"
"ESG_ZK_2024_539","2024","1","2024","13fb26d57b4d2930df56a8f2582872cbe3b4b439de17ed887b77174443d95376","500000","1","16288752918848798401136574311051453653655871584514403810442946971240511225623","{""pi_a"":[""2550492493629247128898936967162850907200264965232394895405885467888688709290"",""15817395106016923509589706740396321162349358708957519500979584564171383914767"",""1""],""pi_b"":[[""5068061890461340121172164218153839706548226566808757925211150361335947097767"",""3653775860042025952195285590823405254052124130690812673406060329093152452848""],[""19304695895942913063255430880013106340193885675800084956811364909284423738093"",""13003174888590113152564527146658062537931602211673799345195289430107393797145""],[""1"",""0""]],""pi_c"":[""4684869175189019058582097579936386252705007955013647610116003494364180149065"",""5711031503123817154515442699057409991583996828082769519739691618933400250971"",""1""],""protocol"":""groth16"",""curve"":""bn128""}"
"ESG_ZK_2024_541","2024","1","2024","a8f780ca263e0617f5a62ff75dfef2ee9748a7679d99276e6445ec77db8e25ff","500000","1","15364459825069059184760223620288291274849683736415363395791810404231410373558","{""pi_a"":[""12675237373734237371981064245836676183286700201404755113008299684450947162537"",""15821420172371130761219996036259730987107160452507478212510185234775301137364"",""1""],""pi_b"":[[""18390761095606021413428813499603454169139355786578797306917122050216319742876"",""11846490405170541188332340082100004223119679775249413428603078720651321938157""],[""11804871712485773669097311293875514738475179792947938556259437374408219219394"",""7629893178306521970173708465780470181269036743219815661426822156889208554853""],[""1"",""0""]],""pi_c"":[""9186368633833028167258457614471746189443045770838873743263987293358206483090"",""15533132007681409386871544425420987758043488716732276446168062137307457974084"",""1""],""protocol"":""groth16"",""curve"":""bn128""}"
"ESG_ZK_2024_542","2024","1","2024","e838b1da2f663f8eab05bb9285ea8d499d9dcf04a6e4b1995d9086ccd8757294","500000","1","4460851580228357989689846328613019482029132147143233426501247539230350081735","{""pi_a"":[""14831315421889821217745050700092971795814136731475572328495776119788332074954"",""8821059592323700394926978493387588105931943090307572757373977818063967625724"",""1""],""pi_b"":[[""18667379970473613154352289516010219984293608116190069195727469545432607913004"",""4918603881840511978369411189597861202388308022268621605177234005751223768201""],[""1289194258336295978584729291236179359738415225064632896520763150157044128662"",""1913763469858453520433820429423587382354278508750437691347974392128500193831""],[""1"",""0""]],""pi_c"":[""20451741239961417321891859032234591829774286979041092261935381166359844787065"",""9626196449777859258032967179315049139861523142168472526037623153418781163567"",""1""],""protocol"":""groth16"",""curve"":""bn128""}"
"ESG_ZK_2024_543","2024","1","2024","ed5565885ea895cc96324e79a41df8f621afcc438bf1fb8f2a327986299737e1","500000","1","21710360333686069770394536901902582020642764631605245048821512397838587953916","{""pi_a"":[""5205511675134159372824337420219222537772980529119150956643262019231299675504"",""11450056722953104991504305495457876352493658694473679874699588396071711137375"",""1""],""pi_b"":[[""8028931552891440509167376007132128392291180817607987476426936706431577213631"",""9739692308752703601720022750867843389503808124680843480054870557035709173210""],[""6226347685327904239343312759972191696781797332150846783305117920180712144512"",""11828371325046913871072560372558623245427431171844824407017158689680674845968""],[""1"",""0""]],""pi_c"":[""5763069103555047462950671922862756750368243047383632289523306575603751939131"",""18103086685172921486360419243946390775167192758739689398781867516136347678328"",""1""],""protocol"":""groth16"",""curve"":""bn128""}"
"ESG_ZK_2024_544","2024","1","2024","4151ac5afcd6567fe4318e75dab10f5d90ee7538272a4bd39fafaba66f98ba91","500000","1","20121263699168724441138777877263158055395240263613140282027315823179496281459","{""pi_a"":[""8243673545574831123602521003468768837906027712739240808958590823759254834121"",""19147897781695965501791254470544018661028232002644644029950149059727779199106"",""1""],""pi_b"":[[""7184799232369734174133375143349275110774381028983908814736411686633339541781"",""13692875563116665374716897783332213864675835354170608964176727682166344776113""],[""21326499298691366681119063479477232270789709791185722667436198527431794370950"",""3547858214001571767676945965999083556950616619695130345852829660830795147013""],[""1"",""0""]],""pi_c"":[""12080615870874711940853532699224897944358338308726793502256046037135145245641"",""17508680965000445364475603081995424530568957319978644989771503680072452199027"",""1""],""protocol"":""groth16"",""curve"":""bn128""}"
"ESG_ZK_2024_545","2024","1","2024","b5741b91c05610107e25f484e89da80a684a913664265c925ca70efbfc17b78e","500000","1","12212225690726165463104689485623900259607443994786023249119396232265084152965","{""pi_a"":[""5341620447346141283683514465799902502975789163980408204171896715596558445478"",""12549429477849495934911815829117472661307234056554903304359048436802614159217"",""1""],""pi_b"":[[""8240356068327219286170546654310747673488736560262480285059333170238308315164"",""16587894744961968138026584568093103583536181421711304632980507944142488295897""],[""3655913677931006668328329685455025420285740148635587156812729707238763183117"",""7290568313786667559326713772686444995915416508752412021433907291937329400067""],[""1"",""0""]],""pi_c"":[""1457392510519988062764632603687375524989036567527168452156441520234880127010"",""15817072177377254528849068987376757954193558759906217019982396781540130891885"",""1""],""protocol"":""groth16"",""curve"":""bn128""}"
"ESG_ZK_2024_546","2024","1","2024","fe6fc4aa31e0111c04f53ac7f808aa8fdda83a02f6c232925174ccae6274d501","500000","1","7393386091900046997073145395663673545528571605257314485741628109065963538842","{""pi_a"":[""10536314114898832362584806371811465563683530036004266004235572107207760876734"",""8916248846871316775881642737415835621344242886027066553092791789570989059863"",""1""],""pi_b"":[[""93262597872048215279555034241503537856896607501064260599347086822665746318"",""5946914544282306091510011570179118120128727620031008252655072180021582692735""],[""14267303843112930697176052949625095522294683982690642148838960415182131608389"",""9413254508030308953939835427402021366071348306983747683694942598886719339808""],[""1"",""0""]],""pi_c"":[""287311053356648962768537931353501179473385187402837916486341178211997868572"",""2021378258609666088485439494513564179554136574829999174317214748946891394095"",""1""],""protocol"":""groth16"",""curve"":""bn128""}"
"ESG_ZK_2024_547","2024","1","2024","0e2275c1dd2beca3d1b598480c76ecca3a4659bfe532930ce074d71d9205543a","500000","1","14483176606367006345374225903886572992710738879851140642566788070682390313703","{""pi_a"":[""9181381593117022679696549907262535947314589444389555773851590122815209851520"",""6375459461736330145154681243532852306816566287443398166638644177166482707370"",""1""],""pi_b"":[[""17940838327776385905836664156337684476886691914385721843451390559816754159887"",""13357960266377542135333684649810785891729710276199160893267699228171687979481""],[""13618510888950191068290985336374504779357755916019211983703730004914666118327"",""6885443287299266736394963223413613031270880892626440669554609231200324863341""],[""1"",""0""]],""pi_c"":[""17047066708341286705110279692048131552535658905545013142656202842768117236715"",""18985406613477714070268901434057136666611665203573609719364314512042461843296"",""1""],""protocol"":""groth16"",""curve"":""bn128""}"
"ESG_ZK_2024_548","2024","1","2024","498bd2d4b8f2a72c3c0861e70a4eeb650b0122d7650a322a9ff22fb03650ba96","500000","1","8305737278262564748588043770364631851924363441512701167474143211233954693983","{""pi_a"":[""12900965011948925165796899486070553229500373443238678894701598720858378351260"",""5642947450298410144862966756047102272773811345208448397434141253666887479507"",""1""],""pi_b"":[[""19528445260090312096747209642833288595610699338098229535859329080613528894290"",""10294068430929051190127557894391913554788343568955226494644985476511193319192""],[""9264034010328369058359374496328431324115687469526100099501048079027523829969"",""20496629798609639876616967455170908807831762623474945699355838372879204960164""],[""1"",""0""]],""pi_c"":[""6016862658553707027506393791641661345907331952109075941225707904559096185911"",""19330911419043854944861934534334187042602138980780066451220775028178826491234"",""1""],""protocol"":""groth16"",""curve"":""bn128""}"
"ESG_ZK_2024_549","2024","1","2024","1bd6cd7db15a53465fac7db56ada42e6a0ca3d300940b94afca024f512c7f65e","500000","1","9867804955453193627572621100900487106986571232596829438722385002302580602137","{""pi_a"":[""12113301506786660899916398763588438917408629859987344333881298490931066018083"",""6632798494114378982439769750998706355124420734397680806779344788116139103438"",""1""],""pi_b"":[[""7351599233279286451586240726764271210547389595971415734002663396851338975069"",""241199138292368770725174905848148262548251246075342942504012616125046003536""],[""4212157618109246552742605228762203990497124299619956442838627145729339105777"",""7690639420179278563222515441468953614446699168724635358918405373939711077976""],[""1"",""0""]],""pi_c"":[""19635352599795444626465581532981365161808808739728178526001309679459853643080"",""17258699855329118437214488402230497235644397009114043808352330487636231168943"",""1""],""protocol"":""groth16"",""curve"":""bn128""}"
"ESG_ZK_2024_551","2024","1","2024","59a3deb3c990c63b37bc91f7978a0c75c91219ecb66f886e945eebcadc411e1c","500000","1","11816038005791787557192917464297263281556836793982378776872567078915910673056","{""pi_a"":[""17912899143662892295782627322510438444593453324146563821821573728237081259722"",""2670952479898216451538583271124816326635385048877478549524850290094341366016"",""1""],""pi_b"":[[""15069854694092227011672985813140223078110769668337480118538427938212540883450"",""3308720113219107974293187975914498982346144183774498835454818333272130378586""],[""10172142184884967566515067585840194540096559743710996104936826541382667597771"",""12308484677171620301948880802591416371677080058372939063128569568481304857853""],[""1"",""0""]],""pi_c"":[""9452324576052527980068735250238988320447534870164041123010507621413622377221"",""13693343542412900816139601572264748962261552030291616739952897882839588784294"",""1""],""protocol"":""groth16"",""curve"":""bn128""}"
"ESG_ZK_2024_552","2024","1","2024","add2c32762b4d81236fb7f72a372bcd6214c022906bcadc80db2f8fa03e5e35e","500000","1","1673970945681119576908990412429260433537832176297673270310149152283421230019","{""pi_a"":[""408069574964121250462166992964917139643716865385648871400379705719597742939"",""6740870252333089529326930984522252270574426490170400909878170943446476981878"",""1""],""pi_b"":[[""16343652458568151120296224857783756579584083650227071272640305220141180662831"",""18755459190229021027998020286965542643496862274813261742057267609032402240522""],[""6667583541117584657342504964475037102158987795127244573873525390760388019134"",""12931262897325615950486438335482734465265734505388245397648076829079742772719""],[""1"",""0""]],""pi_c"":[""3523604631368021610354873202799749444309385871345455746641058714843142652168"",""16091383145773773479516219144073098557221837027652603818777198799708601166918"",""1""],""protocol"":""groth16"",""curve"":""bn128""}"
"ESG_ZK_2024_553","2024","1","2024","414d85f1ec06028d704ca77b9f127e8c8ff5462c4f57d54696cc134f23bde9f8","500000","1","18043979087558978361871191698514892076189064955388329682855284063153873375441","{""pi_a"":[""6723897294618323647064809419130754434383910361989243252534432459611739457949"",""16546922079643146105491689065569946053743963131499987982463672277483644190843"",""1""],""pi_b"":[[""211464377558316439373390015803400605614551833937152368593063182769425612293"",""1897955834564605305512038557632449136268743451961665516246291377446489838956""],[""15150984223252156693285346965748338289263010373026946942885321716699166597781"",""14174934472456447266183907031990358539811360129434700258538620933675227096069""],[""1"",""0""]],""pi_c"":[""392676915672269746957062784410038186138661097786265374285687254036597935181"",""12134252029204220147644988916989369300707566994608377544144194422149084610257"",""1""],""protocol"":""groth16"",""curve"":""bn128""}"
"ESG_ZK_2024_554","2024","1","2024","b082df39982558e4dad5f7c84a355603092c921247ac2b2813a5586e0dea9e9c","500000","1","15027017742695247065548417524419116747635610465775849340600873175486279798534","{""pi_a"":[""10931029335332839332167910181605770489248649982197586296271454317096999631967"",""8588959496191121109892334505549234377848952991183288347236952277959585584782"",""1""],""pi_b"":[[""604253836049217848758300265898368138936797208475958103914615178834442716627"",""474454815625880332089471230133121748698140438023221288512583728438325068489""],[""18826545382401385319480958676122702541899145928098556214258518942707567550787"",""19955334634488297524936025023324509990050839037265689628559558078665430865407""],[""1"",""0""]],""pi_c"":[""6544905342267109472595134664865413350779612274342768218810378384025374656843"",""17839429025251297865170777507136508942823494798417090908822031906745226692984"",""1""],""protocol"":""groth16"",""curve"":""bn128""}"
"ESG_ZK_2024_555","2024","1","2024","0b684ab75d8aab37495c579fbd2891f359441ca6d3aa1b1006853e069cfe1f06","500000","1","5588519775078708837747792702722344970731212388634580928845203531273923511185","{""pi_a"":[""18182638020185162047396849014382876342873773543843221432027433303752733855930"",""14557470601124839070742974315324745209599122426787766870026418651759099347428"",""1""],""pi_b"":[[""8250453246286267579755281414613291780923626863906259470984942887260810310796"",""8921483298593471203203428620994343645567388414098063274389656045909965611190""],[""3577257797026761822103277600110888486471810108275805318298594791713751557271"",""13381122166501211741232047213335959485589735861658029505896487999126274305824""],[""1"",""0""]],""pi_c"":[""11475537744324320365489677054630498969471310043430699307330157065931240342774"",""16845010091048996021871339626043500270399415252618404354255455723953859557350"",""1""],""protocol"":""groth16"",""curve"":""bn128""}"
"ESG_ZK_2024_556","2024","1","2024","1f7eb2daaf299c5e66f3cd6c442af61c700e65100ccefcf2f7ebe75111dda48e","500000","1","11904562829760233269168390262807897174748427120376031940931546726973500781501","{""pi_a"":[""19995571838082408250887461081372094448166686652835827934555601239183138280957"",""5146543870644888764646569261191853141649065016435934639231306948583381901874"",""1""],""pi_b"":[[""21635998054774113320575210072201365267204294417590543872350486367607701830544"",""1752573618043323880006063275616660399306031799644096774570772814423994728924""],[""21435181734371940864766403673140083683501172682770594317967183472205273191141"",""8532410104549983707868926869039256119789708390263257321592168042006763898164""],[""1"",""0""]],""pi_c"":[""894031616991978750417763687290397317480751405172142842954267593877702630697"",""16070337391107172099544187968219749390657981222933623271039458799229609793056"",""1""],""protocol"":""groth16"",""curve"":""bn128""}"
"ESG_ZK_2024_557","2024","1","2024","d893cc669198b3c8c758f85b55cb29c0647c51991a123771466e04c38f6204fb","500000","1","4727487746568349003901853201772445783128384910330340832773883155787265787122","{""pi_a"":[""14511720141488653288857705896576366039453317958378955473673724216562729741010"",""17652077696822903834474697747285923325928045729616851476982708398141407256046"",""1""],""pi_b"":[[""15671051222651302800165526824354109556500836770531393142517000754603280753585"",""16878939400374854201575039251459470957381933428258723836423105376506167859168""],[""21091427733327141140918000587667855658183287510938337361819098184476250681110"",""11285317086680919312708212025029854135201881473581769677882651525170817801530""],[""1"",""0""]],""pi_c"":[""9829830862274198199360497604523858614312438919666614149739545135548907334121"",""3599078979832282492078869079385473828969601119106623518953251782456739415092"",""1""],""protocol"":""groth16"",""curve"":""bn128""}"
"ESG_ZK_2024_558","2024","1","2024","82d7b1db04410e612ca335f1e9d6df28c348b2c2365361cc6db2f225050988b6","500000","1","3765477296760604761504838543511979301963671536417540742132343516273028105403","{""pi_a"":[""5027436759089359580528756754255487396845639810891977039160444778692849261922"",""8035727099123552008230472854483148478137265360687831994403632960981852018744"",""1""],""pi_b"":[[""4380593666944303688319392484098411702096633699952858674560983832505441666215"",""10415692628554287530619482086755871015062651182629080654410933856623335642267""],[""5821930642476797767094276693341040526887233760880427097821778169446708799904"",""10540417007865752644388300773930180825960518945059774287603701351213068737908""],[""1"",""0""]],""pi_c"":[""7237109974698581826275946753320010382837401270926547604565723082892204524728"",""5993876931991768095421898398319861024159755642044639214699314389452928378096"",""1""],""protocol"":""groth16"",""curve"":""bn128""}"
"ESG_ZK_2024_559","2024","1","2024","c9dfb7d19a8054dd29c99cdcee5a847d1f48a45750b372fb57db158a13f85bb9","500000","1","3249540324238053452091525517482428616195902602930636478442749920702259281315","{""pi_a"":[""18654048598863453153826167948841861832211688351299669916920793804567091543941"",""10350231781396007798853120159207613704803233879111586247709422738859710972350"",""1""],""pi_b"":[[""12171746497031741241687064060934482089058828383263967288428165369064292031853"",""10385545724127417626851743577104319511226099251130610602290524692524429452094""],[""1342434962724583992550868282486675774837097790356533351088975085426726229112"",""20675332892067458570681133050554233609656143194644823805048701364990785023257""],[""1"",""0""]],""pi_c"":[""8828869510987707565628138543549300685382980310463737969318634821729415193322"",""10917269860961786445910693955637798217087413038754834619251821941115174839894"",""1""],""protocol"":""groth16"",""curve"":""bn128""}"
"ESG_ZK_2024_560","2024","1","2024","10a9f77000c6ab29a65ab6931b72c193189c51dff46313be8dad02a16f75cb53","500000","1","18484309871284389140376363265532409255701997958883017604969936188544922775448","{""pi_a"":[""16930880765232163872755855397804583255280139038070953726319583173536594719218"",""1117556441159494225993392582793412183142305710763264523091076385739954950547"",""1""],""pi_b"":[[""15250264843092882531680090265939985265008858731515082076813468396217038190426"",""21807721996983801606524005838737585210006491405587971283677324166435468943174""],[""3178983554033162430424477170619722308533145106605964716985938294307367809628"",""14114913718347165307938723632610708168453383861343433604756742771184397920554""],[""1"",""0""]],""pi_c"":[""462469870356887087946420847693191522933268511728875854360419269265745653449"",""19109933274290099289646883823728254676667241090791274791526905599599223966702"",""1""],""protocol"":""groth16"",""curve"":""bn128""}"
"ESG_ZK_2024_561","2024","1","2024","038f8e4a6d58d0f0bb7c8ea3cef55958bf627b05490406f2553f9aa6708678bb","500000","1","18582092602376485948252434567935229375495923152121749550775781760254355780528","{""pi_a"":[""10184796977228263012862354896927652992451499063413404548218367336552359531740"",""14819093251144962491629409604609706223371913503397739016919331757841728335580"",""1""],""pi_b"":[[""5275617408739837311947442483798532540060563150157650802482178531049593308267"",""18418002979648347887058397751521281830061767565734962686615809489056800973391""],[""19848466540421841446025163356918755631229930366272671507546299264218270316694"",""18811223052392481336088524742267971245024669819263455151693438271957824879370""],[""1"",""0""]],""pi_c"":[""5841049781831528866066970559279423040724250846630949519722298029402537686187"",""6749045660659308156355414732819434793760317236998752230705507354051207292829"",""1""],""protocol"":""groth16"",""curve"":""bn128""}"
"ESG_ZK_2024_562","2024","1","2024","945c25ad29979e9b04c96dc05c3fb36247c5fc3e9ebda9cfef5f0c614c56fc91","500000","1","16824845253144414356560892320980425023039874636702508090417309000281384352111","{""pi_a"":[""15909187942620052021762194361304869975833621432060146893711347767468615870673"",""18237870044116794973332723878105734340795304200126747218393017633209128943771"",""1""],""pi_b"":[[""16806342697193371801966043653257218628225966181233107016747886728440200604815"",""2711969619170265995822766775626630437137928494293531352110056122205302230208""],[""17571685105237750309457800578559237983864193743256726250237290474859032795771"",""20555286577022201314024848852773332761344908129473810161361028696584431227510""],[""1"",""0""]],""pi_c"":[""2243897729687775259147890409954848999655824593548229377413788018044026055573"",""2674844227071091351064262917157955306497198718655186531471678143838345410807"",""1""],""protocol"":""groth16"",""curve"":""bn128""}"
"ESG_ZK_2024_563","2024","1","2024","07c6fa4bded6ec87eb1f28c4b02304efee56144aaab1d8a74f7794b35e16c3a2","500000","1","4932524532170628837041064825854177235004411414942951292155795822104821348968","{""pi_a"":[""4666946160789840289350831915119026355194690234737085125515501499310569967538"",""18863122011564665296455486645570701796737937611365332816732212196431040299338"",""1""],""pi_b"":[[""16135971452215243079698257273359883172234126931054688801812466455356272882316"",""21607373017383778132411467792129408089725704396102672466117442888109447512083""],[""21335254412555507689519049923021423836373782597951903031264309863910954889507"",""701412572461064215926483821414558719459581761654737435766430359904617968777""],[""1"",""0""]],""pi_c"":[""7941770013011898551364664937075600589806123777811560981086537223678809957789"",""7521457827141320649119037589212328229055556048787649712196793689270612870296"",""1""],""protocol"":""groth16"",""curve"":""bn128""}"
"ESG_ZK_2024_565","2024","1","2024","1f9d4520b02ce93b45632ec99b748a92224aae637012789e06daab415a5b9e81","500000","1","10493673493359665696193004724452580736597190418081817046415899462132197826876","{""pi_a"":[""18872569627872933534940524042093588762221080787612583708983583826476742385515"",""20920179828304909180636696737180789217241268218518183930748809575860438069252"",""1""],""pi_b"":[[""11662320776006474729482356130025245155689529709952785098616439831974552615962"",""7848953718961936140549534096799026406764096285497965745195140672056713558240""],[""4373136024280753757917603434815409409637907107255424286541595833263570357624"",""19532040235674482283879936975348369832463125258225808042291817706014882376114""],[""1"",""0""]],""pi_c"":[""11856674479534015918302602272710706051626117522003172321132801698911118990468"",""1128124388699453959063871048486343149281540134701686163513184495910413359304"",""1""],""protocol"":""groth16"",""curve"":""bn128""}"
"ESG_ZK_2024_566","2024","1","2024","30919f206e927da556cc8ae61347f36a1f77f8460a7718e1f6a0a5803396f36a","500000","1","58454894441135729949430888373906916970577367702909023590525154736779191487","{""pi_a"":[""6129646782547443085519855237744639394050269852195228296470277674390031634624"",""981392949863505862406248510731991748010852038413195898226072818544943365554"",""1""],""pi_b"":[[""3239309416929719542016822415824676699471989847169206368339975229300208455150"",""8117401991967403935107650642381545819168697473138560722186583950144899538564""],[""7991230513771892449610716932571578225540935859997443075188384596740568448430"",""16431975271641773002310804064337757148907816221893757905870285059384060120153""],[""1"",""0""]],""pi_c"":[""16465946642618326252841425152224460843999394839726350310192956444512759518463"",""15316814539897539029421484954695807989465982326815955016673917292414656386576"",""1""],""protocol"":""groth16"",""curve"":""bn128""}"
"ESG_ZK_2024_567","2024","1","2024","c954ce82918a70e050774f4d287d902a87fcbcc1da8f83adbd641e642da51f25","500000","1","17272751900733678797635554951393249551966138354939733751111036122444930949530","{""pi_a"":[""14668634632901133204511012984017850751113758495879314659496672060019557580968"",""18128808339602632965172087830842104491727008803262400326995159457943247627731"",""1""],""pi_b"":[[""9056132119709778254916864111624228222444300585218409893495461652033997446151"",""9811797143716834536253885721029519169644392484783440557877469979029566861839""],[""16895887590120173200905547161279506403204945378733867763439694702732022158180"",""9768921080970600600787016270251966157241851669537882703894801041516970739532""],[""1"",""0""]],""pi_c"":[""19093079044948740446250226166722662170904931268490546663669993962807570822028"",""17808095798802517336227387814138043142806591115748975380021198968719629022873"",""1""],""protocol"":""groth16"",""curve"":""bn128""}"
"ESG_ZK_2024_569","2024","1","2024","1cfd786d564c4b5aebc5a945fbd2893ed09229e3f7ad25cf51b54d28ae75f3c6","500000","1","15408413041961890403235801470945190394660939969016560354859055993297721481434","{""pi_a"":[""19308029785486056191614799313129585573306676962360407082203771098242684771702"",""232473757327387573224829187639826864825181290568179212898756295259703386950"",""1""],""pi_b"":[[""9542185912270557069662945390021034247897847893354648083595246652322582111114"",""3298816706697882710092570925486841212485921132656132158395366315417224397438""],[""4673478686069677673037419558939287833743539636941079785626611001333963629560"",""16831687739108452906675587635321491976776293212132946276622029148040615426941""],[""1"",""0""]],""pi_c"":[""9800158965073194318091214877338770954990625577982477336766426074055096003027"",""6629774425317341015247551246641440796580855704697117130910682215528327840685"",""1""],""protocol"":""groth16"",""curve"":""bn128""}"
"ESG_ZK_2024_570","2024","1","2024","c373f91c5e6af0ea26b4eac5f82219208fece4f5391e0e51014d17d463e6dbab","500000","1","19761844504552475887548170988430903646053298480016470597045721733024161713215","{""pi_a"":[""15230898756796786575338152588225552152870164203970066998019200178413044226012"",""7143875594093256340694304234243300336658032432914012198818771698158998953787"",""1""],""pi_b"":[[""6038467664468999258946359740095882999316783566084072213754093003615535512395"",""6314847423700810622197998549585470298250454661931313635858569863179298661133""],[""3917294214742936308514108078728513196614571615770303229673202160854803516972"",""956331273952215201026858166387859170209668627739142570116592706103791420364""],[""1"",""0""]],""pi_c"":[""3085253101012619392444289022765258906270480723561287904682052011440099044584"",""3593693327144256233339924182880495157042142792411510677165431348626041943398"",""1""],""protocol"":""groth16"",""curve"":""bn128""}"
"ESG_ZK_2024_571","2024","1","2024","b9c0b99c84b691033af402c24008336833ba5527e57cd29b8706851faf9480ac","500000","1","8861524736335619455578949736324802852736431244307329797481969376796345603181","{""pi_a"":[""16572964700118958844453501580438513667861651792771826722510206432759423976826"",""6537257260350902710990073967851653968173827478049052938331006402809769251408"",""1""],""pi_b"":[[""16609591174952113976871791412822577650821671048518012544981786793724135716175"",""10608207214367461983097451798088625594375642511989745170372930494275469077438""],[""1726501763520155432905987095998324213900057321151519313249052886563402093937"",""15376201645589736527386685289733926314474153017197015140470717118012021495370""],[""1"",""0""]],""pi_c"":[""18647934231986273677113581379351014897058142385332937948253432817837218138948"",""21116065203790956274699601310002254599100198985436127137948458948706118595637"",""1""],""protocol"":""groth16"",""curve"":""bn128""}"
"ESG_ZK_2024_572","2024","1","2024","9da65e6dcbb94a47b8ee61c64e8504284a705e87a2c254a8c6d152f81d71ed46","500000","1","19390979840148741142849246122271388460367040865751586020961872222944734947245","{""pi_a"":[""1709356767855155652417033895567581713916349443098369590347277091776974015506"",""10877195702033626722490001264748257688978356028598715549443574217988960278314"",""1""],""pi_b"":[[""5214300320646507808874192310938359276801106796248641276184719432231150802102"",""14802122851424157770677316017102654170566101085068825110959002126467927983059""],[""4111151093266497176323529967735161026091784011330256005546687971420539986709"",""10753995597414879516354588806384307691015601755691842864461167877121590418613""],[""1"",""0""]],""pi_c"":[""14831871257138456094284140521860697881939184359358103433382617238425463656674"",""13553839385386033740349141579581413260590974270562995699340022835932716820082"",""1""],""protocol"":""groth16"",""curve"":""bn128""}"
"ESG_ZK_2024_573","2024","1","2024","833b96fb890863c0970ee7ee496b3812e6d397484490f8212c70869250042887","500000","1","12127040967006786810628840210959475611520506561635062643916490817760233672059","{""pi_a"":[""5230185885412197730360594765143070875743917990118139512274560694429944108979"",""6453526478263157285100128444839589922044725445333914750349815234436837751508"",""1""],""pi_b"":[[""11793463091777108083359916746491613669647891572440690649978085979194530124816"",""15264336589550825816850765999230535195885004976184558915058038632959441919569""],[""2627417065634001256133765238658571579013705628313735655884169495165681987357"",""16739507161348389635349973838206646675269478667159197235970609219534738413584""],[""1"",""0""]],""pi_c"":[""9864572853139752441781534809867871349649297709541775112095507533278451012000"",""18667363938806494670266818235924518178695473771975256804523620885850727287837"",""1""],""protocol"":""groth16"",""curve"":""bn128""}"
"ESG_ZK_2024_574","2024","1","2024","fe2ebd83ca0aa8e4be84b386da1d781f002ed5b36fe32317859187f5fb4f3ce7","500000","1","5143152118815491340857047245253251219785854088739806815003228070501702131447","{""pi_a"":[""2003464699939006843950543697677148424626903885971844178005040934067203180948"",""11577113131780792751999310830458938671812963171496709197184976121432825782363"",""1""],""pi_b"":[[""1146447554321842133135194527586846588887065386195201987913084703396128671708"",""5815911354344362254163747670606809612629430673663431648828036515013817590770""],[""14422508119221280572294801797074913554149923934370093338458000459203842684709"",""47474705940701803622969176364994456145996525070805605712886272594505588542""],[""1"",""0""]],""pi_c"":[""11722935437896509532604767840169846929027559964004130297992028272720335042592"",""20235924352152147633545035811384361399720206072262701758359126454539953224642"",""1""],""protocol"":""groth16"",""curve"":""bn128""}"
"ESG_ZK_2024_575","2024","1","2024","18bb35395d462c76f52a83b92e0e2a5f4b16fa6c68c14c189e8d787609633dbd","500000","1","6756316170305625130754716257853854676656138029978429880998129072992987934095","{""pi_a"":[""421175917845532026409492724233140107454995996659890419885349614762738028505"",""4241720170974113825618518481119700703664218336690031427329067823708750273600"",""1""],""pi_b"":[[""4818973940044653630937509662864537998462103278513946412814027023048805321062"",""12868170685616970148618282224820714442240792998570317994907538678375144909719""],[""15230980124993381388515944186071364824842824554299511878955723330240464293871"",""9132006081806498410500708684206995424380943723076317448494826872103131410342""],[""1"",""0""]],""pi_c"":[""15288181329544384656974120460238247524807839599698572781036143364945402558820"",""8590698005964347366166522810098210340170442109951634376246141164988301583992"",""1""],""protocol"":""groth16"",""curve"":""bn128""}"
"ESG_ZK_2024_577","2024","1","2024","81ac3c773f818733cb0904eb4a5f321fa09c72cc8971ef699a98a7447c3a9465","500000","1","19107364294230114787452703182109686691796113355941506390988683084629384233223","{""pi_a"":[""10507919011574061730342089816294584245970379855446906327754714874724569091515"",""11105638776832689705064176510347646411923657581316143431662361281716460730819"",""1""],""pi_b"":[[""13421484368685981789679012278742680035520776591554671411998026840656718538742"",""17604980253045878494381772260623367720849928812371978824832417875808706567517""],[""14227824162227883018858122093781584890333070309640382572875632613709185813915"",""4819012265507022362776950813494955164120947685791938206957964420065096267230""],[""1"",""0""]],""pi_c"":[""20556514841287696032909595857992964392814403113648967647113504541302501105997"",""7911601915559174467429871161594955236034146377106736515890726540491819125032"",""1""],""protocol"":""groth16"",""curve"":""bn128""}"
"ESG_ZK_2024_578","2024","1","2024","3eaff0b5a2e65d42cbdddb2d2a30eb0ddc73e799a6f3428c82d1c5f2700c948f","500000","1","16057657527883129056812220471509775065873587481327730572533760683823855461759","{""pi_a"":[""14630691909202269885042158234734281369507008726417983453831459710052798258758"",""14228897246547496056489176435496436697260466625624299798064913886432894932668"",""1""],""pi_b"":[[""17973832681329407766120269031763651773711036873190718908457530885804071949182"",""11085253873936329881548522584293768838357235938423252176316621432294223622654""],[""11904049113060185381112316222253705838749148785021682754508573370209885302125"",""5467768804730912152798084777827491156617231714207848482928762852310490303270""],[""1"",""0""]],""pi_c"":[""10056328377932428877003141943861295956426924880160277260720313738756468558305"",""7772727435607966377404218661887091158190397013276671573401196246553024594157"",""1""],""protocol"":""groth16"",""curve"":""bn128""}"
"ESG_ZK_2024_579","2024","1","2024","9dbd4ff66b72573d83ef23632d5785ddcb816a56c3de855f7a430e0e838eb6ff","500000","1","13376435688477638538730488671201670119974003520579604145897405406952030938640","{""pi_a"":[""20959749580903100854298873919502186694459950649731715529599993905175692204945"",""3687724533862311848411272003177918175324539430223982278342489173849939168934"",""1""],""pi_b"":[[""10509660474672049421215660392273863939231524338160742137822814088303303237355"",""6253444262489700322657023853530658859815514785797616823371089460000576119100""],[""21483452533585740588047706961950300118163827180401005481476796521921398534890"",""16817497400566376422095189573079586066863163582455330878965983087045241018567""],[""1"",""0""]],""pi_c"":[""8709424820088820039547383475235826958475713503882107651959589812784910146925"",""20742834480158631477878184709491241042947080239249999973769877427171897001050"",""1""],""protocol"":""groth16"",""curve"":""bn128""}"
"ESG_ZK_2024_581","2024","1","2024","d623b8417e36e281f01013470ab033f7ba4dae8826747cae10263ba03c91b6ae","500000","1","952566872863547627178231741828999303348720188941976112602350063278663107828","{""pi_a"":[""13000225461855884472214051920239008992379506861608023196904242553974868669965"",""3381922040303980212501766142999675092117007603626374288930394944475507618875"",""1""],""pi_b"":[[""6836271774249077678381276769180547692234665066193245109895073408014188837694"",""9665918639404456000407183287002280875397749419083861251117333399597389920948""],[""5536590210650498077319878307488570906553341165292362343485655626951795173592"",""6795732909264369256527187083091386821226312999622936174109490477010850045498""],[""1"",""0""]],""pi_c"":[""6038838396447622453299116320364329415205595858838485040056119094834873962098"",""5436008429803736633458080168900430381387302707298721975326105178806027087015"",""1""],""protocol"":""groth16"",""curve"":""bn128""}"
"ESG_ZK_2024_582","2024","1","2024","945c25ad29979e9b04c96dc05c3fb36247c5fc3e9ebda9cfef5f0c614c56fc91","500000","1","3158403758477083921336246298242008378099608684764707820880078394431194565111","{""pi_a"":[""16922139549454208440877188511546065868081702251577363456656064664268518753283"",""9358416772294719807179688459027141596336011434366629216685545170570919442151"",""1""],""pi_b"":[[""931460011770897674113443347034421131598985163606190809989121842376293805318"",""1129371810241715497799225186985103744407147653953347553577415976939254352611""],[""3718008550823495731332901503342968398462207929655380418542997026926190381368"",""12683690065225379647834080510198430045764756494283458339275474834920864233260""],[""1"",""0""]],""pi_c"":[""19225123597205513127179742802266625926381146156116799992175733204815580859871"",""20312299311315225337624192902155749099987934821110256634254091573425371648255"",""1""],""protocol"":""groth16"",""curve"":""bn128""}"
"ESG_ZK_2024_583","2024","1","2024","f8b9b978c058ab2462ba29088429ab00a2e08292240d586ff0755457910980af","500000","1","1044734030013102548610831377884016320882932667731001987087249287869792250646","{""pi_a"":[""13596749839255310527307690323223130650640058305719096404074808237232010492512"",""20353473481582549645632797488986899316308703804019704502707683076221162065664"",""1""],""pi_b"":[[""21257236410801782759141118008453822258071017597633483903514288298190427252283"",""13101900881154462788832816550603254276665813842814964619930215168708838165318""],[""11026336161790182891485737291476871804639698715381417239300889700627158487533"",""7584957925276277397905664630635168303757043872908588461428113287640369771395""],[""1"",""0""]],""pi_c"":[""18255693470885034204839730884610394441746260216417776955874620359192406543331"",""15961126896558346454728891705193598423657528589658214622361797703749281709658"",""1""],""protocol"":""groth16"",""curve"":""bn128""}"
"ESG_ZK_2024_584","2024","1","2024","cf45fe32c50cbf988313982384279c09b1d4d5ecb5459a7e57559c651538e548","500000","1","18789735035343152382906296418063894998715133821671273748548386295577522954051","{""pi_a"":[""15268061762992304941029196167683247841535429036270801658596590795279991104178"",""16370348281740178380219857912090818157881574640030540616179533204430307997156"",""1""],""pi_b"":[[""17087988497117669773612626273586703014067094754211521495024415524419935450288"",""10512487829602296908534815383045889897890053484335839869605067454330402812600""],[""1715697886297960865840634984026336342887126292245230717101098891445600894504"",""17162194306083641816947551278434498373269711158768450816071834862433098139518""],[""1"",""0""]],""pi_c"":[""4098900940307904684410344100212168401091834112091745091675451334361098028600"",""7381555785634759180934154386569624331726269810381979645281208779115802585443"",""1""],""protocol"":""groth16"",""curve"":""bn128""}"
"ESG_ZK_2024_585","2024","1","2024","10a07beeda63e0cfa144f60d5da7544081eba2d9760a1bccecd2b7eb84de904a","500000","1","18751265229655378173652030148086550279038148762936688318194264791510731579517","{""pi_a"":[""9189432341895242625229740150389145198474637620361507627098018531617726366593"",""6429935882573526963567718879484848738038000975695118461878318625575133063202"",""1""],""pi_b"":[[""19362688277839389441756136193629347463408450865825111023336489113830688932855"",""3130143579147286195890019031746627404632181769996517696251740288377071307335""],[""13516186001535331843670922830780496854278523295957325581697335521659547430785"",""3333955568072247673950422424285260449629462928576505674054838777089001295757""],[""1"",""0""]],""pi_c"":[""8195145469421113576825087149172066455254257612467118112878592909580766771295"",""8535073132403974279434490153392330466954401116815021484296481770629598391786"",""1""],""protocol"":""groth16"",""curve"":""bn128""}"
"ESG_ZK_2024_586","2024","1","2024","eb6c59789e6f0f74a90c68811d4dd520298765669d2398f8281acdf4e9e7ce16","500000","1","10901425703007763986688231534573361905921276301381002667299400387197484489327","{""pi_a"":[""7933874340472368220550582022113502127046721817185172009849824420725416742908"",""14534124449574564449525152288443262625284549476959214833649313949963032502640"",""1""],""pi_b"":[[""11892062690662744494659269853997410273892547026563783359954440539239185266422"",""11944405371779898836112177875349061189367900315947077116220454730258653550696""],[""19738097369337421139206018743613332670846279305689973336703303842571677190753"",""5760494444800631349753672141881975101915884002649981328272040053692183507740""],[""1"",""0""]],""pi_c"":[""21813013466520201520501462996496730932139200467733920797648829543224477060053"",""19287988120873987024045727913943599634453308448960458942706928510021721417016"",""1""],""protocol"":""groth16"",""curve"":""bn128""}"
"ESG_ZK_2024_587","2024","1","2024","0b684ab75d8aab37495c579fbd2891f359441ca6d3aa1b1006853e069cfe1f06","500000","1","17636974011503231240019122452445515026588127254474194106645600220896055592583","{""pi_a"":[""5947867343828046065340170029611784515351373692454181633426977176452536371496"",""14604123274146043782011667711478867976530947257432324162550048256093937827954"",""1""],""pi_b"":[[""10361696443964577361936089088274868677881452816040965599638005857962081598600"",""21312817674127876170270069177807417043072083816468698907553393988987545281051""],[""4879658355057130554136514206194789169104326285264969650097092091307990522713"",""5644207868628312756364389619938135295789985979633816077125960035311173836830""],[""1"",""0""]],""pi_c"":[""11487718440792453705432671456283533958294832587559262331693898368635562600802"",""17509535497513383508684920162145514510653826390915526881964253734417783428316"",""1""],""protocol"":""groth16"",""curve"":""bn128""}"
"ESG_ZK_2024_588","2024","1","2024","c9dfb7d19a8054dd29c99cdcee5a847d1f48a45750b372fb57db158a13f85bb9","500000","1","15382279957211192958638220484743229319175024939151377220771372707457168524267","{""pi_a"":[""14630963659524811701894873245653688957822940000990377688762196750495194911957"",""15238612829919189688744054752712907514294802973488681752685841752655626943071"",""1""],""pi_b"":[[""21270925459712158729127732892422872897691415120147902667616080571336259060336"",""3792220997936592778137960016858455068674824299988420404625784361434738930388""],[""4239926796285588921848641227339580495908115253226674489752835728153152051954"",""11854218825453604147613833131172234390994987614956353713038671887902786255746""],[""1"",""0""]],""pi_c"":[""18635898710869221762129423895706436709657131116272321500363114330349347814999"",""3679229667699985929297485031688163782600767245554665946920473196500511958063"",""1""],""protocol"":""groth16"",""curve"":""bn128""}"
"ESG_ZK_2024_589","2024","1","2024","27dd296e7a97fd91f4083617c1612ffedf6c4c46eb81b48ba058658d0fec084d","500000","1","13696437601588434480480010644994370160502729931417037373865337389686112622749","{""pi_a"":[""1519193055921067870432436670906882440774707114554330496663980523332424716427"",""12424808088588610317396711815801835253851256599765232317801627941821782598190"",""1""],""pi_b"":[[""697384062408510743471599298981263165906915999168844925046200661299798806630"",""19121481664808112385314649535780934383863376531638478768274207604353054158731""],[""9192502591886385287196029713144962314769597706594700502988212602114358948748"",""16526566732336493284295299464497464686794641749094231298261956636559231220927""],[""1"",""0""]],""pi_c"":[""9371857100191291637049142692319578152022899512289515671389675080891982185972"",""950116383423423991683728009226278883280461071608117590039701708296691332357"",""1""],""protocol"":""groth16"",""curve"":""bn128""}"
"ESG_ZK_2024_590","2024","1","2024","28720a07c42649430b48f11b9476f55b262e6a906b3f45ae9a507a58135b6cde","500000","1","1633910500212177298494971079511692381146873518256446048035708476312574260536","{""pi_a"":[""429516043677100587242608544259554403210238082225533450915486291806818967474"",""19090870786714915783070951873976780359809839089743218444275621143751180948047"",""1""],""pi_b"":[[""8240293728533718404382506085675034141079875411198791284979735658683974518621"",""19324086069998979584068441595021193138788337602092617227964068964496212834883""],[""21436919973821232267477927595948365023041629527748949825104901720406435729362"",""8497652511638828805426433393977762000676641496166825493936290202035832771105""],[""1"",""0""]],""pi_c"":[""341017427704605299919941698562066450193981903097848199310608933549549585212"",""13509784581214202895296124148451109416864734803343607844672721203378024803004"",""1""],""protocol"":""groth16"",""curve"":""bn128""}"
"ESG_ZK_2024_591","2024","1","2024","68f6e25afe614f5da751e62748fd7472e631bcf481165db275c0839b615116c8","500000","1","10996667809720461629456853436248908527994511315114129528689194081403603083898","{""pi_a"":[""20064456477870157796750052984831028816865997098997904126149502286042828668508"",""18171373437334653267504809189260481394680189260557449672621332477523896629910"",""1""],""pi_b"":[[""16536181737112627920877664747665676406626463105285368905801865935602753178332"",""7668365364168479436707519240995213332316109842069962128422134495971057662656""],[""15463710540847860725405366865009122475289185519724824256033229002831752375568"",""8614579978339008375525148200423259557936206719377964271402706621699041257147""],[""1"",""0""]],""pi_c"":[""14962594720153722306754907931866409736852120365319046855343629812007307423391"",""5329897894584954456538948993511454900665159360214176761921243928259722879430"",""1""],""protocol"":""groth16"",""curve"":""bn128""}"
"ESG_ZK_2024_592","2024","1","2024","d63c22161272a4cfe306f01aa7604eccfcbb30b117eda6e77a532e5d7500f7ff","500000","1","20147350212606010155554354254815308859788758652238994261516513145584549180255","{""pi_a"":[""16819638352067766906901654123245636123068356993149876644989667333216606233118"",""18175951489509488517767120439936002005370835707724550198499895609855026684420"",""1""],""pi_b"":[[""1375941689508447459682295129185206318031857534733370772384975513998901814952"",""1181155765907369754135217302417628724349933573946517876186085479517548375086""],[""15103017035404074556214345139040044962382080958000365318967157254462682547197"",""11897534538726728451299806335494910777282929496721699211153401992232547876538""],[""1"",""0""]],""pi_c"":[""3629647658227749301147857990015288935587928014464281032157498461069447010073"",""17741165549030247926240702185601174200195399005246404227526098250460362522968"",""1""],""protocol"":""groth16"",""curve"":""bn128""}"
"ESG_ZK_2024_593","2024","1","2024","086af8969c8a1d2084bc0f422111d2b39a5a78feae23debd8efb22599e5150ca","500000","1","16680520630765507199358316205603859480808984521468255072248467975780508524851","{""pi_a"":[""1800665831994152413151797251831494391071930223502739787396699969917725961604"",""1660622547511499642743037661353097570362898835548977240666060263689757504974"",""1""],""pi_b"":[[""9065357658672523521140586655687417340894769299342591628058962621946610598431"",""6596359322780968545947334004414177845193665199760716617755301437551719442990""],[""13610122824655529461647337128128897914369963255509208007040040738555079434803"",""12532218881595996526374588360111851538931954040930922434203932137340040237051""],[""1"",""0""]],""pi_c"":[""10411686016829221473474313313185516350271865542750334560186803772809704016118"",""9945247432376990477788986963783669546980007639414038250718586140559771019389"",""1""],""protocol"":""groth16"",""curve"":""bn128""}"
"ESG_ZK_2024_594","2024","1","2024","32b91a215fc3dbc3a513a25efe8e040accac70c79f02e134e0242bce40bbdb8c","500000","1","17114050264926909947163667037859412827070909108237226125653937608443032097416","{""pi_a"":[""20218463683540283773061268760531330884959909301506595913225125212919508370630"",""5613594079271836513598021949399566935196714156815690185151499477029265126874"",""1""],""pi_b"":[[""4837881712045784098293995299614180735419899847624215401060053143823352313461"",""5538286317273850196202194363090897156370867875856272642385358656109444005510""],[""12328380964737584028837476506401625389160967004994789493475862638618922934600"",""6494989211506528595481757288642580840128304815390122612824216476186760145619""],[""1"",""0""]],""pi_c"":[""3557606704351237832702182499793663987029910731127468171859391588258380716325"",""10618820012571105224466715911771257307249245254420107031883516908606050343320"",""1""],""protocol"":""groth16"",""curve"":""bn128""}"
"ESG_ZK_2024_595","2024","1","2024","13fb26d57b4d2930df56a8f2582872cbe3b4b439de17ed887b77174443d95376","500000","1","18634699785193275199043352994475294986998523263030394129011723829965787109415","{""pi_a"":[""10132803189916913712005794060875762311073187724284391476986466915324870759704"",""11106026026757203574376042509738494859989854458767746345085947903040490077375"",""1""],""pi_b"":[[""8073902667453529869204896764589667502897683328510165249340916178437569152776"",""11461176743452714130769703799858870046894202301540027675108818803510829922480""],[""9480670977152950084564625555878263275147135946057927700741657044510301614347"",""20813024635321016539042743423751102147263811453908690033485378899570907934801""],[""1"",""0""]],""pi_c"":[""8452468597909853980683326916413972546745673274359183279572444629696034951186"",""10157994165061356192701204683467529516827137174344404698081716357352468970450"",""1""],""protocol"":""groth16"",""curve"":""bn128""}"
"ESG_ZK_2024_596","2024","1","2024","b44e4d680a590e81c96be33fd137edf9c2b82f4ca63d024c08e5ec2923b3edd5","500000","1","15059984834398702174762609619739858079765478103519604173259859595031033693590","{""pi_a"":[""20983944746729807585119015510745718230080315890281142049631066509410123004744"",""7424640263024008473082710189966007148900560576229218704548327390604057149588"",""1""],""pi_b"":[[""16979778147373488461468611966847778194699500537090028539155850771632065914791"",""18432027266354082650318916996365104448266722349669295321520425416532426845705""],[""16526786033343641217779662828329227609921732442311720564016297031618782261081"",""9141768914620260560986238417800429532757769202853312204528526365058469368396""],[""1"",""0""]],""pi_c"":[""2673616704627505423532309388359617089681187498189554534110942932823052154123"",""4298901401441423960528100312049607799705993898580491678046339775871131512100"",""1""],""protocol"":""groth16"",""curve"":""bn128""}"
"ESG_ZK_2024_597","2024","1","2024","945c25ad29979e9b04c96dc05c3fb36247c5fc3e9ebda9cfef5f0c614c56fc91","500000","1","9894568916095814819759786920879565832005202067703546371243709394162586165777","{""pi_a"":[""5656805246560767369086444502723960036395279429568489232673102519005879384479"",""21226141052032378030839790134197772195871012026905348824595414101639465136270"",""1""],""pi_b"":[[""10937024187367541694646782478691697469174635414189605093398878490333363831695"",""16122286635265640512371309522846197014017021648525765500815194254723890302687""],[""8936263441346333615122846849881487470171220901214753629279260692209875964146"",""6695880865736990136780516287229936420384761509053869224655979646800835424044""],[""1"",""0""]],""pi_c"":[""7093478234558144898019530661519262859087628883219533613343257789692750874837"",""15504461575821926599651553397158913963792187743426384894401470020502821013755"",""1""],""protocol"":""groth16"",""curve"":""bn128""}"
"ESG_ZK_2024_598","2024","1","2024","e1b17249ff795b49a0033934e3935bdd6c2fb8b973005b22a7bc6ce2f34ac1cc","500000","1","20721987079564262150624880488395477027244217289204709828227053743169741121952","{""pi_a"":[""5635533885507793681741343943323610881467386380756690021752029308128101424833"",""5645633538301142771973751355941588452033033083168344594315438908462658463857"",""1""],""pi_b"":[[""3528752054436623114817454215446329203607495555415408879459764043944058948534"",""13222123833826463870297551263166470776499745439417574179897824064265263509005""],[""42229507571530933813590672737172491825103991997011127737663981315382110721"",""5211552402955625967014502571669214089521251508932659452214504826843752140879""],[""1"",""0""]],""pi_c"":[""1563657191467398899415767981529993223830745509447306705418927329290616833291"",""6864058960366751623545815214723869414048457545637486863776770102095977992052"",""1""],""protocol"":""groth16"",""curve"":""bn128""}"
"ESG_ZK_2024_599","2024","1","2024","85fdca0d69d65761ff0b557f1f67b905bb617c6660853bdaa63c3aede91b3d61","500000","1","17043943979835050405037017618555002285785808842377317610836264298882361343119","{""pi_a"":[""7609906329630590278375050684516239575628435998602155067928277958007732448175"",""3302801233690181698689228517825967915679899772038547546072663820107033210566"",""1""],""pi_b"":[[""17668401864169651660991408753031602724959881870877587573340142241479830575843"",""1894176302986615870998126978243064329162587695116363323965968044555632826590""],[""3777894026540153955941873104244875066215255024134982299189808994766105681669"",""15157540410870225628486112207448721746410009313766894521834086528937541170640""],[""1"",""0""]],""pi_c"":[""18112892038845907919174852734607395436274315305817423722033425404768580261235"",""18120416755800480087887600791239451079902433410785090870951575815271274374734"",""1""],""protocol"":""groth16"",""curve"":""bn128""}"
"ESG_ZK_2024_600","2024","1","2024","c9dfb7d19a8054dd29c99cdcee5a847d1f48a45750b372fb57db158a13f85bb9","500000","1","4440818749366655304944894864146447168063212208017559090271363336412835109980","{""pi_a"":[""19569767557017475080436699142778172534270173238218864267240324152750747786640"",""18628709351987880276929067774758988664761697748211388012981704020297535726401"",""1""],""pi_b"":[[""256076658116612843857344932406292995316149141771202250502135732237102674229"",""4387218471458253843695426737076772408131927030140893666986883518198624870704""],[""2026201887799141672469846579071582956402612701816174604076700043388451386071"",""21010521875069819602953144637418956516838736452458976547890848927208810600121""],[""1"",""0""]],""pi_c"":[""10899414949346221522901458992450112581175040468063525494581034604405372882277"",""19238108403912395078643399660734864290034823422738901460265967305234899156040"",""1""],""protocol"":""groth16"",""curve"":""bn128""}"
"ESG_ZK_2024_601","2024","1","2024","0b684ab75d8aab37495c579fbd2891f359441ca6d3aa1b1006853e069cfe1f06","500000","1","12165395781539761494592611838249665286631380114628130987148368635474477916852","{""pi_a"":[""7384313825461549800041612826605141068225771419926054599590533291192596603932"",""2150304082964848701466085173302447377089825154512278895485097383846425661617"",""1""],""pi_b"":[[""19114943135107092196522146125716783135152866786195464294580870459087425519298"",""537433385546578797232320006903446474611853654231956698754613160283407901611""],[""10032375639789136612787125690095172493291974100013812597349859166571963674043"",""15477605675595923478490134000536974965722702268903124287701041916912636488267""],[""1"",""0""]],""pi_c"":[""7722402025317857064166542062877726885949978672224023084902149914816473860900"",""881055739503022844309711241805780165979639125124361189653328149493593013245"",""1""],""protocol"":""groth16"",""curve"":""bn128""}"
"ESG_ZK_2024_602","2024","1","2024","b9c0b99c84b691033af402c24008336833ba5527e57cd29b8706851faf9480ac","500000","1","21681957225382964690188567689186780406248085900963248915050440473032443433161","{""pi_a"":[""7026338248024731587697660476144808856574973596792149754335115160847664322721"",""6073029716969014826027374299249167552333043769577832783739301031200486336534"",""1""],""pi_b"":[[""14743317509507380789047815178186078746348957505486433418684050268224862941644"",""7388451764385158640314260920235634282633475510660107855497856653717804957699""],[""8560271988050161041801533403410547883283481967692201211845005028227106003908"",""12252391409720659470665056751469251304337536737104623221370881678008480451930""],[""1"",""0""]],""pi_c"":[""1243426404172529987926063586936069658539981643557138836025218729275962324261"",""4993918735897880311554354619905220287087707532283112998172947355212578865815"",""1""],""protocol"":""groth16"",""curve"":""bn128""}"
"ESG_ZK_2024_603","2024","1","2024","c2561906d9b774966d9997e07dea12be148bbb76406b87cc67c33e6223d047d2","500000","1","19704368130519630292284715782724519675935022835013501059367885611934274489021","{""pi_a"":[""9290036252061120049737473695649302966865789886484855260066093427621756154980"",""17033586094647944329079000629992247607085008082059674316006570521449205151917"",""1""],""pi_b"":[[""119309496839246299163986027945676798967611959062038916462557378750793739703"",""14891605252939340010363867618466132492189837778695755360833209907471932400648""],[""20304673536778982939730084668197138953625740603305227896320992826025985012127"",""3439856142048632614937795211519893470045497273474742534809422695198365358123""],[""1"",""0""]],""pi_c"":[""10693300658147161271047523759066017529159339523870524982719846487471532648167"",""3045971710140525966360819489228294943030031122663804820476155043883175352234"",""1""],""protocol"":""groth16"",""curve"":""bn128""}"
"ESG_ZK_2024_604","2024","1","2024","6508fc72f1632f1790cc2cfd75a3fa3f6dae9049b5ffb2fef75602f33fed91d2","500000","1","1799837403266408803554632412194539720613824343086188918275891331898167973766","{""pi_a"":[""20912622203068569210064446094307876235534131002525464717582388855071897797086"",""2854861107099818146501482300207064478981850649267959626589338986340145814439"",""1""],""pi_b"":[[""10705303266814517137937573886205854159139594654860745500432787274778809520071"",""10949099429131166287437475532847839570508985482397673630425937246136459216298""],[""21102480920409515449927963270700016445367162428629476436532482452287587176851"",""19166924033180755331091191488136345114906804910078717533426654378287971531404""],[""1"",""0""]],""pi_c"":[""9373028370137347590380299494338711411156773454216889642713270981463190992209"",""13499264737294930248755033270895141483810549965143537782870781643417533187859"",""1""],""protocol"":""groth16"",""curve"":""bn128""}"
"ESG_ZK_2024_605","2024","1","2024","16f0794343658becb9d966c315687884e0d44a549d16a2d58931095a81b62fd3","500000","1","4606743407979720411263884898744666484701175705756098146880050634547908539962","{""pi_a"":[""10588571670850989061870874372448268922471693809260790269621444752520592241956"",""4695324682768271029364643312259077731794967586669303563767001460530008558155"",""1""],""pi_b"":[[""11615341826106646309905279901080108910059554746676520163149404102728953208305"",""11420275562365926029049521878101885948129838407431391665604321158873057033957""],[""3486542358556426607016712495786301909655563991701944671432988562581569817894"",""19922034528582469205499769481302800364294607122453469808833222994206553269951""],[""1"",""0""]],""pi_c"":[""5295492675386074871450114691050769063903950518040606197577018650340296616743"",""21398711723686059309286577928212534506289721161826924459609155544054070646799"",""1""],""protocol"":""groth16"",""curve"":""bn128""}"
"ESG_ZK_2024_606","2024","1","2024","c24e0b136961b1354f06a5a5f85e40b9ffb6faa13dab4657c3ecbd9690269311","500000","1","3077145693536406673321476815520722076499309578745199248775192768965869284807","{""pi_a"":[""13369937104940409677928957151467285394157223252233220104552871871272384908804"",""1692456386126787771557866366388413511942218256362250467763458598947532018012"",""1""],""pi_b"":[[""16040664722299525451371460193598793339383186738251958994080378073327958292279"",""8682755948069631940467418673300890704849522646596201208524899165995897081808""],[""14507524554206552377675195757976878524915860368581812312192592307925241050423"",""7929594160375855250196011366048697744340606835901904998030401176871997675214""],[""1"",""0""]],""pi_c"":[""323315570218744676174763895426030975206659929668118604723843700432323606633"",""20737136175212167646370790470538839560446707300977782525470115504460801581876"",""1""],""protocol"":""groth16"",""curve"":""bn128""}"
"ESG_ZK_2024_607","2024","1","2024","86512c6e89537645ed3aaac005e89d60db591491a480e11a934a5813cd120fd5","500000","1","12727251434902956057309846764056202571271880744392398104519341964862156164404","{""pi_a"":[""5340210261884233561832325240080642337354503614996101321481962406808030021723"",""2116378679888216909457212489571437584459480258176953215309334458665281942373"",""1""],""pi_b"":[[""5373541501176215970536157200737152286796312740000404690376171251945122437063"",""7936070433873551942026812876450913300055654345101008674227243734762007075239""],[""10575247638321255730543858326755903656937350016525944385093126266426447125832"",""16790443317968079133499003325642036577011132201404402127802433928621463618998""],[""1"",""0""]],""pi_c"":[""5294707264343812325588567132318879355176973681971671148986898421860753071938"",""3627316847503171194265778788953501381075618690902844104855679973978354657922"",""1""],""protocol"":""groth16"",""curve"":""bn128""}"
"ESG_ZK_2024_608","2024","1","2024","5361fe00ca54643b5c130a53c6b730b14d0f5122d440cbd10025f6c4ea694b88","500000","1","4029101065347840404836487042234107107274889445948339392713860840130770507770","{""pi_a"":[""7362168677627377957212934749017418571198593011692835361509669813188377695281"",""6113104868893738976935149330913359061527143849314430218869808035799820235967"",""1""],""pi_b"":[[""11307995657517173855118737830119062919217375357943682710338123063636906307111"",""1142165894841935989546132446589739324733810121266655448521176625413812248066""],[""18190300094233307660078303703246862523908699310628663662362220765467115303257"",""14436622536682744359617016173664869671671833149717610942110062639670764480833""],[""1"",""0""]],""pi_c"":[""15445118580060437641326353148833857805733229842231657728988813736201008886375"",""12487716941240677223684169731220911878730069544651769857547569002230587323010"",""1""],""protocol"":""groth16"",""curve"":""bn128""}"
"ESG_ZK_2024_609","2024","1","2024","5e717d92d6157d502fc223c420f66938a6d98af476337c7dabd7949d636e28d7","500000","1","10819997227485071762312994313809416283954357964174245903880942384000913222488","{""pi_a"":[""8223088439234192951909007022380128960093832353054511000889493646488282292340"",""15652738758738460183157680323921648165328723624415525213040120070211793589928"",""1""],""pi_b"":[[""20134009763398005724000313426362772386369029908081058982063278924955119988590"",""10845298269527003338977888195224019540207245541820620878424029086805986815411""],[""17025753742589700454376331869194531197343011978546653005081848549624345541577"",""13951272596628981157912252920641640643781638711897969572548029685711713406474""],[""1"",""0""]],""pi_c"":[""5914175514787924642515490467158473779319047844890183229420559913465093237231"",""884146793623287994358079642406613913565717668492896676008341800245030334470"",""1""],""protocol"":""groth16"",""curve"":""bn128""}"
"ESG_ZK_2024_610","2024","1","2024","6e7b61050391f26117a7e45a0144d12ac5b3b31bb49eef3a8d7553f9c55aa85b","500000","1","17052493411194367465649625811171310661560270155576841928473708115457612943129","{""pi_a"":[""3757800192236885202427633381844788883671147770652301864206960035457092709283"",""14486295853681693294296998064145074843576961922803388957597627818771156594721"",""1""],""pi_b"":[[""17681529002988409485082927449946591257774378725633300801939702512840298293183"",""8179197058327325087353921292169602357868675432761364548455207709729673590965""],[""5966493240064729092971680146630263279198955115386225093194064433422995597579"",""895635817075381430599172914274333485546630498875941804907615815610647496321""],[""1"",""0""]],""pi_c"":[""11993385928163551868429914541264368395221304690025906230570172039891290735806"",""7270339875754506482990217964434876495041569424462945959228768731547751462061"",""1""],""protocol"":""groth16"",""curve"":""bn128""}"
"ESG_ZK_2024_611","2024","1","2024","1848afdc7d629945b47f7f7a114e72da42da40148f86192638368c31e195d0c2","500000","1","2030853812535496701320364671230410026068385577660911763020519755241244034903","{""pi_a"":[""5033008536742097504521042047704459601724673229844438837567643027998899181826"",""19620526646204646502480272961127178824882114688874244296884502417905920337312"",""1""],""pi_b"":[[""11083690964803935396142118368356869117062977439596452986876652136379184377766"",""8529115146713843718603267984089948033791082490496172049045423340496949500852""],[""20472287279254686683968886708667510689590415122359561525286826997971225031140"",""9471411061710830183381579722360634093251059340855596336619325236033664618606""],[""1"",""0""]],""pi_c"":[""14702693403829800343112636674880079828719245714215776610434838251759512975031"",""18035246513243987731627674019481627326331024130906619171332793211312830478665"",""1""],""protocol"":""groth16"",""curve"":""bn128""}"
"ESG_ZK_2024_612","2024","1","2024","591b874c2181f8ae58b3bb9a7120aa47246526ffd9b77a350cba09430f22d2df","500000","1","14491943997902075779999981754467759685970024668915317520553623899913153219023","{""pi_a"":[""2463713792116380577611593734520492633729819387454249850533519553296077828451"",""12015754094791771270893751779248056642974461911203572440708759899618650339856"",""1""],""pi_b"":[[""7081591076460966519927910203024029602395308166812019144102849394988093896570"",""8401793266863535830919074737451126802579940084478377217633909442515841505791""],[""19801409713017600610783480587180307959239089287541533285686565425927164573986"",""6076415884182389122185835290327023671082977923644474131289132604789778986827""],[""1"",""0""]],""pi_c"":[""2073845319806211937476490329301461761866702284611635067727086110452898558412"",""1222965237525786152027983717393843524226907968710380432734570934318774871093"",""1""],""protocol"":""groth16"",""curve"":""bn128""}"
"ESG_ZK_2024_613","2024","1","2024","e6772b6d278bd9e84f616877626d4192f6580dcca51cbe77a5a5d7c0bcd528c5","500000","1","16977401117513502194927526022813339790727749425847781357236442948154136412024","{""pi_a"":[""17703671820867076412508206539479415106206141832855520148718771516527563667723"",""4020385820102005326663849047634832871039581869938424236533396062491669334643"",""1""],""pi_b"":[[""5855861238052430830854490744897088479164953122508640679276833133679479098665"",""13251314411896585796143111449747288212768392580551473944249626204597468272926""],[""3130001474949595024196067622982055107260483452087780158163199430366191655759"",""5812380496884268316441023812220536516589001122395550329663636299518383040047""],[""1"",""0""]],""pi_c"":[""14262104879925153743331709652654990696707511401230506334489894053723496102872"",""16533745843061414104233809080910514456177105053528488108047485217729351439753"",""1""],""protocol"":""groth16"",""curve"":""bn128""}"
"ESG_ZK_2024_614","2024","1","2024","351d93d24d4f52c025efc605897a5a26c64607b52c1cb7b6c48b849e255d0c09","500000","1","13139940970794301843474097557939370111585859219675657379651809203319928291235","{""pi_a"":[""10494602898250628176087890943115702985381310600837546170777089889394844279802"",""1736023303972775306916758592869557478181585035310038584800775205579047481805"",""1""],""pi_b"":[[""5956889037297690812051255780782253097415469439737356621868196681229435268379"",""10999456100531221197931231834495863294915225804154312059833476432738384121022""],[""11016935105706225799682288833673752098666051908771332736143896438477199004732"",""19306543312664452745175092479073580091750591433596716570271318465906399991803""],[""1"",""0""]],""pi_c"":[""15055456255673716987548783246578207053236507252428394379346492436223039674263"",""9529152293112371420426083141626589828857497739863072103983176354017569643032"",""1""],""protocol"":""groth16"",""curve"":""bn128""}"
"ESG_ZK_2024_615","2024","1","2024","cd3271c177ab0ca1f55f7f75baea9a4ae66774cfffcccd3e59e513a96b651f53","500000","1","11269458741206337407682971912891875722506655541796023778462647922287998722862","{""pi_a"":[""987534340031733162360476816885889896692144309077725620515655645617841121119"",""17222067461595178289593367000716999669836355935307698466183660473177444687658"",""1""],""pi_b"":[[""4286481774919536986997530886184586400756709372173550435559326560952424679893"",""47173650733469230033438642952193480708722668673562643787484755341359715816""],[""9372892320476179098501664439010346757867290293313870615540458870642499024949"",""13574974882456594484787587696422142518928400609325497242445915882457546296259""],[""1"",""0""]],""pi_c"":[""11211633931399126320049047533940920432795955256506862734095869843185543836921"",""1828285148929586617977931458884879608983555070442374123388760696982108200181"",""1""],""protocol"":""groth16"",""curve"":""bn128""}"
"ESG_ZK_2024_616","2024","1","2024","2d486d1260a73a6277be81a581d9c8fd796f344e75f6fa960142a607a26a8c1e","500000","1","4794628270609825074930257337463281167417146950433897916689006017757355733890","{""pi_a"":[""18560807448085994169213762914383172312920810472396606664667446233927681100046"",""3234943056809097381868645249211484532755850465154196569187533331578783584037"",""1""],""pi_b"":[[""1365856665213692515137295282240120142294274537681399834252974391891179889363"",""19282558871860595030811645070828532057303814504461358066845730254546272341443""],[""12239467498784577683372484764778774000905277691590542689871256619353572982170"",""20134293702009222061074401325284215038790810077149466605993361724223452635575""],[""1"",""0""]],""pi_c"":[""15895332890581773163599314542081384040887815924017971965713184281845660687729"",""2749839452517816407516969185706568256005751980700233306949140754478126814107"",""1""],""protocol"":""groth16"",""curve"":""bn128""}"
"ESG_ZK_2024_617","2024","1","2024","1de539169ea42cbbb09bda50bd314c69c1097cb9c7e8922be7ad075666e521f3","500000","1","6777443753384407380293157089090957723346932860750488953478891833943653957849","{""pi_a"":[""8917788672276062109158346810995916299323825442273864094823426681730635092360"",""10415559237674240190698844599920583583090979748926016116893754770284295408884"",""1""],""pi_b"":[[""37844967154579760727233054188776755480688689209534070829160930675315378013"",""14403419067039766547066447346221626131408378351018376251851320086381680466596""],[""4210615815690670462733299706967797749383164032023822994854272759973005608032"",""13459086894665658766137347758784012708408911992771279099635154725379190038169""],[""1"",""0""]],""pi_c"":[""10543760053801420635686801519700978374505974432574392278356868238149841438388"",""9431850057591226156779684271767187265919073210218787422298251711943671016221"",""1""],""protocol"":""groth16"",""curve"":""bn128""}"
"ESG_ZK_2024_618","2024","1","2024","cd3271c177ab0ca1f55f7f75baea9a4ae66774cfffcccd3e59e513a96b651f53","500000","1","11710894586486581842162387005139163092252790451904736848463534118385264694343","{""pi_a"":[""4231996771222158915520484041937664723221548970776269537135743516504332014365"",""8189686485989290659636882642987471362829742503760757273988502216606804267389"",""1""],""pi_b"":[[""19906344576467941300851556843197139381553315025138496781387281868092705000555"",""8532924165904826408420615973167162387345005284390253320890095246369845618630""],[""16687369633691891491243589226068815134469215565810101686943427793501674085573"",""4794147351302461268135542976849834676221255941566991544507395142009793160257""],[""1"",""0""]],""pi_c"":[""19763487862217045706685586521392726555901500715896591310122445786988458020767"",""17479036450583192148135382675989287912853385032758097477850225040166621370399"",""1""],""protocol"":""groth16"",""curve"":""bn128""}"
"ESG_ZK_2024_620","2024","1","2024","cd3271c177ab0ca1f55f7f75baea9a4ae66774cfffcccd3e59e513a96b651f53","500000","1","16314222834825388388985793043415161540371850119335914989989877456870561085075","{""pi_a"":[""20586596849319486229350303396549407464847206725663292102200902724105720850504"",""6278162760066370429294776254134225138716265437183689769904007431346316524100"",""1""],""pi_b"":[[""14515885579510577712663976786380580795817089343869368523456804554564455536406"",""4098658347750936847892184445409796694757942376604489338169415623225475816241""],[""11046581361464661486789166525584637790807118928888311245058645826260950543334"",""12408296863260683960620717911479998296981678250592032499245406570526410173247""],[""1"",""0""]],""pi_c"":[""15436237976225975249378833466429330503724042629273593502312336229761685608324"",""14505007157313479295405809614887267351495411710198236619812700622395496359190"",""1""],""protocol"":""groth16"",""curve"":""bn128""}"
"ESG_ZK_2024_622","2024","1","2024","346d89990be4d698865dd351c204ec76e3c86a8712a9b689593491b310b9b19b","500000","1","14258785708409473625612868906686998901856686505720570664819762516044032832816","{""pi_a"":[""15201173482431823734096503576868520347536219747573375899124178748063623626875"",""4729555445807964645843236235778324126586311155992025808089411611015802269843"",""1""],""pi_b"":[[""13718677446308352404269361898956926601198751453976136542150794859711562143552"",""1808082770369500470195648327980251871433414542381055010325444076599927476658""],[""10069385197872989783764167779498350398777301833218143002814930326285244831984"",""14588876516043496673994264491322216184664111366678416443062325504605192527198""],[""1"",""0""]],""pi_c"":[""19704901626614630021993957899471737368978352393762313561971332378654168414683"",""18153539734755136080450198485174901383299674027380789861019207441558125682875"",""1""],""protocol"":""groth16"",""curve"":""bn128""}"
"ESG_ZK_2024_623","2024","1","2024","477a2ccbfd63238b4bf6fd0a89e4a108416647e79ef649ac4fffad4c83635c85","500000","1","3862139954542260711921533647819657619816274517151584633206142949130813659409","{""pi_a"":[""13351050534024499064212238385332176688339046063146269810543934283623685320568"",""1419601643875882271672755901375322441544420940694989703859344126310974825624"",""1""],""pi_b"":[[""7380775204790843563919379779212254787082547028417582356374386625135042150388"",""11718682000175800822883138504233640515274992615123692930928899316922318100459""],[""18290278344730442582779324499049100595786934664891851094894960210071399780780"",""7308110722075083600854483975328612323156476456716340894889136527881792840992""],[""1"",""0""]],""pi_c"":[""16149174604959083850109624303394927967665933321701118455762044196518558725545"",""426892140598593089265510932032125684621643613437867441189460598911522596543"",""1""],""protocol"":""groth16"",""curve"":""bn128""}"
"ESG_ZK_2024_624","2024","1","2024","af4d72ba7727019bebb8790c000202205ee087e058a8398727476e7f04d3238c","500000","1","4837718292520663091788627646347039352950602590245760771104104610733292603817","{""pi_a"":[""21273932615488298111626452081036549594303952816194118873539987369919768757131"",""4928811992144200529984898915507439652795543781009697841734894079653210263914"",""1""],""pi_b"":[[""8389962177090435273216473279410575971493109493098367610476116456673452512836"",""6494495625779621065607501455850084908170215938455278296701359044445728598146""],[""12922687751865505978904520034924168704438054013634088955713753567314801155275"",""12791813139020112939104379989972692794265899337270481389629446814407631241597""],[""1"",""0""]],""pi_c"":[""12876709527095393490344202728092001533201951487448189515038009677272447128763"",""1230359760156336537008772532753849678207178701249727339462640511636777828262"",""1""],""protocol"":""groth16"",""curve"":""bn128""}"
"ESG_ZK_2024_626","2024","1","2024","1d9a3f90fa33adb6d3cd71a0c2a9385d1ff90a06bfa83aa61059347f7ff60702","500000","1","10287229702943902529807014853488464328752533245895091288984749766007343437686","{""pi_a"":[""1673089493596804771951909329849086759521390262053521250934682522398996382356"",""3660428399489331325712129775930476974550635453582330271412972190686000774209"",""1""],""pi_b"":[[""1174919633622584216238596144664225354182620321799908567700312343149658817382"",""7468753179121619717369358800799670447965056839672072932134774591655159145049""],[""19802427163302953207099087632120367702954869133229333848022116629910230352730"",""18084334120091954998390020132813182396834780245720739197732522993104385437446""],[""1"",""0""]],""pi_c"":[""6502899919174755071576112958949366327498279601719132361805966414110045784948"",""11524500528962029457069904994696391975156428722117000648886915204671883948760"",""1""],""protocol"":""groth16"",""curve"":""bn128""}"
"ESG_ZK_2024_627","2024","1","2024","3896dbe8c8098b510a6011914c4a9a1f2904bfb73b39cef6098e8feccfc92c71","500000","1","9909797885552438098574436822880017475805522378850232178001497089319254782333","{""pi_a"":[""4465292662820466799766464438899393660538021968308621393500306347799245876994"",""8538562836998642316508026797227945371653967808731958856586441250682460500839"",""1""],""pi_b"":[[""21092670552571746126572739827044843885431155022775275988341051567420618412108"",""8006441660270120890754226579412147258080124147346542200187202250763382856536""],[""15730757325167702872495663399159737930258420171784899100673586485781181002094"",""16574560975977872210715043866116144050730622137107994708401977079984984883512""],[""1"",""0""]],""pi_c"":[""3845312169093776429096629372055476188880290833386835509931056742183425368357"",""12887055924522581022737221967829624860323412625262151362326719523436185790902"",""1""],""protocol"":""groth16"",""curve"":""bn128""}"
"ESG_ZK_2024_628","2024","1","2024","10a9f77000c6ab29a65ab6931b72c193189c51dff46313be8dad02a16f75cb53","500000","1","4728932675924586449991093979493672257834476247639761432167967756292901470633","{""pi_a"":[""5033142987263415721585230492121822795213790160559288887123471969386345189010"",""21234639501655596488471873787666346892121222062246102960773029141177745427140"",""1""],""pi_b"":[[""21524729970195475610616662112749415871443001390913592387700316853779247189949"",""18137277905302989252333171812522910559835656673944814991408244057918689172488""],[""20936638474006603818371427987204215380358325046989117275467007636845400707457"",""565039637092888030743840173604633509390273025319150840976462627680067906737""],[""1"",""0""]],""pi_c"":[""2823650672023999777661059946384860413526494084588234984908516934653882487929"",""465528159375566648876852732717689307376031206495192416680327911221566270881"",""1""],""protocol"":""groth16"",""curve"":""bn128""}"
"ESG_ZK_2024_630","2024","1","2024","394451a85fe7af221192b374ce062cce3171dac71cf2c8e825faca49377fc4f1","500000","1","10257859089338368260490464160952275637901709536028081574316183300848289298266","{""pi_a"":[""20353450859715231746179167421769784639531118185301469453510170740680884353931"",""9582793693728687915530359427314333273021395220590871278647434931407494757051"",""1""],""pi_b"":[[""6325090126090105070699310139299124390878334127996255647365674207022777353039"",""19677089653163232020039641409390857285611491447392122789999045788308257999065""],[""2051088261436886265945019365599407232881701418313035043035048145258473455762"",""6528759352757826731507171536047968659028085041345671345962614397040241422256""],[""1"",""0""]],""pi_c"":[""7484049247520683866103086418342294619953152144710555963542278363495195607779"",""179484844780128421933871005463561160734558731819148337554939780348591026968"",""1""],""protocol"":""groth16"",""curve"":""bn128""}"
"ESG_ZK_2024_631","2024","1","2024","dd4ef0cb3738994c982d351a116f747d287f3e6d2b3841f4de43584c3431259b","500000","1","1946748578866030624315104423422928451328129365538657425901003897893955935915","{""pi_a"":[""8020713738982496287953405825048012477318044915312381067611093549394511560698"",""19006890830144232556628986865434293426536621209438334375273976546846061085493"",""1""],""pi_b"":[[""744224736122586003210515692919680982857024549310172715074689788123357268685"",""11446931510302340980550899058698027683595327862383966640885111653766398695119""],[""3525534523766950553813715549135641215792307057381262561068823644418503404904"",""1058056312177715143023252214202238366955007869320389020678966333161219582197""],[""1"",""0""]],""pi_c"":[""2196972223609701059482809349816631052710430402041234589793958050279901199747"",""6746463546348740389127758704414049018217193667459978085241779997846828675064"",""1""],""protocol"":""groth16"",""curve"":""bn128""}"
"ESG_ZK_2024_632","2024","1","2024","394451a85fe7af221192b374ce062cce3171dac71cf2c8e825faca49377fc4f1","500000","1","10429124057295598843718497869562340124589638169981278940962952652672928278687","{""pi_a"":[""13103867570379434521329061629650922370561724446573115819436700426927855445989"",""19909406121192823487800514034334549051515159105020316597229115507213921508731"",""1""],""pi_b"":[[""10301789198998246156077867203224976022858514667171192829957196880318045448179"",""5192533053284618029710641473385315408914350477746481708649516152350188100755""],[""3590897413079756194939111156885199993327928108436675964599074658531571579918"",""3089538617281116776792023139666223129253650068937976453471898186557247097260""],[""1"",""0""]],""pi_c"":[""19045105992605550288899548407939435589051998043266081949476851591826396020943"",""2096449685389835260885220275877237555233404659506083797207539622847467496026"",""1""],""protocol"":""groth16"",""curve"":""bn128""}"
"ESG_ZK_2024_633","2024","1","2024","32b91a215fc3dbc3a513a25efe8e040accac70c79f02e134e0242bce40bbdb8c","500000","1","8240070361986015595503567014332569869753857983116064995463914239306071832617","{""pi_a"":[""3847390232250654704470501472113083553670630120025276567269493123799349676990"",""16032416512278362534176325253237104737630895800948494634225120477616392558849"",""1""],""pi_b"":[[""19520920318396245333070494434098578709784689689867369397492344383278508869815"",""6636897079544957141355064869946787827815016613536675442286935955641205536911""],[""20018851548965050827645513928308089028400624231121861550081346135825596347342"",""15112670805963341301310136312868392196836626356544518556237049661457328541622""],[""1"",""0""]],""pi_c"":[""19073912999925380429652397614175074430050624128893556466333641491873093755815"",""17708092509744075459364733570784288735982661890062273073809710336200138340119"",""1""],""protocol"":""groth16"",""curve"":""bn128""}"
"ESG_ZK_2024_634","2024","1","2024","72dba50e3dad28ddacd8a888109d720163eeee1dc14a710d9438da54b78351e3","500000","1","6660522986633961853328548901556019361425408576845573515579880499579805941023","{""pi_a"":[""15812217425810586754881087954307235746827586507954810481161851264699251649905"",""14802526944677902565862182127676758379140531218617207448607205060676886003972"",""1""],""pi_b"":[[""4300899297077235445126834501836738240514339008541961880220902995155397831726"",""20998977247376310474817313196201488206423313414257742504879117610169518506727""],[""806667987170524000198326571742067255125076298021444919720737261737011337906"",""6092264924277935683788514682870108316286435577678356898759476119492540298507""],[""1"",""0""]],""pi_c"":[""16920760270157837462981106168598592879681077420048322203674019429240539444492"",""8679065494255847271328526558409895907167796136983091819880689784825390318900"",""1""],""protocol"":""groth16"",""curve"":""bn128""}"
"ESG_ZK_2024_635","2024","1","2024","daf6ea9bf9539e5f53242d5716c768f30334e1d06a55d8d322bb34697875fbe9","500000","1","10451132686223854431364922082540087165778458213639384988595233975555375503218","{""pi_a"":[""4581680860370619653224203618990042851964401631317181320626671265094657249578"",""4654935410107531099819213881611426291416380818693261652920775550342158316827"",""1""],""pi_b"":[[""197917011201479090069191157385543689458956943659105259697578999587785166406"",""2814853637545370056120159161844789210069772117041807244256304025914056698314""],[""1244860306380103944773147620711652786285933887032551842413688576202963313979"",""21110294731641287099438218027163305224913977345635995773230381211435422495923""],[""1"",""0""]],""pi_c"":[""21735995715025541765149994198115218954452886991400715069553211284440489868364"",""16450017796515064639613554883635856045518369200350035828604345656935717402334"",""1""],""protocol"":""groth16"",""curve"":""bn128""}"
"ESG_ZK_2024_636","2024","1","2024","234c6d53daae93af7b4298d769ce982da7ee5ac4ba6ee387e7e07db74654f515","500000","1","9944379777437213527729745269213769359058761057388700772932406770943256102150","{""pi_a"":[""3667736128154971700308801023679154346034397874474794516559976317078278901019"",""20692444550288339211298755905489929071902609054626868115679232861060584048955"",""1""],""pi_b"":[[""15262380950729243004772710607054172226113474095800781829433871147886613339103"",""6275893753472805678015443974215655637312157560187388677122532269317559845621""],[""13534016967173963277346220110944643783120332820094060072142722069676443192105"",""5123303252682064433045114738501459326949498283648584728618099298141424642452""],[""1"",""0""]],""pi_c"":[""5130839636195262317167324948745720356681437088054766665548668302195103659277"",""20279644811683813460093922566607886515363019659394940014603453788917317165205"",""1""],""protocol"":""groth16"",""curve"":""bn128""}"
"ESG_ZK_2024_637","2024","1","2024","02309f7da953dc9df5c9916be8c70fcfe358bcab1b1d4b8c7a19ac61b2db1395","500000","1","13758106489581535152606812263925934767188408345858086311749771598927923910903","{""pi_a"":[""4618391683287356466753335150803941594617374593820001243785273809830240735928"",""12014016204744440057945146618430358007862304224417896758113984830112177030695"",""1""],""pi_b"":[[""5746508707516298734844791163156742011497084357394062083739775315126963068422"",""22488162633006451554583958489803700809362820082875054314508685509710754642""],[""16400327616118947466672786234222406921094936109479036670194267690039372866519"",""1311325166306997009522991559791786576365423163009626358041702294845530411614""],[""1"",""0""]],""pi_c"":[""4325765780733477736587931874131100001596961014956568632772834250375800214498"",""14514779832882549424451832134150834858436272066668784269260239114847753390318"",""1""],""protocol"":""groth16"",""curve"":""bn128""}"
"ESG_ZK_2024_638","2024","1","2024","cd3271c177ab0ca1f55f7f75baea9a4ae66774cfffcccd3e59e513a96b651f53","500000","1","18072128256331405020972581793835971984960480731792371048744734316662582714252","{""pi_a"":[""2421595360176739980937681059911564110685082175602296016960531572411005671585"",""16596826473019823935111465767822751829819894763566075176658289536056862562739"",""1""],""pi_b"":[[""11209963614457923972141555168140383058884603021976397089803032566634120483003"",""10710857508604390078525264786209449038110246140945992755875718034810293794661""],[""20663457719462854053437973968290893014430393149032074172469017256869451734684"",""10805912823034310394501291063729421112625082880881128064908330050411321859359""],[""1"",""0""]],""pi_c"":[""19763155801562104719002204231469656065957898517543939734132013170305173672160"",""653127332951908933778928556276038519596185261336901784395474115162672910920"",""1""],""protocol"":""groth16"",""curve"":""bn128""}"
"ESG_ZK_2024_639","2024","1","2024","75ef5028a1d21c340b77ad8d28f29fb182833be9bb0def5f9cee5a460212754f","500000","1","11487516977572697757054658913881603045246618170985746788021703203722743638360","{""pi_a"":[""18566365649192217444990744372942287934000678957213819500972926372811480240843"",""9378845173549279679724197346253869188726987422642959541916712985373822269860"",""1""],""pi_b"":[[""1304431383188592048062482804574384342966729746210510129677904883137187717048"",""8613998368821234757783163517538993140369017908494290556725551250297420652124""],[""4538367467501253545532748965188891579484410876672743436738008614376629145120"",""2379286942085294538143519803820644804340050619816871998710954239480877609102""],[""1"",""0""]],""pi_c"":[""620779872496784983783484113388835199319145767710112060491297816647758245633"",""3361067924635217123427590867167068062454542190790982021408726194274083734343"",""1""],""protocol"":""groth16"",""curve"":""bn128""}"
"ESG_ZK_2024_640","2024","1","2024","fa103bae88156d1423427d81ae7625c083800aa7468db56aef8035bb7719eb14","500000","1","4182165170839496372244009548522306250380977905805726754741797787823177998566","{""pi_a"":[""19907824993254494730781593785011725257851752872959367220045628989018167982794"",""19783225337002621306289234357633395734271240507042058800028829820650483732908"",""1""],""pi_b"":[[""4659504402059164682050046727857625656195800616320818072598666204287666175587"",""20096518816830657569954557236696903401507665016520278581237708390640187750877""],[""1442829888048719889524220093699335617185477479777274510631820358073343738505"",""3963207948137363977660417327194827922968417970417512161701913801536456255160""],[""1"",""0""]],""pi_c"":[""9151478589100389990265402204973651025234513223444524287693628673716086485790"",""704324577912486533045174981510182522480488868951703697975330171470588845835"",""1""],""protocol"":""groth16"",""curve"":""bn128""}"
"ESG_ZK_2024_641","2024","1","2024","f5d8e4b6c7deee606424c6f5e04a3545adeed3859221da546e774ce04cc6cb4c","500000","1","4922950505045192099513969887405531713837106026654486203619760819784012847047","{""pi_a"":[""18677789754358081754428960925758836282096885365108902615271724884868944905473"",""1930174754223105804959528402495824777872812302823380199967089869274657366017"",""1""],""pi_b"":[[""7164106812830803961952540772418179634004507248537810469172991937305963926602"",""17236547162095651529229559096948024462219016724786360189396780547310647006599""],[""13832559985686082121507750309106943280262219666871939226428133591292860819755"",""8260683154209672504587042579278455662599348008424578917155691972932247571556""],[""1"",""0""]],""pi_c"":[""21866814493800072768380656362018828566147485573379731227979534105384050890031"",""18741095199338862138197586501138627301442653254669011303312753636804942001628"",""1""],""protocol"":""groth16"",""curve"":""bn128""}"
"ESG_ZK_2024_642","2024","1","2024","cd3271c177ab0ca1f55f7f75baea9a4ae66774cfffcccd3e59e513a96b651f53","500000","1","5930760289727024625712458725539415640676327077973165788732298670760919691109","{""pi_a"":[""7570399204775953432906535521300593112527589471986894596610109605709259999349"",""15775376862579652091922858394189089732228163301355094077830477703907789304241"",""1""],""pi_b"":[[""2241969329841997012994238598856621356355789284945069472319583834449491384128"",""10519370173735993556425674418453253230187478291443139910980612279157882064403""],[""11158383581661730076982702487761246456963045962867133250124009066632123958345"",""15303967653390131402991566719784469532935457802652969113420567459164528715812""],[""1"",""0""]],""pi_c"":[""13926186707272960127197488044189753816568478673843039921162462480555464844266"",""15553037722471409076388646440738925716015414041244783958983168987055851152745"",""1""],""protocol"":""groth16"",""curve"":""bn128""}"
"ESG_ZK_2024_643","2024","1","2024","5fbf02c60e40d3927bbac29670e6b35aeab74cc1d1a66b9c13b9f60c77d01434","500000","1","16729514932557329432259127277422847020507546236739278539065454797826367437939","{""pi_a"":[""3211351643366285701496003646129513519682620961670040625536748814053877643983"",""16796195309759616119243619137560413387882366320086763898874997550256672822888"",""1""],""pi_b"":[[""11685628387022189161743300638714869411948499709503865548880075808951114643979"",""14234865235254686839959042545086269465839980630073103263825298682878422547028""],[""7186733991702659488343081474716127354660974209574713870363677090249187950868"",""13937706180464015045254182608584269216756632282824389294646319732928437434373""],[""1"",""0""]],""pi_c"":[""17514429767269543041668446296627065667058158833155775007168059341312964273681"",""18708115880571402679607404909885533934868623224393818906295499941428937788265"",""1""],""protocol"":""groth16"",""curve"":""bn128""}"
"ESG_ZK_2024_644","2024","1","2024","d63c22161272a4cfe306f01aa7604eccfcbb30b117eda6e77a532e5d7500f7ff","500000","1","16690303257289047472619406260293168875736341119582289863625727536036855211490","{""pi_a"":[""3697906253312951032477812866175446472254296975299341367946229213506182481282"",""12901088108004768306064834888748441000017314347641612135940275842504748563248"",""1""],""pi_b"":[[""21415686027358207641639325264604884007149117120850326647234868741360585912779"",""11803012689033522830132331021781239105080575621214295516915323249124658421313""],[""17007489535221513842726081175194900362645261550513040227756362507842941586891"",""10468228168052185042241057380173263289856329687796051187168357457645304000684""],[""1"",""0""]],""pi_c"":[""3907416739212055276694954485026277920860749371840219890505467575985140215758"",""5427660894511721137261946398357716878383142329024988590647160357430849546944"",""1""],""protocol"":""groth16"",""curve"":""bn128""}"
"ESG_ZK_2024_645","2024","1","2024","cd3271c177ab0ca1f55f7f75baea9a4ae66774cfffcccd3e59e513a96b651f53","500000","1","17682351394287183762937701931159427008803107216704437151702919013535374518385","{""pi_a"":[""10164959311944965350180497751870751163683916809861780644669134788041086422566"",""1997936358426077173030201082996586677802788510541309650311249281335475107447"",""1""],""pi_b"":[[""16361640579114156252542761771879855202898300335837853439220431649272767819016"",""15295275622207067693429692959951619129323393491141482593890215722466504235295""],[""4143167014004103326053647943604629259631191573111291972321281816859187992067"",""438655122951305093405286671926349873239406244608675361187322005078470129171""],[""1"",""0""]],""pi_c"":[""9311689855179208617158009284942636251964445240501974990713593991316635539056"",""11468077499490852013876289044019986432585406887843273043949582444329122789814"",""1""],""protocol"":""groth16"",""curve"":""bn128""}"
"ESG_ZK_2024_646","2024","1","2024","6197155256a682ec17e66eb79651f4626a096de192280f34c0aa46f18206cadb","500000","1","1736091757665769891436223890126284736337723063496635931469810728818016066455","{""pi_a"":[""4969947240318192398578520006517273663053384684794257871469666927007051502808"",""3766250505299313032392231008090593486309952067040555798482890714445830511768"",""1""],""pi_b"":[[""16176739759189646124028006255294902102646707086933755874671293205396263301269"",""2623228639524237579554944782465369261497664585704979865254683569866049465589""],[""3020394414169041595693258486486179339828369817409624857444453726085173035096"",""7493119541880541906570910550538019759758841678903352620898894726731491118120""],[""1"",""0""]],""pi_c"":[""17179089189115687214245844962775387823362650525802344047769307044503190445706"",""19991816616761490128659436261922781921869012115326156227351361496383788164366"",""1""],""protocol"":""groth16"",""curve"":""bn128""}"
"ESG_ZK_2024_647","2024","1","2024","0b684ab75d8aab37495c579fbd2891f359441ca6d3aa1b1006853e069cfe1f06","500000","1","2470463780925322243615705198520601659964587067260904138445083087341878833317","{""pi_a"":[""3763289498320480947700555106155705783385289863133241733459838616135562780114"",""10185113636731138229024549241607259589183448163052267710809196388448777331792"",""1""],""pi_b"":[[""13040901736377920419315005929225736131631615427835617784665563708283404736968"",""16985636843651371464663754261435223985391685912239545362693478913423287732476""],[""6970761750151943906867027683878210600667505779360994736054957598398247883442"",""7504475157594817313386224599003872541149968243098806130757677124075545837657""],[""1"",""0""]],""pi_c"":[""105764606801391864977578520395296357645891639470219843282453880194901171540"",""7474150247817780772678718638265009049387203563681979750317810306770141594682"",""1""],""protocol"":""groth16"",""curve"":""bn128""}"
"ESG_ZK_2024_648","2024","1","2024","4fde71e922ab2142b9a11a3f2ed7286bf1875033dec8c236233a526524598b95","500000","1","15523710267808773232447057379502635308451598595685858937624926929398604068746","{""pi_a"":[""9646941410083427419368680408754129521933902827293322769130873182663678844092"",""9645330570745130154545964753836726989063452715458412257484555079562514183312"",""1""],""pi_b"":[[""12724754698732429752003059572576064351843598909725364261156392765129917026898"",""14816276393006062295633867855161875202462852322112701907702596015600512980827""],[""20573310053136078481129432085224469121740571732287471332847311712585954109858"",""7358151385661408957165459471026773047703079447509980152982682286886108610365""],[""1"",""0""]],""pi_c"":[""5455709226115950098926222642111015258567444076668645038012602982555564679121"",""16697491858052557643839032375446671788598222096447441982585722972047251940978"",""1""],""protocol"":""groth16"",""curve"":""bn128""}"
"ESG_ZK_2024_649","2024","1","2024","f4ccfde1f42745365bc0e8ad4de28a27f3e2ca850b1fa7a815c918bd79675351","500000","1","2939792541431807717448791444187976684537788488219668742713600386503102462454","{""pi_a"":[""16291866626496499242154203218729038623036941629650462386700585661008953392711"",""15524352052600132782430308947703965425144794538530523344921937384123247432143"",""1""],""pi_b"":[[""7211491144814864502491327534918236890083573183129418410779085906965112966353"",""20379696502837882835295750069907014840913943452164974829028802543665407423400""],[""5433526825122711071712051562008403125262495621844997108424557357215816825921"",""11854817521560462008496402173814648385112368394066177189895652070571219810213""],[""1"",""0""]],""pi_c"":[""9688625881842502381346185657342516722171834998499095153538261998622783058423"",""20777081990569712082259110837591282043699039777350642545731441349713417003166"",""1""],""protocol"":""groth16"",""curve"":""bn128""}"
"ESG_ZK_2024_650","2024","1","2024","ce39b94de699c0910f89dd84899c49c69f4361a3dc91c7ab546fc47e750b04f1","500000","1","13145835479631812720237467382644323454202540866790723958563530411179733702360","{""pi_a"":[""8500805255311006017601331338664444600923642892406696799603019361397276383629"",""20203906693191347676987083995859380399183595345808896154534979197255007337114"",""1""],""pi_b"":[[""20741706031596091653695340392250614843444871536707066973053041794277559913555"",""5328389258284656298067781877843275695978599459987569891035972157695619210213""],[""16092681014856790938204685800394771786822686423333879678078425688853138732643"",""17649819957560224602618705135052953593794289981959560715165721442850357720957""],[""1"",""0""]],""pi_c"":[""8125094213294584146542638218815763448406609374429183203286070098848910145046"",""19880576282342412969002010098565480797609694494759350292794596269909443696954"",""1""],""protocol"":""groth16"",""curve"":""bn128""}"
"ESG_ZK_2024_651","2024","1","2024","0c7678dc72751ef7a5912f80714515162d8afd2c7314adc9809b6ac3c30268fe","500000","1","1696285405710978374930035657303757899996187921702760800866302849003966089454","{""pi_a"":[""21187984036751464110961497641265431658198600266924816310730034589684381151925"",""11938550513024205097954936036463070319656792710923409544050359375887702523151"",""1""],""pi_b"":[[""520456171843272796198802735782386026831077840738415319995301701576361071676"",""16718072743538091442372017343517408514289544683139121290787276914001796933304""],[""18804914376183619771892650348933510564008395799231494984382319981407353504822"",""1944756781393515300695037993667628188173890158046164944959167370598113306869""],[""1"",""0""]],""pi_c"":[""20978867592229801936743056000324915446335568704296129606481447966218402599315"",""5053802045753431761749525873033955666333818177012009441351036305865238857982"",""1""],""protocol"":""groth16"",""curve"":""bn128""}"
"ESG_ZK_2024_652","2024","1","2024","b8c98f3be55ec862b846aa67fbf4751f5538ef02b770f5f0db11a1407ab1ac6d","500000","1","19764343826048218628066797288516311032340286249782177350776801092335651767804","{""pi_a"":[""6941903464092367186476383619592290328603077858592353762215585721253824098396"",""21047000903673795457103572800002349651307970941128953289828932386297618273460"",""1""],""pi_b"":[[""646175542330334579995958947083134370356878932974191357313917242703857040949"",""20619998419247791300407021408697788218451264135451979901993745442008791755174""],[""3500005057664953234649056200927659976988698029791064826396083738549151777081"",""375115589846392900217114946362686989629403092843056472645511736009765537395""],[""1"",""0""]],""pi_c"":[""10445131411354577945020186009872827992023198856254238856316084117076765187910"",""20423556526788504459344091810708508834324968763401281824183225214840343925256"",""1""],""protocol"":""groth16"",""curve"":""bn128""}"
"ESG_ZK_2024_653","2024","1","2024","945c25ad29979e9b04c96dc05c3fb36247c5fc3e9ebda9cfef5f0c614c56fc91","500000","1","21561790974319588982810923659500529088559728604913271188375159942187519494030","{""pi_a"":[""5637949803331463937695566672008711512076493963042523193529606915256093748871"",""2903734269497364785858492945670898483436282452499857527473375246811953246474"",""1""],""pi_b"":[[""11781126021479318378459762843000784565395826675045760823772189703729747394578"",""18242132304974198479770176423526082631563689675983125781223524671095938733316""],[""4261710447902679527061982826592213217996681867938764606593310653743163006118"",""3276479861798407728541472759595386279913534638422737138019485511483226667620""],[""1"",""0""]],""pi_c"":[""6014879629481611405193779510865435512318882889743434322810502076343492445200"",""9081706390744316989824477067100221135727325808174342352540091706598100494126"",""1""],""protocol"":""groth16"",""curve"":""bn128""}"
"ESG_ZK_2024_654","2024","1","2024","b44e4d680a590e81c96be33fd137edf9c2b82f4ca63d024c08e5ec2923b3edd5","500000","1","4352729394071083283555810653473651645353981695923413935281999905830569086857","{""pi_a"":[""21074368216310985873629225750539092022496648241826703457450989581732074735507"",""163463260638492953080590566854114361510282070645008762977307587554157429534"",""1""],""pi_b"":[[""3294421664648564071624262716412732701664207067478058530277164632790832630373"",""21509780105037458810037546317511344901371035653317094626581131223649396124013""],[""20877705033893027318819739136907423151459730328890767993973454800171555827920"",""3416389159344848228043232333394302549368078256606706269779935740870986845580""],[""1"",""0""]],""pi_c"":[""5222923524997435471116009414498362410377721616532648223098492898937445036286"",""20641034987310208430643426198457947619398742105822429741741851826585920621535"",""1""],""protocol"":""groth16"",""curve"":""bn128""}"
"ESG_ZK_2024_656","2024","1","2024","1d511d1bd6596202afa30bc8c860c84ba053b59736a938bf41df7095e82cf469","500000","1","14147149568019883152467088694288520384718267990399927847845270312130341164446","{""pi_a"":[""12214871894400596479853222568758907861432405132761237342944451104222016815880"",""10096959221292546154834529194114431742316920891411878072490270972483790069675"",""1""],""pi_b"":[[""10220655597337845997685952041390102649220064849526044341196932356788836962969"",""13081942089279222924877627266973318500050447279922806915273122691343644056892""],[""16144583219367678968541085580392642823123872961184881145544205546408031071920"",""10148056109691689845454705193624343467103542297900164637173925783877853979557""],[""1"",""0""]],""pi_c"":[""15830313009069869255158724646347082383280173386695124199327839567671220182294"",""7186247729949517255116290393767983072518435538821407263129915888349095625451"",""1""],""protocol"":""groth16"",""curve"":""bn128""}"
"ESG_ZK_2024_657","2024","1","2024","591b874c2181f8ae58b3bb9a7120aa47246526ffd9b77a350cba09430f22d2df","500000","1","7133295200889260274928318830696315797634173869591384632327795921680979528602","{""pi_a"":[""10987730775631109091882876304023251401044904904419189340237571402355744873053"",""4597993656811571260847067948154438210564489578321884058418182330735789841682"",""1""],""pi_b"":[[""1882928635494432355160898339503321667710930232709070462771928732772399337571"",""11452070492149166428996536029323595367596954236022925536535815266859225956974""],[""1773883592676001706592785636025294411846960607282977655467585101108048283554"",""19556062267905382135565960870575017075719301354765492906578167398156322527742""],[""1"",""0""]],""pi_c"":[""14577178703296686572428697653079080344407795683833195148680374060259324028959"",""12550851031368056740688702015760617621637478802014588595746869072646820610398"",""1""],""protocol"":""groth16"",""curve"":""bn128""}"
"ESG_ZK_2024_658","2024","1","2024","95e5e1b9cf20e58f3b2d8e3488b16ef9a66e93dd12ebe812d655e8cc8fe76a35","500000","1","16016561531889011134298845882158896804148563305360746371998281388455839917541","{""pi_a"":[""17644434594468144009373387527109068267344027398738033733006717978247230531769"",""630336350770513112259683054744575390288618614415513849254928560071655044749"",""1""],""pi_b"":[[""7538918043275370515463081839412005739545213692403751482851114565267454655106"",""18854688563944767513516873539434378277153399239561660580353077599089852640825""],[""14540853295724591391133235404278265687058162837632496348038289238317714818561"",""19427151718027960799762453388313376469852156777659328621983025206094254645959""],[""1"",""0""]],""pi_c"":[""13220128964889991942803088507795981244611476249715880954761686835176017764410"",""20734629109804574285886018338388600585392820557819048740621798035100932832700"",""1""],""protocol"":""groth16"",""curve"":""bn128""}"
"ESG_ZK_2024_659","2024","1","2024","5554f21b0a243d85a619d39fe4b2817c4e6094691bc1c60da288b2ee169ef803","500000","1","12919523366701889021740439860027923329638228352477100848172464988007880726740","{""pi_a"":[""20664941315193851728242844553900815652645591897898684042628994628017385220455"",""18025043059600044525725875342505052325819086295628167396153618190378681320589"",""1""],""pi_b"":[[""16105610340335952873605550372662078084124980022267238712061816371725443414083"",""9983375270846154324164738375664646481068663584469496722570356376221260578917""],[""17753120394114606347207634363202356410623292831761568515212122874806535019983"",""10972712468306162018895103904720018868725348682846838911058626785098280644732""],[""1"",""0""]],""pi_c"":[""14187568397640415202777204558755689356455463868194930500801289669606308874837"",""4821736952535889003268312683321894143875507147646404682800774737499020078242"",""1""],""protocol"":""groth16"",""curve"":""bn128""}"
"ESG_ZK_2024_660","2024","1","2024","b8c98f3be55ec862b846aa67fbf4751f5538ef02b770f5f0db11a1407ab1ac6d","500000","1","2729439396257879796240808438446581452034150115504625247788733420898567808921","{""pi_a"":[""15881751079083087262022735943493224529250741239760712524318186137320094757197"",""17312456932763075362995156899096272505531334475982065829137668721192443128241"",""1""],""pi_b"":[[""8894111950471600299204432816348150716609498755723643750795756800601422173729"",""277878624353469790413320636281066012602202111394035155245405276487864909323""],[""19987065425603520320602753080974313989143753645884134949767868773280768655007"",""3534192062830415805545975174818807182469145874496158319218855824742737364310""],[""1"",""0""]],""pi_c"":[""18645740438230915555208805591603158784984122074030720220033796746625168114505"",""598615027993759567021054821866632014824392616110032308598879355088423920757"",""1""],""protocol"":""groth16"",""curve"":""bn128""}"
"ESG_ZK_2024_661","2024","1","2024","c0966a4edbb9ae42bdb0ac7e7b439c481fc9b880d72645505b3b3f9941df2e60","500000","1","7153976885527267789928110386592625677828489529502286802408090017127922221749","{""pi_a"":[""9668968969513052195816930160571713732985965175065381283470438540051626143908"",""4854690928254767864360791722221995981280212556243999888444249494721028147785"",""1""],""pi_b"":[[""19210008778495179224045395352583295524689556241158607604610450932748097789059"",""14390214601688349310038099654257557382255902079209461444385341905751639538934""],[""10817804516070338955418747243623893797513701370538332663797560704007380479447"",""10954235676860805350093484659618169808684097475905098481344727815293394825905""],[""1"",""0""]],""pi_c"":[""7651186619700922635947950500107304583440006556300706920494657156164414644348"",""12847563724815653140953372714719575241507489272235428115675506456909339727578"",""1""],""protocol"":""groth16"",""curve"":""bn128""}"
"ESG_ZK_2024_662","2024","1","2024","1ade31b8f9623704dfd3f5fa0c911f7cac40730e560b130f42395e4e3d631288","500000","1","12227263600934078920922301190196873244626773212254219146599927561935877240982","{""pi_a"":[""10888942864840379300880935204051810589852434417525038506705556959717047517283"",""12528456820849450549774467695535148364432210851714459733316093444376994443616"",""1""],""pi_b"":[[""3765631912252884094151934877255814143218571589273268554688990662893679268980"",""3635354183976431541120198750464340977526497552861527014457229453637719195817""],[""6523191488441432616812337007025323875141198895023010454015903655154493794657"",""18206970435773757086639973318061489724719273656060916920789020503948234519995""],[""1"",""0""]],""pi_c"":[""1264501120607413239068542323551566262870911216993579805429215030726198424949"",""1742978086547503976385416265908858393892243445744122156910689031674444526084"",""1""],""protocol"":""groth16"",""curve"":""bn128""}"
"ESG_ZK_2024_663","2024","1","2024","1f7eb2daaf299c5e66f3cd6c442af61c700e65100ccefcf2f7ebe75111dda48e","500000","1","886155551866223636461538149494322874796415239615894211905203802369431308861","{""pi_a"":[""6019456768674022610749155795924241042024098380586562350043411458218046005825"",""16410375327036068792854645302095461168799849203128433926929680233881628935230"",""1""],""pi_b"":[[""11300763683164816506531241752150184984441035577427724751695450958168266851106"",""6182658207055696756475124814689038969315826328473657145507781734352170287215""],[""18260216566301019907733952366443286207208965279452744505898440050597434715862"",""16801652585338404310577580246567501134640684177934986493122163551373665662739""],[""1"",""0""]],""pi_c"":[""2695329194149614645430767155450354166523028715198164839290914474670424036168"",""10495647422014309127259292993745551345501648786090946046941001079691156718599"",""1""],""protocol"":""groth16"",""curve"":""bn128""}"
"ESG_ZK_2024_664","2024","1","2024","bdb5663edc5a46acddf688aca81d9c7bef7cda1ba5aa34e0b7d7da930e893328","500000","1","4169574524494115704199624602230553875090525477092591411079627133101420322146","{""pi_a"":[""14162945306574786352610906198410334923366823269568583606250570730970048400126"",""162682214317713439290890416132248079248044192931345568797319970748109307052"",""1""],""pi_b"":[[""1028144244271874608597454041749807240644165330783041937151284839149079191751"",""7926347058972433346205232224793296942375414096959771701552283266925928312837""],[""1989783879366978841619796372520086732040829347262998230891008419755404119315"",""11463839949692863344035311492109053786402102516944940333059784313888787494786""],[""1"",""0""]],""pi_c"":[""17819193993709382561376291169717845312881841052882041629793227049177944709333"",""11833774725655039132221610372067417966898974536222392700536667695553290906938"",""1""],""protocol"":""groth16"",""curve"":""bn128""}"
"ESG_ZK_2024_665","2024","1","2024","1791f7fc0e4be34bd799e4f9f673b90c3079e6d8903d02d9090346146135cab4","500000","1","1056814899970089477776289513651722071464061548716506459539676665264907743999","{""pi_a"":[""14578331026316605409230598890195666429411678965835464144947038510465394105017"",""1782031026586593369675230249090747577867335448282476872318202089663063147969"",""1""],""pi_b"":[[""2003299788400181282596757199867513849288691112010132462677053011369818860898"",""8849188041134755860473390391508464714683153003605099057439083971908674557596""],[""1206229268734646864303903506347730564816928621738321054767941571006677783168"",""1840729363255252104256708835483874634316299063011912319476366653639664784782""],[""1"",""0""]],""pi_c"":[""263490841838789482298718279249929245870861518846625248678948718985954290966"",""19060819343099876237939803539593934999740755802866833306074709244428758340112"",""1""],""protocol"":""groth16"",""curve"":""bn128""}"
"ESG_ZK_2024_666","2024","1","2024","0b684ab75d8aab37495c579fbd2891f359441ca6d3aa1b1006853e069cfe1f06","500000","1","17547618868048850358177292643734241183179376804111381672242704058367926720418","{""pi_a"":[""2975255996022015718817638392476436464414201111645075545258333985018764842851"",""16654526225785427946180570633741770461464616517405437330751322622635737735907"",""1""],""pi_b"":[[""5068944748697178566375880590446127117951414184426811732901958569521119948210"",""9258028454066482686797029365273682674653023872841712318813897114278600901310""],[""21608331722813353989842599465570925381024790949543098128370142785628292792283"",""16210745702414410607600364703171100965516571482677862882586138352510660459810""],[""1"",""0""]],""pi_c"":[""1613215421488030691558429741305605368100231845257846059263715794621526056584"",""11366503913470066961966033477005853698522509145190980562704042765183813008880"",""1""],""protocol"":""groth16"",""curve"":""bn128""}"
"ESG_ZK_2024_667","2024","1","2024","fe2ebd83ca0aa8e4be84b386da1d781f002ed5b36fe32317859187f5fb4f3ce7","500000","1","1902333572533169236234788430404159554780380834610872138464458868207629704578","{""pi_a"":[""17336493653278403231958648249196997013707584224779127574982247317163814428205"",""21341392786483746551597507375618401848761523291400962421339929494349191331331"",""1""],""pi_b"":[[""3988605309403316566272511763389424446232275214642740406439412231742094955815"",""19162369575098910056751662215610266036639138439167256409113637354436599607340""],[""17963772218505582016651186686311661567404115541946099688351147036957652232623"",""10473871636671533251793522346905273283070967881706511344842745392410260532457""],[""1"",""0""]],""pi_c"":[""20744302746257747448787084521063568932990752105059483879809635948313481736860"",""11878294110807566675641192163934025416104902325728401249049928400232790747275"",""1""],""protocol"":""groth16"",""curve"":""bn128""}"
"ESG_ZK_2024_668","2024","1","2024","1f7eb2daaf299c5e66f3cd6c442af61c700e65100ccefcf2f7ebe75111dda48e","500000","1","7283272664928732466602296863937014344393689132020061831132849342791460194512","{""pi_a"":[""1717431230642726852079196498880307341313004325037432950231087845019979454621"",""16653573876066011856239364450936567010332276652747474183745432330467236072855"",""1""],""pi_b"":[[""13913055265865223095708551993953234095571958646508010242377740824862441186573"",""3154881753716876723160795534994886485202505617591436347740922162649842670724""],[""9570094946593537965973992890933282394658331356461358125861204257262224634080"",""8543232316707654029616303626622115012750075371774270685509873629509335261808""],[""1"",""0""]],""pi_c"":[""16055093023745739049811141767449504443647842400431475718444533025311833535256"",""12039371464931504760098008166452751987122295347375481795320233645575915600304"",""1""],""protocol"":""groth16"",""curve"":""bn128""}"
"ESG_ZK_2024_669","2024","1","2024","1cfd786d564c4b5aebc5a945fbd2893ed09229e3f7ad25cf51b54d28ae75f3c6","500000","1","558541954381998484212335183400783898688431264437418689342438632688083388770","{""pi_a"":[""569587903181920459755768299896584758639254001073404205388922042557864662686"",""11652888532881384801332610115981564761498166175632788341832176733484366208198"",""1""],""pi_b"":[[""6741092525859279269025134640500359551757126424618011974133318072980776009685"",""14817725316251281501845477572771952096319089962390447396412088138413223933340""],[""6070511258512955010442759193132588654826981610569808200855875947391900989025"",""7685834004478892014447022182658138970541801100965516932606075017359498675064""],[""1"",""0""]],""pi_c"":[""206972913320321776477815383783134094745943433757790271948150272349546481181"",""6570708820551044276855541133115261188566759178330920008036999712581482791106"",""1""],""protocol"":""groth16"",""curve"":""bn128""}"
"ESG_ZK_2024_670","2024","1","2024","44d6efaeafc155fd668c8da66e709537b56ba6be103872f92c4b6ac702c20ecb","500000","1","6984834834525795263553046428532242929012935987061275904561510595478906712278","{""pi_a"":[""15689756833657072652137690237621557219310674533054334342233800251495741058546"",""6453446362545925995165931965300253102106928724645504946499671035748467315400"",""1""],""pi_b"":[[""5891164410647730000062233833319625855602866642500312412113590000744344330283"",""8110100955316009389064907288241940883439034661891970694341461254149248538072""],[""9195848642651456344892508851150354581495211121909876510242712439547892808839"",""3112024650947234336286557108969320916452758510127547103677914490653750781167""],[""1"",""0""]],""pi_c"":[""12382406578704812279790164809099074819810173221107671651009134259917682133894"",""9942349905779436966009699679054961652111606552063225411071543036994269291525"",""1""],""protocol"":""groth16"",""curve"":""bn128""}"
"ESG_ZK_2024_671","2024","1","2024","e5ec7e4c2831d0bf8797aa13daed20eb2e2992bbb10b8351a1b96e0f15b65f30","500000","1","9847196898465245389261935020777051472873794384120839737929501806256286368709","{""pi_a"":[""4313288407994950590770519204723188786271886079787088610115667027674002595700"",""20312367456660341924493483991762305154573809821952926277124897016556683087069"",""1""],""pi_b"":[[""16361778227394114906806146608473947866182912997917740628719543138618323201037"",""19557673867290594931756353461662508370619915033501099656988439405087711867191""],[""16996514377503484952183979075048078177740784316604580251233680433645496045292"",""10905197194251118700523390692682906597672503009101182708991068807117164460563""],[""1"",""0""]],""pi_c"":[""10406402398640527923269879574560671697079815341424301247119072772235077811546"",""8454456830453106003386714489974824932513726597475421450312052494871399719739"",""1""],""protocol"":""groth16"",""curve"":""bn128""}"
"ESG_ZK_2024_672","2024","1","2024","ffe3c22fc3f2d89b73a0eb4c268b6b298e486cb1a275d7660196040245052a2a","500000","1","14361007970437947784220506052933945413021126405049201761651267535323739143074","{""pi_a"":[""7611860267730187982379616770450709382147971620992846974685235191902716496190"",""10487740947409138633775956598600502801794241923904221807114055566514947042296"",""1""],""pi_b"":[[""16215133472207953403434166171297350750224269643543209100768348110980412869640"",""1231688121515787896599904805646697115380470428588740049819031661016267820064""],[""11362800637965056662413922080038948355105118050052756498290567728174646078800"",""18930921105028799954200353099703737990640329511293173706005627977437689633353""],[""1"",""0""]],""pi_c"":[""11934621402425509693818980964575261541901268322681530989176188335924052647523"",""5610716343821909225573682005086015297343867272647675292137172856879927200773"",""1""],""protocol"":""groth16"",""curve"":""bn128""}"
"ESG_ZK_2024_673","2024","1","2024","cd3271c177ab0ca1f55f7f75baea9a4ae66774cfffcccd3e59e513a96b651f53","500000","1","12109514331981373338311360334576273573421335395491110728722436161921077547497","{""pi_a"":[""11419947395649837850276740933756050250151761422219103595545834296468337622980"",""5027668222003798878897510688468565950786707567112275166468062108538651562189"",""1""],""pi_b"":[[""178531376763806700224698250878895961756507118239700143397142188226914231724"",""15989468341872659089574645872747235806288980891840587369704198265116425306511""],[""6313405237791765501029871005817934991072591020378423520995064039065037820750"",""11935797152607236137072492835888502273204039196345311198257082371280902810538""],[""1"",""0""]],""pi_c"":[""5197434140515292230648116441107721285065533971395587701971651286108418442214"",""11670140852380839499924737752982007555620028309010955121095049324119965166763"",""1""],""protocol"":""groth16"",""curve"":""bn128""}"
"ESG_ZK_2024_674","2024","1","2024","bb09577591db8545aed8c095b8b6005bcb8f370e8b906804201dcceac69ebeac","500000","1","12117602003233283648197998111307368418018128469855641901979667046621912171897","{""pi_a"":[""9496468365169276314676632294126922995327875867251027051007264877562646023292"",""21458151772311656439828654064061984011175899689169243276009089883830073934359"",""1""],""pi_b"":[[""13854458100205587984361154492684927870552512191141604051454665792743317508252"",""18852654551793398489566461091429219192013677893928837561782381226139275197888""],[""4581104146266645328205428572490825086429527899740041887918045557365568833192"",""19666257414485027360984611616205651383575773761766044761585636544329684619328""],[""1"",""0""]],""pi_c"":[""5183730618245235506846065301797688366559608302944368929893037422714906490186"",""18651573093229380567829702623095256826122123757327467004366377693242650144188"",""1""],""protocol"":""groth16"",""curve"":""bn128""}"
"ESG_ZK_2024_676","2024","1","2024","a59183e9fd7dae1c319f6f5109831dfcdfdf1d5233ea213d800c55002c726fd8","500000","1","5319591559275829872391613352802405928516708331838187007295359631401385717323","{""pi_a"":[""14851327822829990152980228666692403941659132049229067636955597726135759077151"",""5891396262909406160293138625695219459310460494766737237486375652631132538157"",""1""],""pi_b"":[[""1362610953937520479685529912807903678190049881761563583657008537908089430893"",""8516112249991560730225224091209097261631600156968981312043015083985295815065""],[""3547439812909438629924031121238944965565912465299631085340808137406646101955"",""11147082233790820305425543898209109503664020864853102731124165508350136898494""],[""1"",""0""]],""pi_c"":[""9162309131449778476861596012934942135598049655130437033439834683120177241730"",""16056500871548017615735031395851772885081014224631713554923176341080683773969"",""1""],""protocol"":""groth16"",""curve"":""bn128""}"
"ESG_ZK_2024_677","2024","1","2024","39b6705f787b164a0b8cfa8e002b5c74327d19fbe620f42fab836e3cb0cff97b","500000","1","21610779434436210826734049739947891687891813878452625558925031520456586267599","{""pi_a"":[""17517807872301418489746457420454123069637562456766565505947678501609597723340"",""19727578183099052734871795231654910878009608884003482363566172769249118836973"",""1""],""pi_b"":[[""20397302039532954614792876240627884974055748204393876370421378780562014622945"",""1796718222453346809959170487960770604751232217987377684183900461802969413068""],[""11307346184068235914170943850275823613264997591866021588048889752191057529808"",""379630104112772547029823411864791524206799757206269977649887058158066590737""],[""1"",""0""]],""pi_c"":[""9419457123581050956502588092533165608640301702369151549345142897055531347214"",""615320691678795020422860190173357014042765909368114239753292835879902047404"",""1""],""protocol"":""groth16"",""curve"":""bn128""}"
"ESG_ZK_2024_678","2024","1","2024","77a3494af8846e1470e58da1020c220c7040bd73b00c6974502bed325f6c75df","500000","1","15191589208585480271987207793954264675783903198876759249306816171818881127804","{""pi_a"":[""18871405626340129478631929890309998914136042769027535179984292775433789406149"",""7937162714991816899036858966411841844170431666813646646406366848554876205255"",""1""],""pi_b"":[[""11596406860022523178522774204836132869589943447052912356956657970397403625697"",""13776792181315672795894320853345185318006853494432671356461695606187417329538""],[""149440578151145379677510759579845414944300904481023658604082461039346625238"",""20582824414911250140669094189156742008160016809896652176661761141714940861250""],[""1"",""0""]],""pi_c"":[""21812994111136314269710051730055650496718477957604474895740731356351186118966"",""21216266573428232323878543605465552341093543473285064740003828509405090931657"",""1""],""protocol"":""groth16"",""curve"":""bn128""}"
"ESG_ZK_2024_679","2024","1","2024","6e7b61050391f26117a7e45a0144d12ac5b3b31bb49eef3a8d7553f9c55aa85b","500000","1","6538350926863343323297231850892920861219336021143590346997125533636292152839","{""pi_a"":[""9970442068418279764238093978130220397733753519790437076242734988559395302787"",""8312218932671333157406461890896921004339550227089981154734004041160381392639"",""1""],""pi_b"":[[""3660601253522774459413771849391171205806584307689156960186106656303297967919"",""5734080760455135272716997292417737829057737899336589538383763873481810572249""],[""2505194281993433498803850705681286741805464667158864669007478725802434112722"",""18718752238227955016019893110333197992019535691960947112569967360603287110722""],[""1"",""0""]],""pi_c"":[""11607832003421086733467569999916759473697818439574466987209586420574298184736"",""6522355042376988581457258931771584358710433044526288221657097191682628464061"",""1""],""protocol"":""groth16"",""curve"":""bn128""}"
"ESG_ZK_2024_680","2024","1","2024","7d08774b4c16c473bb44d09b3cfdc50d7fe6d6521170f9548acfc2ea2fa6df52","500000","1","3001215219811171571611422374305246731738845464114481694320886682189288157023","{""pi_a"":[""18426797780171501641606026144159707483636598495920181458627691581591501041836"",""19183006202692242042028239150193280007100999716291141635925958077825891495942"",""1""],""pi_b"":[[""1602116970301440629201262210840923213772812876958060274525063554168206832199"",""15603494508890164517195827124806953900555150075299524553765844611594119737793""],[""17084539843725461763954822357298894497104111159194524007201410357024425793671"",""17171889359838387075926476512642644008738067687783134368042035552746568426412""],[""1"",""0""]],""pi_c"":[""6855808407591377213318784587764314803050879243388876051795280751338921080460"",""6476151891253507249541584785783339485441195000012235444877663022835133219868"",""1""],""protocol"":""groth16"",""curve"":""bn128""}"
"ESG_ZK_2024_681","2024","1","2024","55b7db01e9ced1bebc316540fb30975e2fb1d4022118b74f7e56035b0d36ccd7","500000","1","3099363448086517431302888120600647255093221510498371146633621677495316611392","{""pi_a"":[""21640538748047683776255366111131212742958975141209009252514842449162214549578"",""12395391594305301836756173536785181750538289292882778330559095236191999771633"",""1""],""pi_b"":[[""3414554484188203175415787131016889972904717118936301520698001892035099629982"",""5616842228914967986205032598553237787093396279719933188936498938735505334863""],[""11552888831547754949165424557792376871646608172234957330351881222875961853057"",""6080142778516411608561131939079657552161637929399946482598888316799071033908""],[""1"",""0""]],""pi_c"":[""17848560619665386952605234019992791721183169597764415419734141765958108914440"",""19615590541461666036779964873205202055019186320359120822212450174240669658311"",""1""],""protocol"":""groth16"",""curve"":""bn128""}"
"ESG_ZK_2024_682","2024","1","2024","1f6570d9b13f4b5ade8fbada4627ddcdd0f1e9272900bb1905dffcea04d1a256","500000","1","18682385396929516254611131400297664778043627850534272121114884528354061498026","{""pi_a"":[""12360682576562478468715743274631790336392343461721115778429392596506402938865"",""10087256675693322065140222736223516207284790913044951426590290377197559716393"",""1""],""pi_b"":[[""20488123617439399004271806700680463742819813256833905466350156791435390923265"",""11621843106450610982204948168068006963067825277517970544571570825299356322177""],[""13595074926336833806338603018078848467810812475648009562775965589084839962297"",""16141581129499768708049998901335123835765283065104860666662064075317032348496""],[""1"",""0""]],""pi_c"":[""4816887258513063854416441167831861727609809321773095095910044855243156304075"",""17049541712018099971705049331571287176807383424288569954220239139398553433516"",""1""],""protocol"":""groth16"",""curve"":""bn128""}"
"ESG_ZK_2024_683","2024","1","2024","86512c6e89537645ed3aaac005e89d60db591491a480e11a934a5813cd120fd5","500000","1","9629373362289458481758838997588646664371194694196904506213662357000287152888","{""pi_a"":[""4035331057374153255711171827932834119427281878755936880257086666617370682316"",""13819491768196786425502338899036725151551101549659390049063911551119804858544"",""1""],""pi_b"":[[""6354712807526280525796456838877058748415887518806407512773590907305801897784"",""12758952991492521827511939050493827945091895690772846402758589999472129049105""],[""21772991884447765905465500360059302337454990474319103904152156854562699441304"",""1450814824951690326558580274189757576010290161565815336874227821226900291716""],[""1"",""0""]],""pi_c"":[""20266043625795837994221722557604784071465626551532173979867699642087822975725"",""10452097599366277578108590659273044721673047189716488998006789964125011191678"",""1""],""protocol"":""groth16"",""curve"":""bn128""}"
"ESG_ZK_2024_684","2024","1","2024","ce39b94de699c0910f89dd84899c49c69f4361a3dc91c7ab546fc47e750b04f1","500000","1","19840908554643178708375940030459815073592794800124395428101101696424514619929","{""pi_a"":[""14242655342136574198564736649511488947447408309179074455010679508149016410144"",""6940996070446902822315803486164924470368375589661791899355670807316302924453"",""1""],""pi_b"":[[""2968621957092244746547413999902097390843665432217870490424723294892216747552"",""4392444037677308066043971661111979136092722946745763067969935549029306587276""],[""535295651930157609517086541746262091443298095049674831477787896839933323417"",""21755964671405160471573986326123746338193105933159099849074936023574999898917""],[""1"",""0""]],""pi_c"":[""1612773253162661506386851912007894989071136346199235909337654284349746982237"",""11198070406708507995576987116824695961051921775071272942480081438783790139489"",""1""],""protocol"":""groth16"",""curve"":""bn128""}"
"ESG_ZK_2024_685","2024","1","2024","2d7bff458d14889160a83bd80d8b8acef0d2e191c79e5b79832e3261ecb86fef","500000","1","7876554291778290049437468165605079035992201842357391904421043347688041989623","{""pi_a"":[""14199168647266105514997882258120332867354897402896919425931816749869383676007"",""127412731606551211975598355134880155637603082333181518823031874560428318155"",""1""],""pi_b"":[[""4794951560104811742214060037022310385981380142382981195839225037199449943594"",""3863627425102848721719372194957970604734783553508130257662991565905317151424""],[""11936502161624618549729932387571223936038876697433768495174425672606834278155"",""4968343247967615258198321584820671941214404376053366502740274091132545045615""],[""1"",""0""]],""pi_c"":[""17828517219637230959136081865523855038389264784261963643952489841860239327403"",""13122716357678553912726689152019427174447692230504940904895114044097227521962"",""1""],""protocol"":""groth16"",""curve"":""bn128""}"
"ESG_ZK_2024_686","2024","1","2024","aa9fcf2c6e0d56968b3b1b4249235e9e56314f149542dd9aa76a52f5c2e01691","500000","1","1960042709310622191960219578013986955862679799628108984789530039921620467225","{""pi_a"":[""4253765738576430342492170820329702213153156690848852249313960960737516148986"",""1642812528162743490726631809826630377805719001491695286414650504755535214327"",""1""],""pi_b"":[[""16977968682943291473842847115395053862709510941896956905057937145842870925760"",""10640089268615467345580125079868855604914457256413763935510800667655192220893""],[""9767673509823096255409454398082391556460210858351579010691632507455752572118"",""2033293353375762069707444988613429015736090517699700491540328052534762346261""],[""1"",""0""]],""pi_c"":[""8978749997589511388666404480923851215050431943050121164393346791500339316336"",""4813273743287738061036905741443201161273883926924179359413982850267183627904"",""1""],""protocol"":""groth16"",""curve"":""bn128""}"
"ESG_ZK_2024_688","2024","1","2024","e1b17249ff795b49a0033934e3935bdd6c2fb8b973005b22a7bc6ce2f34ac1cc","500000","1","18623136901915765107221404762954700176755217307258172647933319483646993226323","{""pi_a"":[""17943948637217202657785992697801875548361559155257051318245495759203099362041"",""1997755209055162105185256198802188328755891292773197505291533335772932415816"",""1""],""pi_b"":[[""7581730779162840065687597350553832243874140234397604467090810213884049201091"",""2909670100776528803045320128791716544395611024413688179899669656815394246598""],[""17756664612073165289763462112255583838192513318005716072764043819005486437174"",""17530732878317411773979056670027595588275681870773696608403581911250975304403""],[""1"",""0""]],""pi_c"":[""8205628718521083992951790198785605385251797650689099883119707143651520374235"",""17376538695294195281120598381709572350435402709439751864317684509334801745109"",""1""],""protocol"":""groth16"",""curve"":""bn128""}"
"ESG_ZK_2024_689","2024","1","2024","570a861c04bc0036a643bdc3f7b12bffe92b5d65959181b1f4e7da68a322201f","500000","1","18403338981590642996718611035073217840855845629314191173881656507842970990163","{""pi_a"":[""2047125217405044694463709335764389546018010928693428010312295840307999052432"",""8176962870176060017481277192733107708265881637057492645972777868700179609470"",""1""],""pi_b"":[[""21295863178316704159796272925556336934632884387389639649567713784339294427800"",""5500325209455910471526008244219640875967254866448228599046522959289447512299""],[""17915859961917276960347832573173116304344338257847813086966679810698783462546"",""13233278231950610271630741462411394787840919652501635670250879130452147086901""],[""1"",""0""]],""pi_c"":[""12204499242251544918807791850154869284232009610531657265209748079142259094606"",""3613657148221117698472126069687416428388178779314276597021141830382529566718"",""1""],""protocol"":""groth16"",""curve"":""bn128""}"
"ESG_ZK_2024_690","2024","1","2024","cd3271c177ab0ca1f55f7f75baea9a4ae66774cfffcccd3e59e513a96b651f53","500000","1","7504222339908429962461727365073088897591159711084577879831928903194242979235","{""pi_a"":[""6097895629318378969413400222707779209736560521859503806834717291621843418078"",""7509189265583041820909773191995390721690838904056321171373665500905730863995"",""1""],""pi_b"":[[""9505464579903909798203932231087119683031650976007648477727940187320415783887"",""14954719817737803349809972186223493020278854660649208293433271898580212459393""],[""14667486670917497527789675478910644135732757474197495024415512793011151979541"",""20008748127016516207383526375515070983171829867411379409177777714913117961880""],[""1"",""0""]],""pi_c"":[""4768940145340842910598457566181740738730672193452584187662527603700471828555"",""17816904082256901567487275766260957974606277209317621183250766519263816692520"",""1""],""protocol"":""groth16"",""curve"":""bn128""}"
"ESG_ZK_2024_692","2024","1","2024","fe2ebd83ca0aa8e4be84b386da1d781f002ed5b36fe32317859187f5fb4f3ce7","500000","1","4597943090802506858027424465851511694373228830111726205356248457806978269286","{""pi_a"":[""5081923354563906773844930021955443939120244791600355255926514034422355857931"",""11042201124317541328453668503998364550214716356819870748512603558420799206841"",""1""],""pi_b"":[[""10422364704279697411647329241124272059069683124037686534733244373033447164289"",""19776771332111571934543260018717182379576380844003786412717546846308191319121""],[""8777393747405645473146856190937025826502638633612490898058618958175221884105"",""8485516316425332853278510386963785744779675927604736218884328038432867692332""],[""1"",""0""]],""pi_c"":[""9067493623556197358765549545993182307489013692955441208424254879534465941256"",""20906115399544738996202813870444163947754875352715369674232476404468595864947"",""1""],""protocol"":""groth16"",""curve"":""bn128""}"
"ESG_ZK_2024_693","2024","1","2024","0a3b02455109fcb560cce1e30c3edc05cfe446104ddcd59e4dcb3353c46058d6","500000","1","6767660221510463284974534087830151478653247212673506331820868226736701693885","{""pi_a"":[""13856579176649059817729697591357710539755532527343503652203564604086728850950"",""19912477970772264227608181427892859351643309347260686036888487171771997789999"",""1""],""pi_b"":[[""17039271128674238686211565359961161086008059609724256239191187800674649403838"",""16048515739368344134485656394109065357597198042203105637358342367503568203736""],[""8038758532639643806398135369270355598002327483285513340466286317508830630187"",""6325582447080651893752475035789879608390534333887519987944484670854073681002""],[""1"",""0""]],""pi_c"":[""567814835382160000836383915874676631251151454452345340519416186738077105718"",""6781023830169453245844936242650737863418108036972361057401997232889339563128"",""1""],""protocol"":""groth16"",""curve"":""bn128""}"
"ESG_ZK_2024_694","2024","1","2024","fe2ebd83ca0aa8e4be84b386da1d781f002ed5b36fe32317859187f5fb4f3ce7","500000","1","18873509733031537466053348262838966203183737719941906121723776198462139063030","{""pi_a"":[""19526404815820378024318602837295592150681278385393848584311037974109417873701"",""7722350231307276090376458085374109756443836077008109586691400931052648935623"",""1""],""pi_b"":[[""14866647391020696396093954931496187850728178167475934532237168604168452650104"",""19938755227655381383843712912567980283164235394013993250022699708251470819940""],[""11441468151088078244284524892207980813876414787703683821409054276766114715918"",""5986006890008973863547028460154864223037536651707000204198507501895844136456""],[""1"",""0""]],""pi_c"":[""9032280838341826772923465719225761668747243099296253895070851639074265119790"",""9752625537112604001084177085456309231077592933362919911848040424153379546595"",""1""],""protocol"":""groth16"",""curve"":""bn128""}"
"ESG_ZK_2024_695","2024","1","2024","593b67334375bdd09548fc87198f82b0590e875d91651a8702b513c2b820bd40","500000","1","5591358768886306566338851054778772443257751047360113659565873409757700826148","{""pi_a"":[""3681286604697958456192642234110505290930377625883784126952125759386695761448"",""2688202496454370648278556398273037605212456522933478932991900895664929602854"",""1""],""pi_b"":[[""14597429732503512850947025916423781924321601511390068941455698781998005430412"",""4847905981692433226729261104888544433350443134093998852780575767930906159455""],[""1308837659955337349595169225716177436398579943339334132647345280385678721670"",""4359454623400178999772238840245116962092649459712424141198612391210640473361""],[""1"",""0""]],""pi_c"":[""6448185349417606601126225575819891552835084199108767341811001861925866340355"",""21714163458470091710204058209432018185959679659235870739699921222256005205657"",""1""],""protocol"":""groth16"",""curve"":""bn128""}"
"ESG_ZK_2024_696","2024","1","2024","dd4ef0cb3738994c982d351a116f747d287f3e6d2b3841f4de43584c3431259b","500000","1","11007270696600434027458849803050656196548172902485025533606578920120243189260","{""pi_a"":[""6492425197062195111240643957658950487076425538154947592069638296035293211537"",""15058149522713199775226000938156105909421306864731013044604115218975616768414"",""1""],""pi_b"":[[""3746884982633120355293754858910750209783958872468005401796645671522102516765"",""19048500807349757600252706645566500579838529988537813788453593635100309660502""],[""4141775811148106947841774920763621965200528105248220688109880337119442639729"",""20185202387779442102933327677139273046136857279703051366212939338693889224761""],[""1"",""0""]],""pi_c"":[""436603920562831052522675987439707955620883260141173222677954222006844331063"",""18962364842479643804521567616176104866553263023092916614627908427709017472113"",""1""],""protocol"":""groth16"",""curve"":""bn128""}"
"ESG_ZK_2024_697","2024","1","2024","8340f13f43c4483f9424442c543315df39b3070c4e88a075a86205d06bb59b52","500000","1","13078252279033397999959931036195877385031305416058491213259438765281403216944","{""pi_a"":[""2029485733881645193068709331111773666232971062159315827113710023966707072886"",""17080411595720942764032537826981912071581439861535670898115413977128174564263"",""1""],""pi_b"":[[""7368984267174777204761315869954958938067682365505505545348143782232338135864"",""21566126272073923977872140907548566768057616075354635653747536457632761168825""],[""21222553736127965251461945065723725123433617409877192212130381279435613584458"",""1068172980716688249529318083574983852640185663749450828342838212705925943597""],[""1"",""0""]],""pi_c"":[""20457072238690137560177947435386154854118264946805258053362835804475773852025"",""10137770929215652956578721941049718674729305733150877223298279248978870620932"",""1""],""protocol"":""groth16"",""curve"":""bn128""}"
"ESG_ZK_2024_698","2024","1","2024","6508fc72f1632f1790cc2cfd75a3fa3f6dae9049b5ffb2fef75602f33fed91d2","500000","1","1965383990395198989939594152030816942901445830701477680350846058730760776461","{""pi_a"":[""4719695766530162882644898549477121132079941973367230684049890801806534153654"",""17428587944609675945902489554180400099790510964162386581920768533944965143354"",""1""],""pi_b"":[[""19282456966673987840074792161289370461825193968450051744658398817270329291269"",""3082510953675593551477599495184765430852185098895286464050179126846633620340""],[""17835647162001441582480751419864711411091551529581986009019714622001536142885"",""8221995034331672870798584558122149453923022978066463562905258445209293658958""],[""1"",""0""]],""pi_c"":[""18101051760549260570907288263384755598059072259066056218270761413077117094294"",""7329135628725963085056588271388023065111540136176107811645019903673281092044"",""1""],""protocol"":""groth16"",""curve"":""bn128""}"
"ESG_ZK_2024_699","2024","1","2024","394451a85fe7af221192b374ce062cce3171dac71cf2c8e825faca49377fc4f1","500000","1","20114831242885506653358418440888500487584300863831896122747088882003160295159","{""pi_a"":[""845546979462112497791284119648799507894735497586102019225313846332824028408"",""5317900415359881356404016738710758319072643441182208115769640611024755207257"",""1""],""pi_b"":[[""7790646301579827737293464894231165981847773868763308370289651976572020427896"",""21509539510558005172690050434918158799755591061116574553966675199245824364119""],[""225719619556019335507247345598893919407096887348112633258811584215125241782"",""2396514851162135466575461568564812922848346002640351831264929133633561392474""],[""1"",""0""]],""pi_c"":[""19660075326178093549845892292336701084089430442395078850778245750251214533789"",""4518351056338225562392657879814031942944030986216605657014716071547934072335"",""1""],""protocol"":""groth16"",""curve"":""bn128""}"
"ESG_ZK_2024_700","2024","1","2024","6e7b61050391f26117a7e45a0144d12ac5b3b31bb49eef3a8d7553f9c55aa85b","500000","1","20604079563875469626914050885916301517935147336739379204406398735281766357537","{""pi_a"":[""15322301599732449914153512044882403925615968384978623900125209315189874128540"",""20006422406885513299795072951331969045198253983384943900923538025165310499288"",""1""],""pi_b"":[[""6678721372019404050028358743704546591965436616566646532377870844056827618415"",""2353634948238907024608257401837028008059660275314448235604558791228465931118""],[""19635734380774249237148689674516601244699211441352226191443102212315899251406"",""11595205750750779593201242924321005225615335238379853114517522956277978519352""],[""1"",""0""]],""pi_c"":[""7507070482236995192057811779424004236010647523580680667655872605583675829102"",""15372968797022934224595492085716549704415563275214238765477894719567424860266"",""1""],""protocol"":""groth16"",""curve"":""bn128""}"
"ESG_ZK_2024_701","2024","1","2024","fe2ebd83ca0aa8e4be84b386da1d781f002ed5b36fe32317859187f5fb4f3ce7","500000","1","14759924902614019876763018676509987167988505878585429056966350640949119108494","{""pi_a"":[""18914377848839665507888665818784889703724258247492845239672967539650453408224"",""19097057398590671410882833790087129816459573541149104406369242929436574441237"",""1""],""pi_b"":[[""2119702301644196642592134835000397442253373311025454125647593228652128719924"",""14455173660685409833524249392275604408411079312678803150011291755908886190142""],[""1602572763069208599979861813862409538701714443280960493134520348158785017995"",""14762997003179900276416277667984976339721954137838826743667841829971320381286""],[""1"",""0""]],""pi_c"":[""17501705807176621364751223102076872604810163389080815611263223352905080830581"",""17916911277033739490413713371779958935606190915851735445544203782265652426756"",""1""],""protocol"":""groth16"",""curve"":""bn128""}"
"ESG_ZK_2024_702","2024","1","2024","82d7b1db04410e612ca335f1e9d6df28c348b2c2365361cc6db2f225050988b6","500000","1","14098362549727965876215818811564995817202911681816318957853878965785809419613","{""pi_a"":[""9017534946904154638603479735072304250026984053845951995694947405595394164293"",""18115326226348544030271428193301868150770471831733533370079700342888362357314"",""1""],""pi_b"":[[""19699035007152915169947455503861422220009347742593402764477746900884042146324"",""3138130661573746685035483891699216593209398264069820901705635953060451103722""],[""5673911026087107323568062862082215776538755915598858061073301374013246231952"",""14688182835067745568710690146038485662392349934878711708279973553762020424007""],[""1"",""0""]],""pi_c"":[""12521513940264476141751438912568809736134407389052686021734533380094735621998"",""14125610770467667658643843994520979486151594387495712752388072378150370101103"",""1""],""protocol"":""groth16"",""curve"":""bn128""}"
"ESG_ZK_2024_703","2024","1","2024","4d61db048fb909b74255ed6cb5251b564fc2f25df4286a7a4cd837acdf49e4a8","500000","1","20461075663559447264515419254628485381137892120600789328975068073727479699188","{""pi_a"":[""13733958847944025039147330228247379917250688373908173991541668132086412300448"",""17680315419895494190418378777610685126441287523648257751497263574094874328668"",""1""],""pi_b"":[[""13273333347599894700249351625148357400283882175387343727949144851765516580894"",""4153331542795670710345768834182932212116517758674913290373339489032599359596""],[""11256105978425501702281379650106879981885558414434169711426980378538812057787"",""19018919813218242639693133616509990355210373291996844987575430910475612442843""],[""1"",""0""]],""pi_c"":[""21594216933111462315760363587131344255118562929570553105283860913409327985067"",""4624117763889044291732369288015017178356899570287233689119954077544412239645"",""1""],""protocol"":""groth16"",""curve"":""bn128""}"
"ESG_ZK_2024_704","2024","1","2024","591b874c2181f8ae58b3bb9a7120aa47246526ffd9b77a350cba09430f22d2df","500000","1","11343711508918517150769105621650102387227679558497610124219743139785835791843","{""pi_a"":[""16564903717069881611364862668361510736336997446439412023843060560184498059433"",""7048997954646748155855333989308887533866811732422930772509543511607408414431"",""1""],""pi_b"":[[""16015745603926152216942060348330575628892663423976859554668318722707334120220"",""11779296854298244519185477069774095066317187324506507749565442937118748687269""],[""3107992182712182107942653001947564310342452165009832005920130103109591296194"",""4951778154986588890711102748101853061141606138304617641748410502895733925724""],[""1"",""0""]],""pi_c"":[""21067391821163447127816996415021442554332845329346025582945775703959987401422"",""9910620227169323096739768623690876807825103994547006527970152032774101518661"",""1""],""protocol"":""groth16"",""curve"":""bn128""}"
"ESG_ZK_2024_705","2024","1","2024","cd3271c177ab0ca1f55f7f75baea9a4ae66774cfffcccd3e59e513a96b651f53","500000","1","92407389548613567570472707579027814829814173318334354298731168478190643999","{""pi_a"":[""18455824019160825609659709452764010228104553894756299378514943296567587523660"",""8736563878852966304350124663576645817197749651468898275016285086471518192480"",""1""],""pi_b"":[[""10686470552334873501699432406496500378629521436760487550657368876495823606643"",""4721426947588740305884579549507730655094011468325279698493768663786092915788""],[""7184153630240358217391027530501955943452431871637794862098796108967538021645"",""16829301931665867931116211994007211230136085561788020771392338088703118930985""],[""1"",""0""]],""pi_c"":[""8052196546933529519526442790080914697615994624636957102672361117844032469612"",""12392419157976623930267611425818581648422663347531802421859342198645405740443"",""1""],""protocol"":""groth16"",""curve"":""bn128""}"
"ESG_ZK_2024_706","2024","1","2024","d63c22161272a4cfe306f01aa7604eccfcbb30b117eda6e77a532e5d7500f7ff","500000","1","9508899664274675141461918823853022262388019205910273837774624494021636686239","{""pi_a"":[""5502495065505121125681041147818960800637973045554947431711693738658056039822"",""11982727142111068444610776347822358849681886146950919014666448043231119843033"",""1""],""pi_b"":[[""20089313841903602580529104197059127204340025925782685460380993061781737065062"",""2765952538133998634766873945613544302722155477624232974294343195204689030085""],[""21286847407831635441551725804730530712847230372348871372276273222783063322134"",""20233487889221672663006537356578240582650195854535396193848639143825746393342""],[""1"",""0""]],""pi_c"":[""13383517603755480622627436992570724608098572799318752378751618021642298771360"",""4045802438348239195732763009620722286185339060008033505878379352110483505613"",""1""],""protocol"":""groth16"",""curve"":""bn128""}"
"ESG_ZK_2024_708","2024","1","2024","02796663454ecc50461522898dc3dc5692f1360651c9031a50bd8c44d89d27cd","500000","1","16767242874946187314615204241895671960908860986675732908318505590218242626409","{""pi_a"":[""17706934679850727567122517545774481142721596333625683332868093631930691368491"",""10887928444272452832488755100812113895919923314296660155273755039487381888429"",""1""],""pi_b"":[[""18276890835629579719420231206463780478902338714405082133759524786821823791695"",""14860128582775380587732577893192817992682788306907914819673621227531580365395""],[""4439518873018013825749039903565706526772589499761393440461757377208203279041"",""20783423035412793335114925466741211122132512654294491457344064681294323643110""],[""1"",""0""]],""pi_c"":[""18344489167556281576572407891305291595375282355133979587775219458326649421366"",""11487255809815442148017949279677526956031685480710198879993201646161267350141"",""1""],""protocol"":""groth16"",""curve"":""bn128""}"
"ESG_ZK_2024_709","2024","1","2024","8340f13f43c4483f9424442c543315df39b3070c4e88a075a86205d06bb59b52","500000","1","21273001135054655697088364439373127046968824522167330954875592866694559514791","{""pi_a"":[""15186370238615141809670583422122863691277921282273072130231540313331094055450"",""1591320831986886505816762744902533205547964201733299602224244735124058055193"",""1""],""pi_b"":[[""1974784880572505355098951883284392258099319357432519563768012103990678307777"",""18589592512774931530849155438165671596336315100103581248818836096567461667604""],[""8916098202357578792668630400318235880285160095732956810290292398208850943847"",""2511107354877841416321226886743689580174071817880555304941469968661307888611""],[""1"",""0""]],""pi_c"":[""17817008796061739489085030342939599997820713166969539497916937727914156554811"",""8825392812400031739005389437856990287637923903290653349739915860416560664578"",""1""],""protocol"":""groth16"",""curve"":""bn128""}"
"ESG_ZK_2024_711","2024","1","2024","c24e0b136961b1354f06a5a5f85e40b9ffb6faa13dab4657c3ecbd9690269311","500000","1","14967675855036284562401169292344168653334252839762229127028637033303547075681","{""pi_a"":[""12128077669459937138226778702406293416555201099245142578728256720261880389757"",""20126845269430156679861197412813967370895713276355545536929618580793403091520"",""1""],""pi_b"":[[""16279209370641678755351053905698100411696728347992852277675000431650033939583"",""15823457667717374791314357582557404989474975945835825904751507122611644980402""],[""582204105811594101352810536294810114067061542605569864277330241725236054432"",""21023120817626368474950821408916123082086963559456050377250360405031265082493""],[""1"",""0""]],""pi_c"":[""10033644694029895540379927602060811251840133274370635983639549594731793750415"",""13010451694883370647841427654709032704474703683213757725650253972679278265801"",""1""],""protocol"":""groth16"",""curve"":""bn128""}"
"ESG_ZK_2024_712","2024","1","2024","1791f7fc0e4be34bd799e4f9f673b90c3079e6d8903d02d9090346146135cab4","500000","1","19714415560766128648064937765152580287172470709373137355461660938656296606999","{""pi_a"":[""6300835138697921425687964411139624705856903330308416777766114367214691931105"",""10643152683788163615045731131996031248360122939203133407552156911251270103994"",""1""],""pi_b"":[[""13275394667415427583470352653572504290476120600160945149483187367133599866387"",""17910635319128536480772592159742920681917201442835746850403997043240043792582""],[""13944938641953996735686407618369685795407226498145707631496478769763446208699"",""18026447722234562964972568408467052420978748493500205032446924861239873281189""],[""1"",""0""]],""pi_c"":[""2178990857596547158170525394146168634051358850463878723953201787210056920337"",""21203259060890138380717883907631428153703427912633477195567670842207220933872"",""1""],""protocol"":""groth16"",""curve"":""bn128""}"
"ESG_ZK_2024_713","2024","1","2024","5a4121baac96ab7821d7aedfbb47c1bcdf5589ac5df2670b54567d9ed0a80f2c","500000","1","17387554142405895738793123315296591999711954777703834307384747506857571411444","{""pi_a"":[""21556449283612157751966898446654325873858002500594889994872711624539983758324"",""12494743742469743837620122810029351657282699761041435895999805832827641178395"",""1""],""pi_b"":[[""14812248697399785457081527192688823341396982844109457671718157961838175735736"",""6473690611636237897227729637664410119171519663204028391153753077700004197150""],[""3281948214493027089968615159089203818826293754630821497485978899841904157438"",""6754183876811193892098862829272040891675817768868536441379169054596488756034""],[""1"",""0""]],""pi_c"":[""6552785846812821501098063577128748048205619262146606347077813880181291697574"",""21303174174084294319037635719716702727506271514020233080952705876097409090901"",""1""],""protocol"":""groth16"",""curve"":""bn128""}"
"ESG_ZK_2024_714","2024","1","2024","10a07beeda63e0cfa144f60d5da7544081eba2d9760a1bccecd2b7eb84de904a","500000","1","13514916976724001902982628064356234447873009494368093451802553754572013287590","{""pi_a"":[""564647877370971038078595389596749943259628289752812870704809885318623892672"",""310810800836033921365177302565248905409864563615666380289498042569074866127"",""1""],""pi_b"":[[""3192217768270994806837954535786317998045715358045276151061790970147960808167"",""10744023864811638527329665549307614988111239889357519315457240978315422423630""],[""10397682747643699418570128393975183545896540768002933374595276551126933559883"",""540643322819363299286301080191020214839789834556887652902583424312181259974""],[""1"",""0""]],""pi_c"":[""4738930651121108989124101872688451432311072602367978053870396345824733605792"",""15637618421457398547269760707765847315223890841799845334677873083082238541446"",""1""],""protocol"":""groth16"",""curve"":""bn128""}"
"ESG_ZK_2024_715","2024","1","2024","0575635e4f57fc81e7b1e8ea82bdfacbca373d51e155519c3196619d45078167","500000","1","574809639388316336384941325048528913122523121802454961513620333483190081240","{""pi_a"":[""20672596850447877544844559033910107327035068976105588930693736131229639115566"",""21548528501484650749159420273665679243182543963588453044015348207070573196003"",""1""],""pi_b"":[[""12465300615693920553512180643934130062314562621954738334664196419518442712484"",""13033134492132057499717664649856767737933730107184373722995382033170982354662""],[""5055485867362900524778400528762570905851445781547376721611807930337252724003"",""13667059541684128262830541166479839475692925144981961966215568426385248853102""],[""1"",""0""]],""pi_c"":[""2597052232602020997491389810503432163228326798409457487662158120888989455302"",""17778846740558794236555356369228951878204254474980566528422286777690395767154"",""1""],""protocol"":""groth16"",""curve"":""bn128""}"
"ESG_ZK_2024_717","2024","1","2024","4151ac5afcd6567fe4318e75dab10f5d90ee7538272a4bd39fafaba66f98ba91","500000","1","2525180176498980459081286070447988795374814759022355106177261513972605621214","{""pi_a"":[""2333965360856376102672555220016735110916390437330744933515250392277724805271"",""21626227993668987979100970862216934516173533379020410724912406093297686052666"",""1""],""pi_b"":[[""2809115238845505107360943401420818039896943894998473632497331900107873267259"",""4089025755987388742018051069330176218649356162398537253517822387667527749401""],[""1519356362041038222708929180106030895348016214936534826081432434685937504400"",""21717733460491735697180535385984159061939128540554146888398868789327821622109""],[""1"",""0""]],""pi_c"":[""10154385974584628800410076133530860580960140358792516393280975498149776790876"",""5090317511621358877013264181856667960044318982471365539294355701197471451136"",""1""],""protocol"":""groth16"",""curve"":""bn128""}"
"ESG_ZK_2024_718","2024","1","2024","cd3271c177ab0ca1f55f7f75baea9a4ae66774cfffcccd3e59e513a96b651f53","500000","1","4948316531776302327591513838821012519629470656359345696558521468255746643548","{""pi_a"":[""14894044413707045184296117898868289374360890728750605354426557634271849929003"",""5275667182868174814466770672876458376108476009111730030154331283703869041709"",""1""],""pi_b"":[[""6250185240885452014031300772407650562967671409817326108426471105518911845109"",""20207591437970948192451403442676119080608276277743236765394735943792568122591""],[""19529303938963555281113652298439856390999115900268302980649276582060104431107"",""6795442395173541239393986931520294942335392880131427121787989691381487897230""],[""1"",""0""]],""pi_c"":[""2853741798460816353699934124504014784275052553188357026104541192164232210946"",""8937780858950782882482375994095881071292383822071103866358785012259639010507"",""1""],""protocol"":""groth16"",""curve"":""bn128""}"
"ESG_ZK_2024_719","2024","1","2024","011f632efd8b3e8c0e54eda30dd50808e2e4f7e30ae84efcc1b05fa4bac5136b","500000","1","10989332591728000799988162748154432849740335051499753677913174532059245351136","{""pi_a"":[""6342818788315726362141665054295871857364067745127711145151980045957527357204"",""3129411761919356221933552328707785897375776419749215726587640062169857146359"",""1""],""pi_b"":[[""5862093223539340724187051315482274949943843392402682020549897290101079570157"",""1882401044594194440994894520181134578841266192477220047570051911974472995137""],[""21374520511230907155962207473762751357260770178395125215701115023392400149459"",""890970042791715653107466876507452590723846524473475295251888646019636621484""],[""1"",""0""]],""pi_c"":[""6572792792162743541358489065681025893223747415835513039789246039509175959289"",""9166930271701043146570846465198608971955907060833065139870480599168752255696"",""1""],""protocol"":""groth16"",""curve"":""bn128""}"
"ESG_ZK_2024_721","2024","1","2024","477a2ccbfd63238b4bf6fd0a89e4a108416647e79ef649ac4fffad4c83635c85","500000","1","7971518073238554611456797583799543662939704512464774810289228896072446148091","{""pi_a"":[""5145564566768021055659658382155006073159851353992593654059416700451331749574"",""17206942176474188287981693717738674088220832205581613863299883941109509089124"",""1""],""pi_b"":[[""13169788567554915381880979563909593828334601604341144286311090733727401445085"",""3887381419133249451726039550619642864717049246922780876539548570813310042180""],[""4066959594783256568503815990104157144068680033804110286162548395144239342618"",""12233347003463955654824430961226241265471556126721548708456047423817296877415""],[""1"",""0""]],""pi_c"":[""18054231050767666882153943520727644894280136996672135627686695075646254238818"",""9962365685663688796071537377204122236328194842247262616814992112930325236053"",""1""],""protocol"":""groth16"",""curve"":""bn128""}"
"ESG_ZK_2024_722","2024","1","2024","df88a6dac7463e291208cb14c660ed0ca4decb15d9676f95da00d6c811fedb81","500000","1","21565842777765109894290989835127522218047680285539616206457325055618211288977","{""pi_a"":[""759056332752619133167773900902696913446977931929081219407876653573531066209"",""9126495613040615542756791817601820810091234027376352904139579526659912177285"",""1""],""pi_b"":[[""10396124292044537278816876474204324706906555096457362459708405608715958135695"",""5605082934796436768038734660682679118018357029967201163897378699786137917247""],[""7278998168855919927123494733174737981134039519531242510608517923493807584824"",""1304067880134345867793053197270413784038424802955390671391612875520679862634""],[""1"",""0""]],""pi_c"":[""7811891896457056971542771870337032389959607662576788195912468451888639332740"",""5912487728393937673469389614659226750926790693983411584113047077326818012387"",""1""],""protocol"":""groth16"",""curve"":""bn128""}"
"ESG_ZK_2024_724","2024","1","2024","1d9a3f90fa33adb6d3cd71a0c2a9385d1ff90a06bfa83aa61059347f7ff60702","500000","1","19499261173095570647991845115317721707468499808313565187392691676204551588138","{""pi_a"":[""6642571267428133681808270210069190121515661478010087046049568142378759382152"",""4716614226037035318384258221053998061313750558490421672556099281569477199729"",""1""],""pi_b"":[[""8441591254573067977548264914035526674388066388939244419188926988770261741755"",""7323038006886701708092031718745586646237608712705084476232727547607693459594""],[""1137787804626105934000424052784204747443936325437017436278184515742606491647"",""16982387861995087914711198401519914340319399004235893490872322355443401557191""],[""1"",""0""]],""pi_c"":[""9182996052181446995876533596902936706014359103991443340399776067331466486588"",""4755336061922778685545294296520395395382857923204740401803501711511485457944"",""1""],""protocol"":""groth16"",""curve"":""bn128""}"
"ESG_ZK_2024_725","2024","1","2024","ffaec9e041a183786719b453e96b235e7fd0747019a04e28d30ebb42dcbf8e47","500000","1","15775580662179260325153640846168786727100146501316592088768356428416976669615","{""pi_a"":[""8731553986655926478753361673243734471027189164687377505514775541604676434318"",""5306297818853322449923843140858081806972237482034596521226683121355789860392"",""1""],""pi_b"":[[""8660685029675571451961404695710584490259309572958757717933358489870056517992"",""5442490209172135806141281467248884617866995065402150417952139706187836705189""],[""18093005848184022373795693537128248342645331618447655515116532950151230598417"",""16065148378943875903775010392771547986545608709272474467798790649674392272752""],[""1"",""0""]],""pi_c"":[""19854235029220558705664614779911866160569267776339458639607598205902563829342"",""2862175007846272541427747256195921171596317774614327510052656222734393165377"",""1""],""protocol"":""groth16"",""curve"":""bn128""}"
"ESG_ZK_2024_727","2024","1","2024","591b874c2181f8ae58b3bb9a7120aa47246526ffd9b77a350cba09430f22d2df","500000","1","16002187313731655606759515053087454921591905584754019796365104685565067496368","{""pi_a"":[""15055845414286367342012104963686642041891663483278657160848525253162104577140"",""12265029423155668561660513962373884189291964136015443735067976480003411659842"",""1""],""pi_b"":[[""5374973018617424760022735989990026244488257368069306715539579183586540053513"",""16467020436215096137010334666114803989182748452145527526098361651980547026871""],[""11107339137019076125725663652447662159849886919575451596426022548370874864770"",""6431064095354387163514786745261624824669436364534613444814166281339555052822""],[""1"",""0""]],""pi_c"":[""457370118556152876341963091147569586271612748672542135418115253241903838947"",""4526117390289241080959406025012925241025462459744116757973461651560791464112"",""1""],""protocol"":""groth16"",""curve"":""bn128""}"
"ESG_ZK_2024_728","2024","1","2024","d2e60e7e8129a16943167f5cfa2a72d62a858d8606198fc313c2b335d32fe789","500000","1","10893081615718245292929349733969985070979019471052963392138164686687565954872","{""pi_a"":[""17932351701095266144830155946517576474636070472345467414152252631786775714073"",""13767930297344467342400472981661932076726651396887380477598562462356439521788"",""1""],""pi_b"":[[""5726833592536137063154810897237469649112574706074010130240869528870271292560"",""11116725369119829108264804804147917988963534033600011142376802811671672330971""],[""16009017488645342819076568011484719132674660212109424381199730479762470649216"",""19617472749570597843918715279575010948864791962236880990722731946247145275911""],[""1"",""0""]],""pi_c"":[""8986877666756096777394217406791326465633011142363984144412761276721199218699"",""2504635715036856964741799122958946210153109224995251179575360208724144574728"",""1""],""protocol"":""groth16"",""curve"":""bn128""}"
"ESG_ZK_2024_729","2024","1","2024","dc8dd550ed7925e1827d922bb39adbae33b0767b9eb61c177459b1a58f9c2239","500000","1","5799262753922194741976338095707362174823141045569985433645404446862663332209","{""pi_a"":[""21036105605032301887948453112570989451087109409482931847979831847953255594707"",""15105225192825592982176568178599576142102298362112301401116387579763041740714"",""1""],""pi_b"":[[""12315114560379041967903568545004236325725324162149726757615203311755024469558"",""9957924452291300062765070319315767879917331202650877064887386044943674483435""],[""14345803150832966951414126360692567645014620920868250041809446862139547437814"",""21410825103282828949263517684688488130131633702960468604319682534532037063355""],[""1"",""0""]],""pi_c"":[""12308180440977617600373618153669840726684471336850165312120630448622326011284"",""9386379506935266802573545650204624762139265666219938307728967914037122977089"",""1""],""protocol"":""groth16"",""curve"":""bn128""}"
"ESG_ZK_2024_730","2024","1","2024","54c6b0a7c2e75ed0f8ad3135df1e87448dd76ce81f8b770cd3666703e51f8084","500000","1","7879526221022428361100226662456588194972459042616043773182570888775682928129","{""pi_a"":[""4158831689938201498151396715680109218188609180001455582051918162331686736248"",""21364493754552134500651106091011438289624551629460373199430419722287439751731"",""1""],""pi_b"":[[""3131596625340917088499782208409898308140034470316602919712553202343136436334"",""18651654806278283132810953903371320875511444638566068584051063549623863477490""],[""3012251616373659839269554823221427786343675385250015776554560639132126128172"",""9954605205095861566147542103697488191926521939052433332089562512173857075254""],[""1"",""0""]],""pi_c"":[""3378719092962583812734523473341583076423069464177730638761993010124393881531"",""10239983365937477852624140436544027339050454588608601359905571493999839708209"",""1""],""protocol"":""groth16"",""curve"":""bn128""}"
"ESG_ZK_2024_731","2024","1","2024","593b67334375bdd09548fc87198f82b0590e875d91651a8702b513c2b820bd40","500000","1","16147566174711458173816272443283501481118145954897320707174663303680712843097","{""pi_a"":[""11953200986858740001855273873772471071520326250266576095732742194149201089394"",""14889270864370114842451529035277573450968090279546331176279248354561818554566"",""1""],""pi_b"":[[""19300964842306809807991058749122480449052998305336101377729691439158159469719"",""3070077647578378823553048861442083827532186095672535278260371205927131788000""],[""72676911747240951405286813360869867635986268457746743462048620541851048451"",""1796861696437458543115943096507152647531703250607877670960033079652599419406""],[""1"",""0""]],""pi_c"":[""10519537591455127817093554370657066396979941775305470161305488887902880128376"",""12390354556688727234378016250572494676036458653607894450750983324790978522426"",""1""],""protocol"":""groth16"",""curve"":""bn128""}"
"ESG_ZK_2024_732","2024","1","2024","75bde1c0ef360e46f5eb0f266bb9034e4f0bc58939bcbfe11a8eaead365293df","500000","1","9405062319509577043411925937483789393721537743820654655797917248993460956853","{""pi_a"":[""16437957981714844751058274675496470305518779189353955886573093908733889472978"",""16980920457357716258946240463419922839781866489562569232632199405309095091189"",""1""],""pi_b"":[[""18799661307725469428026641645638359274518114910845722377001510603470369871312"",""6539332515660595272287246353535603433267627256856371425695963612957190415123""],[""8362202334887293165707658340514843528279768238375044830952305420523644468072"",""9461937385684645137240277509706674243979992459693419747781752960306141541547""],[""1"",""0""]],""pi_c"":[""8167123729931866607335038412644730699960399955863868836943796554449568889150"",""17588832172777673253595618705134464545894878446539408732013330489967599040718"",""1""],""protocol"":""groth16"",""curve"":""bn128""}"
"ESG_ZK_2024_733","2024","1","2024","ffe3c22fc3f2d89b73a0eb4c268b6b298e486cb1a275d7660196040245052a2a","500000","1","16079584796738892712125520480086279587958059542085394999914874856562671849651","{""pi_a"":[""1248418158712963422218216300190806196190868268620639912134621722861524613862"",""2549459704634585867225833180615156442283974836007455364683016280111645384039"",""1""],""pi_b"":[[""12261830009297985884165035952447352823515037468663457356321746538239039035589"",""16767484279820979664945140226722291096403196308160325151225221251631571015919""],[""17760459597349167342085538666876259196701855882015421774228996329377209866962"",""18287189443366125435129238129830424424545748339796791040923455183857275259338""],[""1"",""0""]],""pi_c"":[""11613716480815880513365439849464651223876316628859130582241147399273553108155"",""12401064701272782089409235780762856816510898855822568277932778993371553936533"",""1""],""protocol"":""groth16"",""curve"":""bn128""}"
"ESG_ZK_2024_734","2024","1","2024","d203e3a4058d0b7b0b1b076fa09b5154f557d44764d19ea4cf22c0ade4b84b80","500000","1","12084822430103037742511635253498723828838936296426591351258081976009146206057","{""pi_a"":[""21878441245645483350697681722850486337342010813042394343458290228169794198520"",""11487870571341015894021516567515800297176665996365612273958675031459877976312"",""1""],""pi_b"":[[""9189687945208103254288789296175705837068978300406475045876198534947441448702"",""262411905335169490144706974976629884128073923582246747220447156251042857560""],[""15160997825063442916656931830585831476043234050219554027675009179303350194437"",""14457942543232812693847793594566176629636524831167802075337710097147582256305""],[""1"",""0""]],""pi_c"":[""2089669803361366927404338406808353765701280912260542003774153348241254445819"",""874808865085066261356035865747954608748279916860808293392504051842657885237"",""1""],""protocol"":""groth16"",""curve"":""bn128""}"
"ESG_ZK_2024_735","2024","1","2024","786970b64f1f0014640eabf0e28554556703502382aa34d0cfe1ef9c0453f7e6","500000","1","41298459941683108581465131749829321936329006006142665190358547873654191565","{""pi_a"":[""18650851500323301232800251352752334380589428521213017570391137568260506760661"",""3033494518596925356852234482051638782065318440806761315674859039639979323966"",""1""],""pi_b"":[[""15304636278523581210928151215782719875156709788733626952935475254632359206816"",""4693575446838114819239382827329098862127875783882295474795850060302413223089""],[""21584385324781730694732758477972155333868629048624464669465082950911797361253"",""8238818695513379683558411256078886738445687166177643299977805350991286037970""],[""1"",""0""]],""pi_c"":[""6047987798232009103358170930922709022187620121676672274472212750137188522617"",""15070563202907268085635327866532393429160515780879255009424555693870147153386"",""1""],""protocol"":""groth16"",""curve"":""bn128""}"
"ESG_ZK_2024_736","2024","1","2024","ffaec9e041a183786719b453e96b235e7fd0747019a04e28d30ebb42dcbf8e47","500000","1","9848070119162795213100144934329442205661526748441280770861564322100560686910","{""pi_a"":[""9720786904406434362892121560433298555300562933220485092050624816062623022991"",""13032863044964124789630981976939262978575884626489869069351429699244169439791"",""1""],""pi_b"":[[""5016192428666490761652270447589974029273788080572901772390480866681073981692"",""16341482891392966244266077894285830258910871540901844963019203626647421583042""],[""5465035174053185879022950016167539958043298387975670420100741796840048125411"",""522383145094813083540942291580940106750617213836631150769555951518584286704""],[""1"",""0""]],""pi_c"":[""15332564529912900017558663555382903770545826960185154768807680506604446725721"",""9872050911111328313116066304000315159796331575457852387225465632913993513006"",""1""],""protocol"":""groth16"",""curve"":""bn128""}"
"ESG_ZK_2024_737","2024","1","2024","f23e7bd4a3766291a03cdb535a3484d79d21048e734b8f871ed1d868bc5b1ca1","500000","1","12203926423305694700711179275088463173899938929478770329823774361001506914081","{""pi_a"":[""13634007179453834803196946132927879942751923878302352626814832053883132496332"",""7751763590688714678658974940712811533666921994716207366122069677382330951269"",""1""],""pi_b"":[[""21211868099953740782402204487649875164969985636173527826384956437876823782373"",""21696951324544151183867322286599325326514765843713385620808335817603714458122""],[""20204973816131259331508169606882511388915341682385400930479267916581215945684"",""1332229992656203998622437366052225381724237007397475442758223811878724151281""],[""1"",""0""]],""pi_c"":[""18364404771572871149598760581934307897104179107874693316323087925828200613779"",""10660063746321166735867884129041851805219098135163799127771618799257260060733"",""1""],""protocol"":""groth16"",""curve"":""bn128""}"
"ESG_ZK_2024_738","2024","1","2024","fe2ebd83ca0aa8e4be84b386da1d781f002ed5b36fe32317859187f5fb4f3ce7","500000","1","9043558363993382280460554898688779914062915976619904001682993374110553371426","{""pi_a"":[""15523947729772376223635771132527686619799414943582224301705588644314585390263"",""4517851633236576489112027406361670950297048432900843573636056985996932618714"",""1""],""pi_b"":[[""2266741003360650018403169533343642593527130071880749026344594859694401572258"",""6621199444254065033412483408635944990456722498186429738308147371708566030240""],[""15509159056883197605976429530624889341003187603779248642215596142343644712461"",""16265208642546204569848858433313062316636279800252844768835671742319621763020""],[""1"",""0""]],""pi_c"":[""8463633126249094680672655066995412361791169110882659747532205378267239420999"",""4228947937772699756449586586218424153992865955714101016176030658975910271505"",""1""],""protocol"":""groth16"",""curve"":""bn128""}"
"ESG_ZK_2024_739","2024","1","2024","b44e4d680a590e81c96be33fd137edf9c2b82f4ca63d024c08e5ec2923b3edd5","500000","1","11971594302677527341519302546170851404974662557856478800131961658617591354109","{""pi_a"":[""9726688844625763110460910145974027990482423395576260203755888132675268278427"",""6629775907759849709748057605024480089132865386683937688915896688989220002975"",""1""],""pi_b"":[[""21260435804167878795227369428897956657846065047470361396443439372385503378038"",""13963912348365240552324253608446214957808010504828700642428102843575156678233""],[""6980451363675411519222156505616216813033733685174581793915958610756877643619"",""7231459422216654247655946616176579636669377261592193547108724963466007950064""],[""1"",""0""]],""pi_c"":[""18900087976388281922100335954631188981939231237944354800746199820819568162162"",""3946213546255187252784760146177882786671229553027335512131750375175972980185"",""1""],""protocol"":""groth16"",""curve"":""bn128""}"
"ESG_ZK_2024_740","2024","1","2024","cd3271c177ab0ca1f55f7f75baea9a4ae66774cfffcccd3e59e513a96b651f53","500000","1","14230029645927276904177665246301254970507535798672193597496129200120662093705","{""pi_a"":[""21117305350380828091489103061552352652036424935793876310084688662730947765154"",""7393508939923278150416338299175364354285948550380979301711916284378986809201"",""1""],""pi_b"":[[""15736249472223585753936904923696577020298637022573904983530595934257597601145"",""5362851929988885652773617509943769269221706904792457210391113944508927284889""],[""21595137387104752607463804027826053080122344879631346314498744363642512170711"",""16028142966282895207043843931336908616985244700657577849653437870801280569100""],[""1"",""0""]],""pi_c"":[""18199719373753667142648042034074997170474177060555862134666694474081974402866"",""3018887108207400614568403878681735395430771066474252875317398067740239174039"",""1""],""protocol"":""groth16"",""curve"":""bn128""}"
"ESG_ZK_2024_742","2024","1","2024","c712b844b8fa4f2a3a3d61ff1c36cdf2b016b0f233b3876c931d77f0a5829d17","500000","1","1593284018381051863148374514441204231649953692343286826089497635669757642518","{""pi_a"":[""3630472760222276838995269800648231289943453164326840026390603917143518184954"",""10514712493155517974339703166257805263698898989234209137752189081939915861350"",""1""],""pi_b"":[[""6255315671367001814865683095171483644425144143395535575306523053747733315923"",""12794037399808850059236424806030347276452623504886324514760901371601247643437""],[""3622073514817690914321077748818553144898537654101110176256349304782042481339"",""18718934093146523108393719454121595344768549978791292235973850767792110300882""],[""1"",""0""]],""pi_c"":[""970426537605357185306471596333175353611452475105609090090574760485463610681"",""9487356369344020885360742208109731727868881714654469072175898169297649452695"",""1""],""protocol"":""groth16"",""curve"":""bn128""}"
"ESG_ZK_2024_743","2024","1","2024","5fa8ed802cd8bedfae599114dbcbf23a7be1f3b474173d89b9d990f332f5bca7","500000","1","11223612882334492405936013333967903259134399187643000975683462465304489662766","{""pi_a"":[""5759887460580066393358649667151994084344971740178701464597909058875486745672"",""5363232803658987119570092808588821883869482268537235831303190169828939004614"",""1""],""pi_b"":[[""10303981360176650921264210373214647370651783790293447190880862889439855374185"",""7209943054690277003598176761800424615239752838583035666229681432467987687481""],[""528932749412768125749136274597742897240458899321831622238847940076363813084"",""17789404772877029546481533273266601668564139412866051146453235476958230770732""],[""1"",""0""]],""pi_c"":[""19369073985559807971805496412094945805365494099853095108380430314252645384791"",""465299299073883947439872740075345586624208178176905315919458042959347324883"",""1""],""protocol"":""groth16"",""curve"":""bn128""}"
"ESG_ZK_2024_744","2024","1","2024","75237cdd23503f4c251ee1609b64beb87df2a46de3e8b11008664b503a532749","500000","1","18018407590362175449977861506236074747642396002370429952564452811454426764839","{""pi_a"":[""11848631469382887397145143228586371336578797248473677494516597926719413698589"",""6517315633536868253782598901696903198585438006551664735374927049846846196323"",""1""],""pi_b"":[[""15235069220318096034229440618894346806947008103999757630293753641337515388165"",""9276588973972898445417184375512293241834966615311973466970182951149802288715""],[""18803248362402527978573901953519710037700249978630426627792107555055717497198"",""7614897568094206547085588131979798934893688525377809112162864870025196546846""],[""1"",""0""]],""pi_c"":[""13771718102448912052894328764360853519323459815375292547299710436767302407567"",""11550270144109118313393239408434967524734439182971715530562470311885336408549"",""1""],""protocol"":""groth16"",""curve"":""bn128""}"
"ESG_ZK_2024_745","2024","1","2024","c24e0b136961b1354f06a5a5f85e40b9ffb6faa13dab4657c3ecbd9690269311","500000","1","10863608894435601180050308330502121085922570065836697387314865903761650128895","{""pi_a"":[""4773558530315138960057937718661031051967634493405199709504824453982908177610"",""12345361395681074013554850266723026180995646551577750634146595601443649254504"",""1""],""pi_b"":[[""2086483185947043782040337054053180237790128928736581458601307870412721950485"",""16657820520727329648319539496862480993222865268913401378486349571234914975534""],[""20940860738305780181092190403453488539088484555652926889414437824367731311144"",""14769498942513680363741191943098289392179267496683574324205664945641498695446""],[""1"",""0""]],""pi_c"":[""19310778917643235531525524468917413649595795189062269866531862810162229070423"",""15847343496577169671512670263637188260957677572218843705908578104144926161394"",""1""],""protocol"":""groth16"",""curve"":""bn128""}"
"ESG_ZK_2024_746","2024","1","2024","3f47123e50cbe636b96e64bd48e056a4acbc6bfdfbc449016c5402740970cf9e","500000","1","18723712739256099902865859621186271690938278459001235779724281578341528296955","{""pi_a"":[""11345439784352205569376655083752023701321621678552702544511493277775895460616"",""15158584852648986327468795745424753217049284683938950447065248051089510705078"",""1""],""pi_b"":[[""8619224322776147381420573862230093424521435400284380417984500104920583142711"",""12319235113681636268279975870366701409086376478017949598506391732011769100467""],[""6839119431609779266475296601882098306851681449066583783251431327677702155780"",""4202303914805093392621672047446499668300116732030755537412571879165147714994""],[""1"",""0""]],""pi_c"":[""9443795127851177963365190573671545860976853085578753826843053682312030774854"",""20218808264957018724687027390888561533995346441165800893237992536821956096598"",""1""],""protocol"":""groth16"",""curve"":""bn128""}"
"ESG_ZK_2024_747","2024","1","2024","0fc6449b7979ac7bc71ef4e7af140f060de35377cc3f5eed01f8435f34314430","500000","1","3922502610766149524534149129919329656816808411725672023656499848263364357804","{""pi_a"":[""10857520220005515038575912152493987741864212982096535226827865956093083644101"",""14289813436022992830130744812300557650519697404702553198108876041791033467936"",""1""],""pi_b"":[[""6174434098613519988949642910521452880158293774867902342039557703107834093064"",""9046199400888913391212500887048016338859221838707942734422255275126854284341""],[""11953184679933774663230098324816786086050537943681900036927670929162650890534"",""10854967655303669410949095583701882152705539325244209264514556906022815887886""],[""1"",""0""]],""pi_c"":[""7967798371103462664199743139597661755005537112750575739139002268135740362422"",""20217088932797116886849954170287794896826979033999744511746318349491866633655"",""1""],""protocol"":""groth16"",""curve"":""bn128""}"
"ESG_ZK_2024_748","2024","1","2024","68b191159b3f94a83c3bacb7cd216d1996f3493ef900744813d6593258fd0bf5","500000","1","19596256060986032473885341977456868879776537710055699092303775648825489359871","{""pi_a"":[""21795604855864207452955193692246040430788326851680805168431470566455154802063"",""8577026040156938349962825885867027433622873365106231584911044091162413067321"",""1""],""pi_b"":[[""16018600165774299580660637640017714437049767021933606552546984318051606340272"",""15642181114164102941204797988437911208820693309335219370193549726293374814325""],[""11170878786286582559021804812576608745080665717544055969483091485662146756093"",""19865964261196634066153737612466999815742382548797432712064184256245914353092""],[""1"",""0""]],""pi_c"":[""10808121059919710064389759406070803679382180052408974807100967440586146069181"",""5833250945527036059058672863083558486781412359696741463880486953724233657382"",""1""],""protocol"":""groth16"",""curve"":""bn128""}"
"ESG_ZK_2024_749","2024","1","2024","eb6c59789e6f0f74a90c68811d4dd520298765669d2398f8281acdf4e9e7ce16","500000","1","16548791718557947491268991425930948232006353397751674426390044448599462282732","{""pi_a"":[""3304051959485622121159006960705322131902855886245157254076473134225853948462"",""137313985785649506257828181521964486772752244737869929751908859047477922391"",""1""],""pi_b"":[[""10055483655691406238148578089242271438635600457335569353313722892665192556765"",""8365657066022461608321975543948848639914877447203211417363469152442152665586""],[""21596360480424425045097503381409436031912131694161241328817577643527427570170"",""10261546373168187541828309401034746508526522712354278825925025507539520945766""],[""1"",""0""]],""pi_c"":[""15787003138205191934587684703553646437161370069463210025862466669224016554049"",""11070155112802825236092231154291951000876468642373426146916213767673072274982"",""1""],""protocol"":""groth16"",""curve"":""bn128""}"
"ESG_ZK_2024_751","2024","1","2024","433129483ed88cd621763c413ee5a18f029686921f49ad99a2a5f4432cf0f2d1","500000","1","6321307910938377786817774257234418959878893006918228733410295835420710315379","{""pi_a"":[""13582591355167864863460350056976443997769996668880375039178222413658630147217"",""966323999791621286621058989836406749263730252823082830548135833023805785508"",""1""],""pi_b"":[[""1621431055167657775320118605135477501459181974908321226289120071990787708363"",""8278874324717929488631999533973965012662822525026262974353141057462256086208""],[""3670692466143938271348733458406442177781111477832010546112635281660257015870"",""2052008440623437077981343336217691498297788552630827991964188009714333889344""],[""1"",""0""]],""pi_c"":[""613922269928215430602829182431280116949982956394796409888587622160910364309"",""8862934529424821545094103477206349140994975735063259079792469334062904988701"",""1""],""protocol"":""groth16"",""curve"":""bn128""}"
"ESG_ZK_2024_752","2024","1","2024","ce39b94de699c0910f89dd84899c49c69f4361a3dc91c7ab546fc47e750b04f1","500000","1","15107545196237865887272620436771470136396758546370854473543309353619456231099","{""pi_a"":[""14121173113616481319764335056358713654835695741951028487898996504410933239015"",""7715526802275997040985301755582153881053740368079209593954444729674036444091"",""1""],""pi_b"":[[""18819777557574434449062993984781228807174968548550931382684039199452665344898"",""7859256417899811689379665783797798566072735100823893515914357859110952102839""],[""15959087486373328408872022132088768183120775697898597175455609526396481311054"",""18570360111669763993875826553612787138439401909432280028271882291365224294176""],[""1"",""0""]],""pi_c"":[""8922853217939040698353752047283305999397363134248506186220034762170895866427"",""5275147287602042079030498632728309288101380845788416332503569555482998454566"",""1""],""protocol"":""groth16"",""curve"":""bn128""}"
"ESG_ZK_2024_753","2024","1","2024","1f7eb2daaf299c5e66f3cd6c442af61c700e65100ccefcf2f7ebe75111dda48e","500000","1","9422658464743805699356288485705688077212329538611000086324694445473360699806","{""pi_a"":[""9826359910102803502486836044526251559959106892287770375177222927500227650471"",""7805847324563710669309708383277154562417407105846498413550770699996157495875"",""1""],""pi_b"":[[""6012128595332777347716931328065921292060621009520937189186972575833501293517"",""20964964634187604820724262984688862006418757599699150852149376216928170689215""],[""17391602234918475728526829776412577920248078163735609791716148827411624561151"",""17654693278853053719060716598421246075915171869803349427852611042884364112066""],[""1"",""0""]],""pi_c"":[""1454247756208765198589785029249721084992801589370896455213344708788211592163"",""13587079799618279597842964752067340063919272346715527602058576105049686987077"",""1""],""protocol"":""groth16"",""curve"":""bn128""}"
"ESG_ZK_2024_754","2024","1","2024","9183b22dfe445e5112022b5ad60b5cb50cda344a1614f8206dd1e1b87b1bb1d3","500000","1","6783951217897752512640264009488913204644291200926153238376530617456342542983","{""pi_a"":[""10029295102907863958028627309563767685161455080051489582746214062281997602229"",""15239150852257837634623779346817425770249979693231455329736804152016557157207"",""1""],""pi_b"":[[""46679714080341860117629605706051371708010549426829805216864142646147754468"",""7324790882833278016026559036223018199716528230826181333818809881131778661471""],[""350740203498429113987004217032545258940750894926641334529795665257327578040"",""2645022850332903838527572197491630889976020017584317197825289189814460726650""],[""1"",""0""]],""pi_c"":[""20464834313318245694656315718308907529802771114780568245203317504662529366736"",""606578551868014371251035834077988628869559821301356032936023886079435584419"",""1""],""protocol"":""groth16"",""curve"":""bn128""}"
"ESG_ZK_2024_755","2024","1","2024","591b874c2181f8ae58b3bb9a7120aa47246526ffd9b77a350cba09430f22d2df","500000","1","13003877015774133565029546843588484911883130650166971154338157789137833046926","{""pi_a"":[""20765600317842708636810313296744461063959498581543951902627616448644671778258"",""8146281527407212113597966340529407003491410312762619135054189617403892746815"",""1""],""pi_b"":[[""1708901495236124810563050100192113359018685633403587908328407062940852472055"",""18077448737519996332660304983880597606020306825135139751871538093994270947963""],[""12884933068562974011519592504631523181123134463784822646283989551603146683652"",""19340605680391663853910051796889914340196643342592780487606078286101950393222""],[""1"",""0""]],""pi_c"":[""17948555297760359911519038250931318226835812811780218900416047151038064239247"",""20079400436806126234090583928209416354808704640636033459664025183303773521678"",""1""],""protocol"":""groth16"",""curve"":""bn128""}"
"ESG_ZK_2024_756","2024","1","2024","cd3271c177ab0ca1f55f7f75baea9a4ae66774cfffcccd3e59e513a96b651f53","500000","1","5053224795962895086415132310107509146810964103226375436523380851841282252017","{""pi_a"":[""15215993958837653246281106004004506981982729625914314265003719635897302428534"",""8011251744592700606950399433237910149269234775182059895684613296967122234679"",""1""],""pi_b"":[[""9158953594266018942146453367032999533018451014685549212598383826232377850966"",""1373136054075299411931045383574563170500338136454766850290527601507796278853""],[""13793071637393108706738856306209663336090479206905613684785105810502537719083"",""14346475718590608946927647967834175323054881968093342366142101023990527307042""],[""1"",""0""]],""pi_c"":[""17973207099495610432077637798845847860030563028618657742755724133153915717022"",""7981972454930558540814131222580359834115347942087242199479909117196016668175"",""1""],""protocol"":""groth16"",""curve"":""bn128""}"
"ESG_ZK_2024_757","2024","1","2024","026dd1a057a1a42f68ac2aa319885c5ed1a6b1ebfb5ca6a12da11a7b7e0b2ac3","500000","1","3931281629071446836836700024197039732631635233539880591814066349197711255765","{""pi_a"":[""820191159207641027950828872335272897319539185904625808970286195927293309866"",""9485026137116233458349008688506516762391945854838433499944591502860315259422"",""1""],""pi_b"":[[""14518155166594921632338848636758619713182132635227492082592661183079979340904"",""15712428046936598266022083420980499439437601927631130955622656065426960193487""],[""3163774115320564437434291690596417259632916582513526289427963730971957333760"",""12675252249134373723540178864021701586192587433293950774884650601269996343243""],[""1"",""0""]],""pi_c"":[""21619889030113404009328228756159205118116360064049587394874017206137486581685"",""8928170004432225224886868678109014625772612940906735303129502825737002179475"",""1""],""protocol"":""groth16"",""curve"":""bn128""}"
"ESG_ZK_2024_758","2024","1","2024","cd3271c177ab0ca1f55f7f75baea9a4ae66774cfffcccd3e59e513a96b651f53","500000","1","19270176559239928607934506441595108120368582634975222206712003334788442071514","{""pi_a"":[""14155818784379912156687877108160691012027033279898057102880382738569013520059"",""12122037307565227704209722025671893399384524304638853929145504061860769329362"",""1""],""pi_b"":[[""12609669367398419765303220741699941475606514891786159405335970595891913978466"",""4175970705990533364027432314108923381068027789975701731913513028717488642159""],[""4170721843779726193041647535273886320832539721137432334101131998073850782574"",""16791579126762233171709633791082083294559939158791529983324405272394471159055""],[""1"",""0""]],""pi_c"":[""6061962036615451232400641408844633247542540837152775219863055965468912336116"",""2326302889460732760984122399069283765948695444347748121078994984368080647302"",""1""],""protocol"":""groth16"",""curve"":""bn128""}"
"ESG_ZK_2024_759","2024","1","2024","96671cdcd75a4558fda1f9561a25069fd623c5f720684c5a86027d61393e3536","500000","1","12405853054061324631778162298609117897304083246861950594135636498443550074029","{""pi_a"":[""8388318735584371009366551279113666855564602782252013491828101932991125068496"",""19860417627616938400181416549123495304844478069933660268667360423891191393033"",""1""],""pi_b"":[[""18566474375110545592187455433926647141743641699427964613270321166799360586863"",""19163942032222666810930385332673215094005667388228340597998474665994936946824""],[""11355154524845610864464959083108127352455260544213819770767373258745566141621"",""20737705594596280357546728873319797783412644030654034202091929393169275188075""],[""1"",""0""]],""pi_c"":[""15497669518659169724739941570822944413711150692476914232273808350769755800871"",""9385997561735485096449713758649274725179737928619424077438699093112529969267"",""1""],""protocol"":""groth16"",""curve"":""bn128""}"
"ESG_ZK_2024_760","2024","1","2024","bef2e9ac30ebb0fac16aa965ce89b9a8d4bc6d0b353a7288e99b92ec2dfe8d71","500000","1","2112884807023739738858982822149431699009167378825265432061635623991144760237","{""pi_a"":[""14390794350344848998037562522575060793466720068070921797982898056699112297386"",""989828860231211284777090736746914586011110849838356067974172407481204982643"",""1""],""pi_b"":[[""5669532508393955709812434545293576220482330104075746743436170122609729570115"",""11855253627470964598216951853338342363493709385884513382460960864408190105511""],[""3520252776106281914847032273129165636406480173714590311614562488821887999314"",""5177318634809137800438552229890774481362398236586331885012087105205675338333""],[""1"",""0""]],""pi_c"":[""2793227575238811391196360334271660860923415784197853618903031512721355309831"",""19787107467818956342332587828427014379147951916635091659812209754095220216321"",""1""],""protocol"":""groth16"",""curve"":""bn128""}"
"ESG_ZK_2024_761","2024","1","2024","f555c68d87c97c654861f94f09086a25740dd002e3b302d4000eb316b1af5967","500000","1","8809890608389941547391975902332387075093842324365038483782368077043118873997","{""pi_a"":[""2194354569719893782767416359217650514354643583522958326923521277913331409119"",""4649794358699586032905318940727270583677801369500989653349911967871140972492"",""1""],""pi_b"":[[""12097504078552867979270056366334262799558154279638023267761026528689908065897"",""8961423047732428652236747453602375709856184227448037224762302203023987854650""],[""3835755298296063491141240698506914896655247308702346279862115725935179023244"",""198306342775691927636061771388444912518969036840016946223612667161899322211""],[""1"",""0""]],""pi_c"":[""11081907453119980988151193102013097705312862936360440358693557055518710963837"",""18984039610177770383362852231240362095534148379418327153410073805112782576702"",""1""],""protocol"":""groth16"",""curve"":""bn128""}"
"ESG_ZK_2024_762","2024","1","2024","139d48377ae62163d55aef0c48f9ee06b75f250ffe79f8c84fd7a340954c3cb1","500000","1","12063718287901052871697168658145393179707212728178710907892297475074017805348","{""pi_a"":[""17586476986373957602876611982378816550272983488612171448065802606202231955228"",""4721484729907087518649737533808412527007610671353246526580160501900838448006"",""1""],""pi_b"":[[""5472297515657418215955234587329091984186643728693994110179578675746741858634"",""10209275288081512087450939819367842846515128075749521017602046023252659297643""],[""10199882078450589390157332578017782779754698307517893222090331463765627471220"",""15365646337167040771297243117136510275803524100525276053240369721870327524463""],[""1"",""0""]],""pi_c"":[""16095003881202987797036866103201607583763998270580070718640219772016448414777"",""20145581254401715275648546252610173750972281403474936336051247918348468870619"",""1""],""protocol"":""groth16"",""curve"":""bn128""}"
"ESG_ZK_2024_763","2024","1","2024","cd3271c177ab0ca1f55f7f75baea9a4ae66774cfffcccd3e59e513a96b651f53","500000","1","19303282699729575165108928657197912977779249257745753343629778587901396985187","{""pi_a"":[""18451996717264626425561308417100074730740393070288887418840536096583447988975"",""17697777865209098176310187069042409396973099408182598081725187793930895671089"",""1""],""pi_b"":[[""11083821421357729272806982305095553100007155701902365825449619378121186458569"",""17193217367611944563206208489542046518775013494266670750466106754301819868909""],[""8502824184309266101936285670533041827860607962092886796463327776317116466039"",""2623784340679496855427445094586200103478089611936132731098202288483694696783""],[""1"",""0""]],""pi_c"":[""5784566336085251154805496728803464206080024068786904669671058592305172794441"",""3267207595196037442825166648099968793270758841448669160516668358322995919203"",""1""],""protocol"":""groth16"",""curve"":""bn128""}"
"ESG_ZK_2024_764","2024","1","2024","e838b1da2f663f8eab05bb9285ea8d499d9dcf04a6e4b1995d9086ccd8757294","500000","1","2857535466480918526296738336925705096409150169567704788057104370297014522135","{""pi_a"":[""15444787038520224020122993090900390616464155381686179477264733776446299605396"",""13042618389186600284045503141018062350057434470801179308772167932806049285750"",""1""],""pi_b"":[[""17471654521345766508785981984141557279885064955671767254596411837260287118992"",""9602131863590710802936930399429015433139753026993015359628359728066016849019""],[""17265349454694107833477412852031292352999036351779701094323204375086790364244"",""10084461880424063461740612551342580362281477453487871763630914911963155557101""],[""1"",""0""]],""pi_c"":[""13574794045539309809670770107494179608038908390432738965259221074504512383802"",""17159046651210706349820465356787694146861930608116617841205783633499463250198"",""1""],""protocol"":""groth16"",""curve"":""bn128""}"
"ESG_ZK_2024_765","2024","1","2024","6e7b61050391f26117a7e45a0144d12ac5b3b31bb49eef3a8d7553f9c55aa85b","500000","1","579485595237481415047648126337970341945889204407046959027182051828512034859","{""pi_a"":[""5999588488868728135898020463710476226288162881762706251499169149176900666243"",""4446712693433403754485188119755972560122644860793526301282034603705780102311"",""1""],""pi_b"":[[""9109459898897696919559437200265731517113728763857474995581707888469432435036"",""9486399346112593878659154349944835651214454941033935035053333069750564419642""],[""7665063411624694089517949987705674179399730231944662382006752677515223512818"",""9337210303848097215724300949596391206549163155246616270477882968638361296408""],[""1"",""0""]],""pi_c"":[""10696806869753135663993124107482728016265517164182825626943597674786807941011"",""11173906461974030847954730889406323794965509750123784946441139263308798927876"",""1""],""protocol"":""groth16"",""curve"":""bn128""}"
"ESG_ZK_2024_766","2024","1","2024","cd3271c177ab0ca1f55f7f75baea9a4ae66774cfffcccd3e59e513a96b651f53","500000","1","2540534989688039334186885073406612672604071815247046121717183883842950423629","{""pi_a"":[""4103554055184004206054361048829883393609673581587005621396713636095502081710"",""14312765082299899020274351115891362385736607592959556585889927734700575374325"",""1""],""pi_b"":[[""8669294467806417372254015880999409168010839920504170710192908574776184262653"",""16633862395126073146889750956769449382879595911328160741092672561777532996057""],[""16684696083539123681550757725430240037436925455201032204040600641004651886322"",""16075919680824305247694620983762635921827795631897931541532656228992306607149""],[""1"",""0""]],""pi_c"":[""11908247682743018890824626378422228002363349530702508388048376050868255593831"",""8326764111360759067714687615687618533574148141101298787443080570178832993781"",""1""],""protocol"":""groth16"",""curve"":""bn128""}"
"ESG_ZK_2024_767","2024","1","2024","351d93d24d4f52c025efc605897a5a26c64607b52c1cb7b6c48b849e255d0c09","500000","1","4233899120650136157641931029280726418541211436885354394013003260727736378416","{""pi_a"":[""4276698771990720811153691881059859022087261205243520857853426195572736401448"",""13166584426394294558840589521090832357454039435156406523991602245652342590780"",""1""],""pi_b"":[[""10015082315972233749903933061344774238328014236972792252063371142832850968668"",""12660290767756583945914517306037027372627737223842918930809111335537426237729""],[""17202826246714993783008848118933410787158681581152944495337751654282593020674"",""17366503643492415548160650605171102415893846644293958869609571531808586658829""],[""1"",""0""]],""pi_c"":[""13411338254483886455105627708106165188958375900482686546696968702334912403845"",""20356368607812202346563018677987336523375077569140931528714946136232573777771"",""1""],""protocol"":""groth16"",""curve"":""bn128""}"
"ESG_ZK_2024_768","2024","1","2024","b5741b91c05610107e25f484e89da80a684a913664265c925ca70efbfc17b78e","500000","1","11389454625958298671096682261319640109008848017231909514640505743707650315914","{""pi_a"":[""20433745448235658298875271624738098168771056783230974968186395526569658651237"",""17563441960562497146188090727681127809657097002249108515155460920531581861102"",""1""],""pi_b"":[[""8664437143104125094770157362418332559093184097548788897995157430103009033372"",""17393847231043276701282448737587589080507635130892280441995179362621213920321""],[""16717448410835513951508165352031280565589915976140721762409553446348034263973"",""342341230485064353084959410082452876504141585294338134663043558377960362540""],[""1"",""0""]],""pi_c"":[""20879271089825622473448647981091192332511257073839178587228110169739130358254"",""8335002716204518842271890136637367580582042403888900494318891383116557003796"",""1""],""protocol"":""groth16"",""curve"":""bn128""}"
"ESG_ZK_2024_769","2024","1","2024","4e6a5985d56557cbfe90dab8369ba51065a03e65fe949b8b8fc1b4c443c1a2b2","500000","1","9947105790780863022607598597370849639403201741142631792313825948912566952430","{""pi_a"":[""13751518797267928566156337479915174723762547140480238698147661084553021855213"",""6422023435322003180696681954237595827987616822129434339309298031636325552453"",""1""],""pi_b"":[[""9157592071808411097173447200959587790686294804540139696122583866197688195703"",""14245149007418843928633932938163189851183424038519255733921577783151527542158""],[""20510783800233559697495639646398878782850186350749987516243403219893685079599"",""3228177630292395100453728328364056587251373211946151609893317264331545839479""],[""1"",""0""]],""pi_c"":[""8268472136522767391613968188410301975781817188279933235353299894491404051938"",""7133758088913743714755832210949086774955558453982032270419541327849019162795"",""1""],""protocol"":""groth16"",""curve"":""bn128""}"
"ESG_ZK_2024_770","2024","1","2024","0b684ab75d8aab37495c579fbd2891f359441ca6d3aa1b1006853e069cfe1f06","500000","1","20024000697104718946170606693057654551915830491332620113592475834704024699210","{""pi_a"":[""14334119313103359068064925582683107355872977864651359717635497086266872961058"",""15249868284191305524006084633891134730392565123239161440081022919151680802997"",""1""],""pi_b"":[[""18782768994087728733183598569327591425235791197184322794458005247593497738669"",""5008102310497622162935072848603224615786472868666332566424080317264876264104""],[""7588740386957738768726575507105016596089159503125557068312033140706114487365"",""7615468239461310174250659853425923712973107467158553864029058952931211189194""],[""1"",""0""]],""pi_c"":[""19215276319324058887295961452750913726329500926229615812198468347543867752297"",""2978175348704665274094379180924968826350899184695200883241535142562867060276"",""1""],""protocol"":""groth16"",""curve"":""bn128""}"
"ESG_ZK_2024_771","2024","1","2024","e89bd2aa0ea7ee55ddd4067a4f344e911c4021a1c1ccb34a51a22a0babafb6d0","500000","1","745394384411984709358764654373297720650493702982986628232603017445193424460","{""pi_a"":[""13790577424976269228609813753173051418733610029270213225896121128078000290861"",""21833345092604277052422302409002933531517886816450094358164077455766323736702"",""1""],""pi_b"":[[""9219013041033302734261498149338989434876644495011964834683594145517488279344"",""10450751687414058277035938263629625333118623741778450104819705912745444277953""],[""14580035458521988001732880651421411931935392382938458413963280162206810166232"",""15818481601823582134471498513910707829386416339245000960441853989987241680213""],[""1"",""0""]],""pi_c"":[""33284812536164570617962952843010503845034934558149890351465496517028514157"",""12258743619480252367828641838431492977320139545658177105290370754595612414603"",""1""],""protocol"":""groth16"",""curve"":""bn128""}"
"ESG_ZK_2024_772","2024","1","2024","43126699440822a589ca416c87a286a2e9c94772d5773a5ab6eb717c16b6edbd","500000","1","12967444540274486367246477869054212975160924615918825369556736405101792327624","{""pi_a"":[""10934768268499545359782277338271426451899958859701279493183555452008163090387"",""7013522675961451192253178582723447369868129480113597978182712787344252750193"",""1""],""pi_b"":[[""10287061399053832072454783911261905568904522904413479586887061095094434489428"",""6164220900085946926557392593251444016790338574740788164844481293733009542645""],[""20162069649535438909304670316596403166799935155716994217241586140353800684705"",""3731477389859470975402676351653524751311968460824209907958095111029407342335""],[""1"",""0""]],""pi_c"":[""14152170659113651067543866974763578951011896128116573840559631105357363411421"",""13910792743000566520633576659492358999804250604446725327861851329901379415634"",""1""],""protocol"":""groth16"",""curve"":""bn128""}"
"ESG_ZK_2024_773","2024","1","2024","346d89990be4d698865dd351c204ec76e3c86a8712a9b689593491b310b9b19b","500000","1","14462860302320995651283457446658285150509861608039627186035650380187142016964","{""pi_a"":[""21458025995089721918969734478605645638515768950074627007833512300830346901827"",""14020578269234690472547889280016056082768143111518876083429127984432619211723"",""1""],""pi_b"":[[""11443248521612410792527912905548487946552511089818476024511460079533932207050"",""10877658036795070941156225427799529766584002745793321301339014463311314723738""],[""11301181658268089055968097839801568239223086682086956273797159464601370067847"",""7595300857017970974333871703889871091467246227324439185816892085336924867276""],[""1"",""0""]],""pi_c"":[""13465670546424647153459996067891432058374769364121153861811108398585243912505"",""8205540247135206138603597429704820430082076032969757710427677223291167656783"",""1""],""protocol"":""groth16"",""curve"":""bn128""}"
"ESG_ZK_2024_774","2024","1","2024","ce39b94de699c0910f89dd84899c49c69f4361a3dc91c7ab546fc47e750b04f1","500000","1","15924532967847235260430942361073713836274565276879043219866004822056411057895","{""pi_a"":[""10239192436182149690800822270005005597544540958989245764938260470772344229669"",""7357508789607956396065824919651340915799904795473759938496482111617833937689"",""1""],""pi_b"":[[""15945526163567815312807915191902757821898086255376120627002432888125912732385"",""13283460179811917067642771201711388912144256918142414793687466233548183089684""],[""2873307428611897308408024353554736916242146575993263498846664422231100335176"",""1502556125696596899255144859262952097956622334211313015060881592007525740559""],[""1"",""0""]],""pi_c"":[""350083111178127875242883223323636758625338728726148912497251776946070838010"",""20733127417247220322145102069436567676105152701349347514239430378815529691552"",""1""],""protocol"":""groth16"",""curve"":""bn128""}"
"ESG_ZK_2024_775","2024","1","2024","c2561906d9b774966d9997e07dea12be148bbb76406b87cc67c33e6223d047d2","500000","1","455402936702144861648642453863762816462538946113810013179372400995265017837","{""pi_a"":[""9509111050182573316844261697763777409471101394756069126275437263712593172444"",""16747666594557754988668067045221527493780353584603963729216172640449294634507"",""1""],""pi_b"":[[""9145528378846475803929998807471920085554900698323981487759633554543966635675"",""1992657721635107115021770375332791432677121212372378608567266401502518899803""],[""12428077110165732618973556261527719020475784046122547420127466748048640684508"",""2215726770061929366065564675214336640019052747542697311374377677576907626085""],[""1"",""0""]],""pi_c"":[""11664261694748675068477708276603675001482207537132386189066726678153034716137"",""16629516886605565500137909637315967325376871468528295939578697649420113843105"",""1""],""protocol"":""groth16"",""curve"":""bn128""}"
"ESG_ZK_2024_776","2024","1","2024","de0df85b78aeef78960a7d65bf7606069be127a9fb8e0eeed4e9e30145b84ca1","500000","1","8450387605539257684108134435834998245081409696805918213534641130981353769831","{""pi_a"":[""6077956225675618172247402929433769728545761194589635426788473311683518672795"",""2527727913877143572613040165031955488877049350360142433162937465083287444022"",""1""],""pi_b"":[[""5230201071523555832867447350300142149439416682543866673960341124439905626878"",""20119589250889070407833714070010358226377793162912875797574155263141623238622""],[""16661463343039502690149549390019101774094892520440637491409421932457317867391"",""14287268903724973203081654998176660550972447513874204340893190293071022066248""],[""1"",""0""]],""pi_c"":[""11276367017956932229337409396918890748565879610618017862555498937232231188080"",""1183423321511038904960725417847995888393221124513836160079737556414343932901"",""1""],""protocol"":""groth16"",""curve"":""bn128""}"
"ESG_ZK_2024_777","2024","1","2024","10a07beeda63e0cfa144f60d5da7544081eba2d9760a1bccecd2b7eb84de904a","500000","1","9566581761045854807891189571863241629734220994954710573630560032494616307018","{""pi_a"":[""9739251000521556415231291934421969870742508003262148056088780668144770353358"",""8129667298418467489370085473956423217636100113954203950355737100402816000983"",""1""],""pi_b"":[[""7472081253178539798100129090119082944296504304886835722854277293369390735417"",""1825224205527756301625191564603240076109157498462812263237803012509460792133""],[""3315217199459469715799165513143374507311872299584169554154691696232318033470"",""18582878197178730522935912861898193601637055839693235354967686823925742922232""],[""1"",""0""]],""pi_c"":[""2867200685461161027571931784628298731559106824991942214681264820196156946691"",""20877629079529905676697430241206716557834572214192392270415291441673079271914"",""1""],""protocol"":""groth16"",""curve"":""bn128""}"
"ESG_ZK_2024_778","2024","1","2024","073bae136c7807cfd38c93b890b668add111a6ba0246bb021a6ab833fef85dfb","500000","1","15957692679771926409424413085277751094740021621673344254305816123484605274976","{""pi_a"":[""8980420853849646140486246390984983206301339018491443934677724971369101710788"",""17270994285977794968660868259111573561072784644660393868159177453291208547886"",""1""],""pi_b"":[[""17442396375130933654108868688837235716688111441018935826342015104223330249178"",""16071103111885734455658372266062009804514840688320876252599396274785310313245""],[""7639765551577816988727481987131190376113059722093335089000294926699071456147"",""308271709896916273022525407680396820621220232719406845339598416910676704068""],[""1"",""0""]],""pi_c"":[""3255405894743349255874104440310284389970126386420169975789242241881255015900"",""12401183166762354359832973319012207126012620266607665269657992184685903488592"",""1""],""protocol"":""groth16"",""curve"":""bn128""}"
"ESG_ZK_2024_779","2024","1","2024","dec9e1c74811863874b0a0e1452b11e561befcaf95a7173d81d637e646432eb3","500000","1","21353753529041634294956617708064948313263557510271042320567183301296622758929","{""pi_a"":[""11167367602442005172214183031434866115354483740137541949447390999055326769065"",""12020513989149877240964384477043295813204476272499112521220514921872330566890"",""1""],""pi_b"":[[""14743206651789077553348929682161837577864338046340346158885043298640063553228"",""12140354379290120116971472950183131431279153333779504554269812563515491288224""],[""17578680253979121963360370355071724906845471722795486939334861869839214379530"",""21191463469104928348452819188505905800533809035392722633196534059821855863166""],[""1"",""0""]],""pi_c"":[""14035261875673127881923222960755002666536863135924784267142094571769403877652"",""8294746858091311631483054693137593568230257012991293529276606828662583178782"",""1""],""protocol"":""groth16"",""curve"":""bn128""}"
"ESG_ZK_2024_780","2024","1","2024","c0966a4edbb9ae42bdb0ac7e7b439c481fc9b880d72645505b3b3f9941df2e60","500000","1","21447203381286319834319036850414603966667375013404176566462474236245957375543","{""pi_a"":[""19148177319764756135562197625949346493884725229940226277283346590890286281838"",""3187616417970113150905262658178733168239381119523622121225700963894760195527"",""1""],""pi_b"":[[""16195852877786565542062096883246528152588873055295707332654361952327424977891"",""7611430925904090187401993674043786208222675729783827714220045411341647946149""],[""4465199972232352743262314947780518940950074782850899177957661068733244666103"",""18739567951580841279616152311988271511534183756981122612165972322841123372619""],[""1"",""0""]],""pi_c"":[""14628430089133677715676959356236800928036970768008180231082221552045569601523"",""14289576402373778677378269321068037932116706530639014536771498909199322537400"",""1""],""protocol"":""groth16"",""curve"":""bn128""}"
"ESG_ZK_2024_781","2024","1","2024","282539192e92a40c8d05488766602078be4107d3e4903edde5480c26f510867b","500000","1","623659048720459716613705251170200584739033511847183791037726097511493434605","{""pi_a"":[""10764073843509979245165033142614059774743008798208705914149124427795079647324"",""19299058916096345436932342847252656423843095083095653605920990420158848033040"",""1""],""pi_b"":[[""7233085698610022751194270828597107720918915046395304399612795981036519171725"",""14847391164483516012932656547349138864101883110825956294709864650272683814668""],[""16485842228542714956093717265131878162601286317685958804932192896370880684747"",""9275889800703490892799925149087823362602711642560564910248618258329681353576""],[""1"",""0""]],""pi_c"":[""16847100505113569870807673552029704463255940353560564374398051710137869410532"",""794363994112410414384085373124839240107972383404221221996134470038655842394"",""1""],""protocol"":""groth16"",""curve"":""bn128""}"
"ESG_ZK_2024_783","2024","1","2024","c24e0b136961b1354f06a5a5f85e40b9ffb6faa13dab4657c3ecbd9690269311","500000","1","10172252889688220107205618043719658198125098355281417822093337882460158589827","{""pi_a"":[""17141306923174026457034512369166857977586620339895002999953741038933992902100"",""2140026864850313823454203611641909702063614265708216092759063536185408337221"",""1""],""pi_b"":[[""1539247312108709505418428791381830564910502458342063916372933361252966555739"",""915711896609929482094136011765903912140733824066634187690940963939998609360""],[""11412444585681911018163377260546648457970180243831111983381044244478040207679"",""15976259778747456459807273802642970833716437716407626950330368452493957846351""],[""1"",""0""]],""pi_c"":[""15611862113995531063828772849674532591252864518670396451828645698973864851632"",""21037469679282461221401393721355586022719208588837744628620443458591935063227"",""1""],""protocol"":""groth16"",""curve"":""bn128""}"
"ESG_ZK_2024_784","2024","1","2024","b44e4d680a590e81c96be33fd137edf9c2b82f4ca63d024c08e5ec2923b3edd5","500000","1","2763872263952090967896248578865426495745439598625301865760015770235608108049","{""pi_a"":[""16765763698178185152235795607693593573817216151032698657846439734469082278636"",""14453794132194422919683909884736182780327167224720966328465949225788072765171"",""1""],""pi_b"":[[""7212779619942456370840031890929231573213031336351873537089386625167411711789"",""14775371620259172273801916326983166285971567578493246671461692282220031635768""],[""14547581600717465858365769974585963822452047203682325530691180102456483691055"",""19637536685929447613592208436652067279629800172731312877064651791798696483193""],[""1"",""0""]],""pi_c"":[""5131670511499578203744358759249045112229625763503808384613604067242487838348"",""861937347701563524103244467037873118820405888818394217883838506309489136894"",""1""],""protocol"":""groth16"",""curve"":""bn128""}"
"ESG_ZK_2024_785","2024","1","2024","8340f13f43c4483f9424442c543315df39b3070c4e88a075a86205d06bb59b52","500000","1","20513168817644839867570001247176937741484111495569590962700959830527910446954","{""pi_a"":[""20825301775960809089924981787320219663537516573570710309847053671793087567025"",""14780110199401616319451631069631889525902150471418717419950027129957636657289"",""1""],""pi_b"":[[""1247969479535985103061785278171267873523440589651541345503015149444344019097"",""18397125732587973091195794437705092962856744698207600557543716062599089827702""],[""14569993869863997078199174246270156942613201768614089547432286161913027949266"",""994245797093593572373300758933151157069108778894117643882909684630616314656""],[""1"",""0""]],""pi_c"":[""20985452399273543824804210694132144563347542046969298389875998320301754468663"",""1419394945501364711099922008362950782912486638383569895980848011043538612794"",""1""],""protocol"":""groth16"",""curve"":""bn128""}"
"ESG_ZK_2024_786","2024","1","2024","370ee53283c093bd04c83ef7c1c35581b9c371a22cb01f9a70de74c58daffcc4","500000","1","7277065557817674903771556319752182444406286249267909279106204161141804958135","{""pi_a"":[""18205644281287804716369258100166651131559487437530154411387101997460216970251"",""11356341299692704777127334812366197975925683849033302639595569555745253270908"",""1""],""pi_b"":[[""8872005766496067018760691168508178381166709463797741149434951285819052775002"",""3543246941805881227559392957853951652503828722739839377592302967466344192160""],[""6119770509943914461480696878324372280307560180178808900437420236116694451995"",""9350763120241967029087382655376648246534595185001560946067439445220153059545""],[""1"",""0""]],""pi_c"":[""2367809475743686114058860269080423107296754570636887380065514880246135574756"",""15057237609318034339031244274302888424444156207053727400736714293334399494154"",""1""],""protocol"":""groth16"",""curve"":""bn128""}"
"ESG_ZK_2024_787","2024","1","2024","30919f206e927da556cc8ae61347f36a1f77f8460a7718e1f6a0a5803396f36a","500000","1","6083918726687865131496262888063025599833632250960564146629852149797623547116","{""pi_a"":[""12567911037294400945156914956336493051618811373211166330589259840718578627414"",""21373677119303302756833529953323358663347405953481657303682283050313669640155"",""1""],""pi_b"":[[""14045972374240908721375531888350605656941320149233490612494022966963027008342"",""15983490766414558059640416843010985621135897197265140621191734652292598302839""],[""13350442346756114546606482662927536530724339384208212324486446623576177943834"",""15961303522812929207776430971094511902728512720439298413326860117417141479282""],[""1"",""0""]],""pi_c"":[""430208030169259517409468344830056815699694313587208616736017675021478796174"",""20627241216912895324045736309446880687317451522976770673336425230737768306841"",""1""],""protocol"":""groth16"",""curve"":""bn128""}"
"ESG_ZK_2024_788","2024","1","2024","7df36bf01d8de2269c668cd18e1a00816d07ccbd1bb7a270f61dffd960f148d1","500000","1","20770744597153446220769134595600414135995294297817517165922823212982275118724","{""pi_a"":[""10841010819488397143182645112640681624762518917166343450307190216238301519634"",""12170399211371704016611921874223877414415542819570457525652468601790038205076"",""1""],""pi_b"":[[""12389533718171412435783225889778875307622454295594826681228284103087932772593"",""12445537782708622546486272528806377435165496816677294091075696423419804150898""],[""804956677730201775991465311434460816771970362702262714448541328439509728404"",""1100909697463681314175993085911485737832538904523292690820681156083056746736""],[""1"",""0""]],""pi_c"":[""20318077165932031677025336550398007210315970054101895935628194896989148351216"",""16358091675239624875964644524020611537944725257853309395010620647978723125392"",""1""],""protocol"":""groth16"",""curve"":""bn128""}"
"ESG_ZK_2024_789","2024","1","2024","826f9ef6d0558c971c9210f16eb7eb242497bc03c794f327687927f6d10e5176","500000","1","19986129530116158161676377472207746417254784762593730306248699272148191580085","{""pi_a"":[""6201943882223825336197202117022256843109172693754058909820158061093401199093"",""17828461447106637247364047461476434741816089577467443866013979237650625017910"",""1""],""pi_b"":[[""19831752739543929452633627631229190392510106649415127093205252350028586386042"",""1007840043035592877417438024031793945674933585905678068822190841699229407816""],[""11251707398085290999557008323365528509284345114372204316176667035351881989156"",""13162929697562907622991193635230214837927881903170418798027737934029592847351""],[""1"",""0""]],""pi_c"":[""20597986853875383865813999998633119708176592819069670569938503937883424615297"",""9636158946531564064657167860030313483863858458858147727885753055828108060103"",""1""],""protocol"":""groth16"",""curve"":""bn128""}"
"ESG_ZK_2024_790","2024","1","2024","bd16058ba690498ca426a5011fc22d594b7697a42089021bef02b9e54bd22d46","500000","1","3495542807051438703127809674989237218982183631374889937328259548310963372682","{""pi_a"":[""1250021851797603904457616558047455888628759387254370910343416232414453851820"",""3764984754864109640866304760494118048699649070279121420928210983908643826801"",""1""],""pi_b"":[[""15073871929482003923127826716596777403691771742386517718097924576463227305637"",""17958027294372263088099817633800136370863839017500678802175220200789799856837""],[""7553069181171504870753950041682880738369082026623553840393350722450053549596"",""17612435942710439362451709390395692160630928408276416671632858021701684767388""],[""1"",""0""]],""pi_c"":[""12294569174371787446954448204024202738124381038824659660102381560126991766082"",""20023083978120113188489499355858085754491976519816989398392631419270890302116"",""1""],""protocol"":""groth16"",""curve"":""bn128""}"
"ESG_ZK_2024_791","2024","1","2024","6197155256a682ec17e66eb79651f4626a096de192280f34c0aa46f18206cadb","500000","1","7310754305627670126185973518662774414836123641919782323808173696806152931091","{""pi_a"":[""8111205065095055142443311014322603057823051077345016764759946776515184855488"",""21725700905654723011820901439263902906707856894071097286718850283620221589135"",""1""],""pi_b"":[[""6389496150897909282199228487633723452343208677383088246524211227433814346076"",""1032822266297452120292263750622532848674861297946634713799348142145578404884""],[""12980164458879217427267446671056180364535358236561645970145637028121300551146"",""427219073330757241421221402853192216824910509020112846448243813468671511075""],[""1"",""0""]],""pi_c"":[""20942785282457433422840955528289272775575862263248363622675427193458268343478"",""12102718054276176406570422079306783073797599257798128772097462100388172144277"",""1""],""protocol"":""groth16"",""curve"":""bn128""}"
"ESG_ZK_2024_792","2024","1","2024","6c02e9ff52f2c63ba5da4d604c1fcdbffd5d96b98d0d622a831df6bb29c50ac7","500000","1","14621725580066590060694947424122312996682845387736484315580378056849240567702","{""pi_a"":[""7326455071769841045152246087310213602930671207740253419321038166028049876124"",""19759424822072742850799577287265441755860444346198025260318825362201710012595"",""1""],""pi_b"":[[""1631799027176612677163515308056644287353556045231007784642038248506080942444"",""9077965551108205627114052791898263568898109448666936947783084212088144657497""],[""6856034181463837869747004300281828566855560740437971441963243034971146560383"",""8696788482326552201964513277711401105338678825025438377400729482910003072668""],[""1"",""0""]],""pi_c"":[""19313569307044047790832807766419280343895747145324651429628946942469590661122"",""21574800094989029052739545114851973078133972496012527179075572380717794383829"",""1""],""protocol"":""groth16"",""curve"":""bn128""}"
"ESG_ZK_2024_793","2024","1","2024","fe2ebd83ca0aa8e4be84b386da1d781f002ed5b36fe32317859187f5fb4f3ce7","500000","1","9900989787962891131566491888241474047917066482637056085348522319613704101873","{""pi_a"":[""11706615607272108819254119291188296679428395209225102353501691652075206525619"",""8535268912258652252249060365634630367707096719080245669748035853272402772897"",""1""],""pi_b"":[[""1561684794909450646048407548244354585409148937310699623624557607231704905335"",""5424098267993111483317058686368105774690043897722782008790418434539938268449""],[""4133742723040627271112622934040868709990944321596303317816563495297226892510"",""8242851127192857071489372431306676651585941217029378090666020251706531550562""],[""1"",""0""]],""pi_c"":[""15172842444033542401289622277375855428148582237004109911601145058604423138716"",""18671580146254907530484920560368752176807234704031664083250401756253345594366"",""1""],""protocol"":""groth16"",""curve"":""bn128""}"
"ESG_ZK_2024_794","2024","1","2024","c24e0b136961b1354f06a5a5f85e40b9ffb6faa13dab4657c3ecbd9690269311","500000","1","19704415987377108901320557969642404558381446479829710384064772836852907397842","{""pi_a"":[""6220678498242846948545574185076267971776954014157398224496224660274242111846"",""445927026665409387455317745904350983977282235567546548043137785605869691556"",""1""],""pi_b"":[[""20180348330651481822978134473215752632759579032262403337101077307240854641856"",""6738388541077104558778926755228789313139850867473067195767729716820539804686""],[""19590858635165312489892516358058592787361409372631552827464943683595886392088"",""14602863976194332664098764946277931437138237453464979951647032872962978530960""],[""1"",""0""]],""pi_c"":[""20532739379627175395372230069890880022738097592595291406670826694638744489076"",""1099029704376887426803364884644103808416309755042866924831957425661123128948"",""1""],""protocol"":""groth16"",""curve"":""bn128""}"
"ESG_ZK_2024_795","2024","1","2024","1e731e7b5f28d1b458ffe2dd7e135876701651f7850bfb75ea0e835cfb926551","500000","1","5942283138242581262617879216693480987117451909695262631841852185024067232663","{""pi_a"":[""10796650894314270643652164399757382815054422784335413399517646186210037932948"",""2928821540919675110283771603381373081996723462963143353009630868267298992803"",""1""],""pi_b"":[[""15038188512679606027269473248548917651958735993271124190809203601565253998772"",""10196796539303229588574617393625130933007097217745132319426648564647982619302""],[""3119124414524225206363962554052564521226515137202710228980509446763334536589"",""5831354260105743937713640264651969855099370820609181674767095649208735860343""],[""1"",""0""]],""pi_c"":[""5491108352032597708511070144596336556512032157160796641570805910554495105673"",""19732069475112473213472990126445495720092885060869517025338856474701974611444"",""1""],""protocol"":""groth16"",""curve"":""bn128""}"
"ESG_ZK_2024_796","2024","1","2024","b90c0251e6d5546f3db375621ccaf1aa794de97975f4955b8e0edb9889d889da","500000","1","18002807857865172665843248286770305456705304633870507957549223029535253038281","{""pi_a"":[""14320942744316358075443587127421078968159520430798811214536832193867087879862"",""403348581987517569283143580443722137329697996931874835680536987518570215895"",""1""],""pi_b"":[[""5218850424284468964557856912876042682722558662027367555090973267828441791646"",""21380566761852276768743738357753881025530482007241822906157780352411898316842""],[""17841588701410217708583154526577268765014661884882326090541145205938382467322"",""13325673568299208861128560115279145557964467953297861650383280193708439371821""],[""1"",""0""]],""pi_c"":[""318817994482025914761591809078779075150000869297041679809124360013048667688"",""12827092383267879637924572500062049209172721248976738419815683008022406322343"",""1""],""protocol"":""groth16"",""curve"":""bn128""}"
"ESG_ZK_2024_797","2024","1","2024","cd3271c177ab0ca1f55f7f75baea9a4ae66774cfffcccd3e59e513a96b651f53","500000","1","4351461676600700467242915375896492201650947327973915464979480337530282647588","{""pi_a"":[""11517284085225226408978999637248715363595465768043775779507546494333655141838"",""11076313597896805290160672637399709835350556050615953612530740822058758038135"",""1""],""pi_b"":[[""18358828864478786594046197060420998228239208729550417668477645841413621533456"",""1924918532273247213152230583870521764497803666914592277860859352415386023016""],[""14908975940758940633385199665034482230650264144668957650808156559096376137561"",""2546412580047965390529327730179003818553880830177367223199459219799762341999""],[""1"",""0""]],""pi_c"":[""18333519017308671706704294443469257673642785211531809582146115992632501310642"",""18474162723711576933402691986877867320244754276543776175953368496025203874969"",""1""],""protocol"":""groth16"",""curve"":""bn128""}"
"ESG_ZK_2024_799","2024","1","2024","945c25ad29979e9b04c96dc05c3fb36247c5fc3e9ebda9cfef5f0c614c56fc91","500000","1","2968970644100889338131175084476413398717444901834466396417975041173189139299","{""pi_a"":[""15286033185031665664349228096771496694963792527257744842794015956435488024961"",""6283361872503109938316746492376917839525883480532913312741642976735128964367"",""1""],""pi_b"":[[""5425817091638142103986722189355678264767352730110485149344073168297704217950"",""20167170731405294873098679058474376264996573941896839980725261598817284311255""],[""16241598310104939352407841405364246611819953317345262076669959828478877668377"",""14922587966217277488365539875476311587683271977913901595468270560823071200267""],[""1"",""0""]],""pi_c"":[""21503712190128634724461079704727088788498546910600435062304324245630480137489"",""19920267218076874287933212987238659421722281153071869527756520255519682617531"",""1""],""protocol"":""groth16"",""curve"":""bn128""}"
"ESG_ZK_2024_800","2024","1","2024","79dbc3a67ffc3413d2e8695d99f35e839c56087683c7c4f90a5d84e3b5357021","500000","1","1911766398413798086057476790978664307123411450806255887573685452338656996285","{""pi_a"":[""4645338033251717482519142723744988563489758087674617149440533231769905369124"",""21855184485040460523252743578172061697682828235156310377369603331250821631112"",""1""],""pi_b"":[[""15923096057003497619973272017381135508459623186577855025180786880722905651002"",""6671568230961815332506307014033619984912877534730283982617712738761774331327""],[""9995694746112064248897197798983300975147349303137251570204353901301354677"",""20102657672476928438149568360168890587808672738674672449662621877531000968126""],[""1"",""0""]],""pi_c"":[""2624776096669056656492866760020600606151543986585737240075805941163772115469"",""3947945239610406217393543380183572241798550900505577577610688906440168080570"",""1""],""protocol"":""groth16"",""curve"":""bn128""}"
"ESG_ZK_2024_801","2024","1","2024","038f8e4a6d58d0f0bb7c8ea3cef55958bf627b05490406f2553f9aa6708678bb","500000","1","20588835034825382845748730011608406301313843690347582910011466642999084796220","{""pi_a"":[""9862394706390782153301921270446759584731624128272051806446068386513639547627"",""13103015686692403985320234992073076915323997671781171775261911239320773164842"",""1""],""pi_b"":[[""6631896920273054325221334056601886143876912240375895217107993769339815845356"",""11412704273116319747271814737861968156177362124470811719388954542553845875337""],[""10393587335786729718160954228033214259981946505928610950987913349790832694736"",""18654727428939766792126963410815657074675374341386702758649198813488614000156""],[""1"",""0""]],""pi_c"":[""2720705045687103959387063063932696356925878751945603625322142336359834785519"",""3546497290175092545066707578079549324717407744679504242872652861501222888197"",""1""],""protocol"":""groth16"",""curve"":""bn128""}"
"ESG_ZK_2024_802","2024","1","2024","5ea3e0abb9ff7152d306ad619c0513a4b9f2c39fee7dcbe510dcb596df79b4c0","500000","1","13280279661253073069345938956891544012579419488811586177091488367082182633191","{""pi_a"":[""17282283645832508733797867272734153119362610325846072479205124752634599415590"",""10893174605412385696192855974814935803353083009611176745353078268757554093905"",""1""],""pi_b"":[[""10855164523582217077196053048686367055098543703292931934095490117623184305822"",""20727347442261671179770871308132901560550806017942161851839158948575696815371""],[""6352115681392170257970926497389029514787383247099851837917911990899981693927"",""14527431750308299960250810686084452898153517195447786628395482003284376758837""],[""1"",""0""]],""pi_c"":[""18587950500837571688759239073386554991533321909216356917225039162223371466383"",""7968743072822246523444202190967610099194779899897566499658779183726961762822"",""1""],""protocol"":""groth16"",""curve"":""bn128""}"
"ESG_ZK_2024_803","2024","1","2024","75180cc5ac89cf7b5aaf013fb76e82bc0c35eaa304593db440c9b3c22c34e2dd","500000","1","8030663648895819327707762740739447911228131943801728010032527049568339402361","{""pi_a"":[""2766912187831293744264778632496259158455982861726321637454360187734266797294"",""11260059747231824243812212791128947017874522689058477490266254366839031635963"",""1""],""pi_b"":[[""10306939556527524734863534390750671185300635011629334016825824363935361985812"",""9383995412312616015764213276261015338644153227870777308176624791163725947021""],[""8909521757033359360359967266134977459821841049053689779932916351899881171177"",""3226388403151677055079479993761924964641590388443075556129733847406229847284""],[""1"",""0""]],""pi_c"":[""857516241596775638936456750064957867119285606816679922337424286665304032972"",""21553545631691183845788977777605354057347340466218347465416069457081383593876"",""1""],""protocol"":""groth16"",""curve"":""bn128""}"
"ESG_ZK_2024_804","2024","1","2024","a74ef3178fc468be9dbf0e409249f24a4a4f60037c1386b29e91d07d5a217197","500000","1","13574751585883456345378201843012948549964501550648710097378379086731677558994","{""pi_a"":[""11491774584717758870252724657286595524875942470503274738905134918011240167468"",""20411155560434948405797990803682421908449586787748513345657367438991954394444"",""1""],""pi_b"":[[""7888276073887812627138194674307508306354819682070288553154464705712671333645"",""11860716346339587638514364211956393046197241854755444090366974207510707883228""],[""21620000557504561348978188388992189861888319476311360986548814150237812114697"",""12197300118582477101415914973549997934131352501784206429452818470354350701930""],[""1"",""0""]],""pi_c"":[""13235255837402932781466883676204758396145204984127076325942591798593107933316"",""16485151315631478057998901428927140598725898416006488655260135515099835713252"",""1""],""protocol"":""groth16"",""curve"":""bn128""}"
"ESG_ZK_2024_805","2024","1","2024","6e7b61050391f26117a7e45a0144d12ac5b3b31bb49eef3a8d7553f9c55aa85b","500000","1","10839389981752267986933549633800036062324920476459414055196540055656188021569","{""pi_a"":[""7113538214536110858789048666081082130621100167105369612200596292530226472801"",""18041300349985598717578574097316172256162472120096635669157028884238620571976"",""1""],""pi_b"":[[""11336775158033183738091868740080499668148462335848003131493805701945330754165"",""9530685347277544863453965954688859110989131572494341740191028260817339912581""],[""1442708851677224722312414663704992286973156081474880739780585588518445416487"",""16683084684889795433779919172076022138477168975051995538157103590117590198221""],[""1"",""0""]],""pi_c"":[""13879779610774650264511987811447791603542493819678099144661308490839729318833"",""18644199152290055790830808482641568567548381476054960920899753616957034886015"",""1""],""protocol"":""groth16"",""curve"":""bn128""}"
"ESG_ZK_2024_806","2024","1","2024","54c6b0a7c2e75ed0f8ad3135df1e87448dd76ce81f8b770cd3666703e51f8084","500000","1","6730240810043287160617428488958032935797896416183159268878232811991738480258","{""pi_a"":[""17721086876335851818827223926411541086949631882447101985007825052628024638269"",""13604487755073491979225479784926477046980235027246607816404867021243694070199"",""1""],""pi_b"":[[""2924849549275040416814409421819861419382646063388606697315875648783678331932"",""20275440210696820400261911652275895824723887828068547205934247199195312986336""],[""16362520624422902603663515038640936942523528080677446464390205273939331768269"",""15975754578043709755473133202063951569319224455463993091519000431537475116701""],[""1"",""0""]],""pi_c"":[""15053287312682124441182127835538461248723379582337551757483298708765200342356"",""12182535168022790068706404469077745140388749575904868001156790383513661963467"",""1""],""protocol"":""groth16"",""curve"":""bn128""}"
"ESG_ZK_2024_807","2024","1","2024","cd3271c177ab0ca1f55f7f75baea9a4ae66774cfffcccd3e59e513a96b651f53","500000","1","4658330211833136982620866585726250279968669315320458771512932097096772227077","{""pi_a"":[""1830497505195359168264064418806405775156052484032839641832771452627113742409"",""15419764286260505617258513175953916528554324788876915892899118812076780489655"",""1""],""pi_b"":[[""20051453230925873689862768323189636484605692255132453306747073556033922667700"",""365523330978100964645709402785711843116096304319757555165798686232682651572""],[""20879211694812949796165697351552252382999394571321646094105937219915617285582"",""2790491722065846666461152782206197011389249229063561004450115297992083136189""],[""1"",""0""]],""pi_c"":[""16404617436867909999925796874754832730189302450809376250155745383347269025530"",""3222469743222360097291534009749344767202299710364991375643658797511335317605"",""1""],""protocol"":""groth16"",""curve"":""bn128""}"
"ESG_ZK_2024_808","2024","1","2024","ce39b94de699c0910f89dd84899c49c69f4361a3dc91c7ab546fc47e750b04f1","500000","1","7631595599554972949785978683585986275485681241536228887265287646702816983198","{""pi_a"":[""18216858643790140021838754551203389890389315501159568408066445040588296454991"",""13789888588499116868299948586404236618162235377940223871837463356288054938112"",""1""],""pi_b"":[[""11587242984073309608369349755057460009287458306874497628093457842766604236274"",""2744303115627131539478641197249605426310961634109126161922825174321698724488""],[""12504383858152673564184957510989980937624200862890145577594148219024421794585"",""11892393454775078722508197602026891077833920030064366438750783839405939570259""],[""1"",""0""]],""pi_c"":[""18544166519960252234329509621250331225141693926197575673572287392816124191479"",""15664753803119320236903458744320499045588561105568408258132644715894529438005"",""1""],""protocol"":""groth16"",""curve"":""bn128""}"
"ESG_ZK_2024_809","2024","1","2024","5f031f614c1f87729241d6bf7e6dada095438682798e29fb7b7c1b8bd933909a","500000","1","16369690033507687998248381901792558545172797457002570279439936868860381623488","{""pi_a"":[""15041193701031377691666757172095425845369856549830906717431097243770737233301"",""657180334881994612077380957866136414523422959628210519641559302781607243744"",""1""],""pi_b"":[[""19456390856978328002468865081953437659658790938873309499087360699628556482689"",""19153265721065303173680837108066610733796290128589844089864239704290268365739""],[""2451754385993063746715524605805654375037595862677480740165921437099370124915"",""9260011586921260420628416713425817522892376218841426674677981252419758862105""],[""1"",""0""]],""pi_c"":[""5397867588849811935450221222119680286161600830811119459476117799698705661032"",""19982457392621205976458972752035163190319000296162665329488585843539403723834"",""1""],""protocol"":""groth16"",""curve"":""bn128""}"
"ESG_ZK_2024_810","2024","1","2024","fa103bae88156d1423427d81ae7625c083800aa7468db56aef8035bb7719eb14","500000","1","8327660994581508122125209231962122772208885472495900797899089138492649209854","{""pi_a"":[""6997592357557270036172153694931982095206392333689094955622133015850712498224"",""9238205502077555401947141782668949943371364534630628289047394004750644958363"",""1""],""pi_b"":[[""1563046317559698114745589849711582572850676444783413069354616100862182880343"",""13970448569604734294354059463007797829680099387381459188116100906077280711498""],[""11265242423695767772408556407746204607764171120129141954499681371825689943739"",""15060946981862733231025055889840771367432011247745634421080702559559875204737""],[""1"",""0""]],""pi_c"":[""14517096201764729308178642836766440783108478225328546695215612239589470530153"",""15066942116535114067504236159113016007638233345523947370968889719342013601145"",""1""],""protocol"":""groth16"",""curve"":""bn128""}"
"ESG_ZK_2024_811","2024","1","2024","f5d09c17f3ef1abc2b72c646ef531611284af35f1d980f5eda78d2449e60c94d","500000","1","19599552727512906069499531677946816878668669128195828218757059285169650984533","{""pi_a"":[""17211313728132930995354347573366647970248081512628107286505861840690032931029"",""10531655669148214587990385534445111290592767675842007552512136225286532050202"",""1""],""pi_b"":[[""3574200091248873239952257606421257087579187367186135871664089272368125945685"",""8931984886457028959728257627725971290579369190765276604036226219828260047651""],[""8593766575011718837406454299168763988169005362552057367708271879317403645124"",""15855949082497620964592006768230635130378853168668713799480393670556209000960""],[""1"",""0""]],""pi_c"":[""20613149425674642713727062388515903685940783446492104402987274286858661872177"",""15697894808925159961118132190655676256299455040732625435114986436672329265476"",""1""],""protocol"":""groth16"",""curve"":""bn128""}"
"ESG_ZK_2024_813","2024","1","2024","89a6bbc744873392d1dbbfa2a25349707e860211872affa8312243df9ba4cfa1","500000","1","16402557813631052484776486487743140232947688738995731781839731584444770897909","{""pi_a"":[""5453660810132309832847962018497552278178893095494212485943066187467096092313"",""20741093266005896993203837182412556001299165914707769986966679019272652396937"",""1""],""pi_b"":[[""3692610278865132043430689949830043207640875849172748694174166359789368840834"",""1003792209862133017460496516525973910732747935998474755355924167960566259038""],[""15234162052725267717209995590043883615349154770757517190303160274101614206632"",""14731369506210130056679414692963442194704120909362171466047366120148202951801""],[""1"",""0""]],""pi_c"":[""2831108580636072133963761374771534600196076042326814666526613484225282630438"",""1145921011195476051320030433617790255826921526930930471465128504745043395238"",""1""],""protocol"":""groth16"",""curve"":""bn128""}"
"ESG_ZK_2024_815","2024","1","2024","a35b9b852a488d061f8846b5d968fb2bf52abb297f68c4883bc014bd75868aeb","500000","1","2107204952416863912516047483799105348819701857613536231862038126189516362427","{""pi_a"":[""12386468057814932464481011707781449978066360973038719879105255184745550202899"",""3404264739904495505638259112439108109333642655290831687533412218692755209241"",""1""],""pi_b"":[[""16106016124315837704921475658942943690156501085988508694347724744161824728122"",""10867724291122172962884509381111361392157531848028129177225249044515780880409""],[""20672955613149877862922671822310260058344387641005817386734136060574628055526"",""13896385723027955254180367637170864271832948699644760280666661816414216816227""],[""1"",""0""]],""pi_c"":[""9375382917037494658106700003229160744583572683897599442046694540066520861598"",""11092199022904113169796238100021376897239575256320893698653205092395325153152"",""1""],""protocol"":""groth16"",""curve"":""bn128""}"
"ESG_ZK_2024_816","2024","1","2024","477a2ccbfd63238b4bf6fd0a89e4a108416647e79ef649ac4fffad4c83635c85","500000","1","21258052774389443353380569720847050434276300997741068356279570663529030321465","{""pi_a"":[""3942832233160587695656038990429658050146904332143072186026179066981523717064"",""21568033091866362024282445636539782435276611522283112764457174416225244515044"",""1""],""pi_b"":[[""804942529005881260079954928414913757622743599366779364692727535193615130170"",""14785353498478457119801058212094665453442043170715586163469232537459210461389""],[""12750157973346543744584439364704964457953719081123055851040574866383486884279"",""6090533536286678226047992277222050410103432633605114983506255770294080107582""],[""1"",""0""]],""pi_c"":[""5009908303131342344494206171767488017452551364032188378104322974751370676258"",""17951311470918282975133818365763164644466653463929648133762088541046491451512"",""1""],""protocol"":""groth16"",""curve"":""bn128""}"
"ESG_ZK_2024_817","2024","1","2024","68f6e25afe614f5da751e62748fd7472e631bcf481165db275c0839b615116c8","500000","1","17500220049937142233636703249165461365209968816946648622559423999862317739714","{""pi_a"":[""3760107610701390871552923341565041343217316722083309843517823328159753656630"",""7481045005406524042951963312236361134274820514129844520482351012404031769717"",""1""],""pi_b"":[[""17213082888969732022520190352215314770052440951345591465261479923154734309439"",""19904484943957859362303544238436825546210229288281473313620748816890434366261""],[""7231327233552753936098969138421442496105745634344860452894489090674292161817"",""20347880874837168381076149885935715459093687380486392752002397818691274996600""],[""1"",""0""]],""pi_c"":[""17573953454161885626586048789086628494160888562877375428876554911981613731558"",""2539985570943323169241099962696308496491254973347321282792186004087436043501"",""1""],""protocol"":""groth16"",""curve"":""bn128""}"
"ESG_ZK_2024_818","2024","1","2024","68f6e25afe614f5da751e62748fd7472e631bcf481165db275c0839b615116c8","500000","1","7185045275429874601935549132609416332626360352109904328126795026369893795693","{""pi_a"":[""15617695913742392224655679336798261357783020862588600125815116473226275374476"",""16322321465997436347856505236905505211989793966416253379911390213824604067253"",""1""],""pi_b"":[[""14578503971486801655541389880078286164880748752086493161603349110531890662712"",""2756144067333388946106068276568807755623511998508670046164001723611835259362""],[""15139019661648351173967587082762201982914706624147686993942616618461632492804"",""13173107059994721393919315593253828109853373965072960080886683543451077318853""],[""1"",""0""]],""pi_c"":[""17213201091440080391453730733512404669680466451114828585190492171415678861008"",""8974216343588953015559965964032331256948194399880489342318478869986180080876"",""1""],""protocol"":""groth16"",""curve"":""bn128""}"
"ESG_ZK_2024_819","2024","1","2024","df3abbd64a50db5f6fd82fb2fa7f99a4e9e95f20276b2de58d777b8fcd967acd","500000","1","11887944447262369826160812007977480370697644855767189885460991231136495333000","{""pi_a"":[""21326337045465626244062645633009946773120970687504019537126908791244869791663"",""17736324437450271189781940238629127468254170310636039312047907783345621193337"",""1""],""pi_b"":[[""20090942580395099991270539394503513908313328496784706183095143459564338189089"",""11663702245754284982195632963024535903128209622279609115128035686349117103070""],[""9590881998793463462502819671937829601314074004045801528114929534078145691570"",""8283781971433911595739929090314724442361729419517731978278519425762867247043""],[""1"",""0""]],""pi_c"":[""13160897365789754578090704602561634239526385879981916310853485847053357732059"",""2498060994434091458463885520435076893101231308108597853281679701965103228085"",""1""],""protocol"":""groth16"",""curve"":""bn128""}"
"ESG_ZK_2024_820","2024","1","2024","0b684ab75d8aab37495c579fbd2891f359441ca6d3aa1b1006853e069cfe1f06","500000","1","12650485038628950150294930416931664105677599914867448098302404761654814193581","{""pi_a"":[""623665019356241983831404855036860997910146579927310241769144377098761946140"",""11199754949632734485872551850208620421395435518830508247446697336747418358614"",""1""],""pi_b"":[[""9217103415785513446355579956095525157458973460051908730682442304232577195101"",""9756984894729080285221728631665104051579973539615185567178271256142992249790""],[""9617644854002395737996362853286876429240180971294281244640216810388408728307"",""21427626372243389834326811001578487818640487322634748198412875701352119529822""],[""1"",""0""]],""pi_c"":[""19123834190083302274280169831551927592702138429585305133507620340204512326810"",""20297503844812247179907343598489538892331117737029292732491065739878545843819"",""1""],""protocol"":""groth16"",""curve"":""bn128""}"
"ESG_ZK_2024_821","2024","1","2024","0a3b02455109fcb560cce1e30c3edc05cfe446104ddcd59e4dcb3353c46058d6","500000","1","15909966520141338665367787925179309242207235277245297986870229671604073852205","{""pi_a"":[""8091198901925033143931902390720329930295818090152436634376853254313740434940"",""17842773717900140962502197860212883856207777191209175838487438371987109793789"",""1""],""pi_b"":[[""11330166228273289789273074973281476960333630637908770868560937740166298767368"",""5576321614478029970121091067025206344458828332191609295052874893740070028641""],[""6512017833563982589212158327941286028547302197470163014446585279275325290129"",""357876106238260263622812692819871142552956286967349801251509297085980374118""],[""1"",""0""]],""pi_c"":[""10969920647714185773615161446639266443706088230037304677652151882717552338897"",""11629914790265915289358801518824233999285591783235733915628901844200144107192"",""1""],""protocol"":""groth16"",""curve"":""bn128""}"
"ESG_ZK_2024_822","2024","1","2024","5a4121baac96ab7821d7aedfbb47c1bcdf5589ac5df2670b54567d9ed0a80f2c","500000","1","21797644516215371427278974683018151111679201336751066315020889683465882637818","{""pi_a"":[""16091659889225003713424438518796976743251253988526260838307682698540339140071"",""14830203199098843387685834201395987197200830804878129961949098166807250869242"",""1""],""pi_b"":[[""2776893797895361230767372309787376224115389922629399445713709055739163541330"",""12256836240522706777477371951649066405076391188482631824968465624230182778762""],[""8547842642197662250965130511589477818866410341693550645679725720869402954749"",""21682602424219045210865334601939725156715790028966067236617668810338465752590""],[""1"",""0""]],""pi_c"":[""20331575386110649025183530410203829211066943901929963547128933077503868995373"",""19253912297865618547632303138520116310356610557383139580410212179114390928009"",""1""],""protocol"":""groth16"",""curve"":""bn128""}"
"ESG_ZK_2024_823","2024","1","2024","9da65e6dcbb94a47b8ee61c64e8504284a705e87a2c254a8c6d152f81d71ed46","500000","1","20114969385916905469343491696768474553961528034413552518160195367539662611340","{""pi_a"":[""17766313660378535350891006337393285719732986204316409357171385748042567358045"",""1932665461175864718278680428083757377283422146986059364304144172534344015357"",""1""],""pi_b"":[[""8098133226631165483101288056699352320572945004896102497717474238369121676020"",""21883077907432803131840367742719528529269533758339566016099551459213751694207""],[""19689634585753318267916531396602469748450988129283683245201157208674038804848"",""12952465229183097295694255670125265463175293270693787886088888462269518858253""],[""1"",""0""]],""pi_c"":[""5753043651695681633166172284520050842350904964287882369866139955234623820376"",""10352567364783634849412461104522456135573928686645533803435402521191414329719"",""1""],""protocol"":""groth16"",""curve"":""bn128""}"
"ESG_ZK_2024_824","2024","1","2024","b44e4d680a590e81c96be33fd137edf9c2b82f4ca63d024c08e5ec2923b3edd5","500000","1","10357728515186551602717487235645681376896042618109984340208885478811223537953","{""pi_a"":[""20166785253192745653670366739577297918130435825343772116343327123523497005012"",""13306054971690587808637904767613007185160590149807013992236272633798667886566"",""1""],""pi_b"":[[""15662069002473676337148031791907510047289385203150330990955767265931291191914"",""4218570833464255527244047768056131280672923480122235953141680315292090059553""],[""3814624299371905858918163408651775457567433121159794008194567154435733521719"",""5582285878668550271715807277193546721824279530863498695722698297281656948541""],[""1"",""0""]],""pi_c"":[""10898643564147090401052936583245418102409541752080336267271547603110340477295"",""12258694883773124808778850279961231353546455117885573291277768857988026849463"",""1""],""protocol"":""groth16"",""curve"":""bn128""}"
"ESG_ZK_2024_825","2024","1","2024","bd332a6429c2dd86172a88198483834ee4b61836c6d76fe61bfd3a1094c91166","500000","1","3500109744610239627992492135577339195778135693995101266327367871579175956986","{""pi_a"":[""15111286145238869596823194616593132092608416691695654342704535002459949155008"",""175852198119509134515655245628543781374972513561222178864729420702583981542"",""1""],""pi_b"":[[""9453004293515022541276912320190719963730552151236699661969022939261624965849"",""3929323288234108636990534485338485742632248912134377121858002343506049628313""],[""18083592526243725121972855835640868487440752356387563306286485830580033013586"",""6533093459818025817222448842475985744874892114765808682752070926793595080065""],[""1"",""0""]],""pi_c"":[""7134791134546572532712616467061519634531523619756534810120737658153856201651"",""649547018344106091043482544133235995982804828165669358965326615574656247486"",""1""],""protocol"":""groth16"",""curve"":""bn128""}"
"ESG_ZK_2024_826","2024","1","2024","deac60daffb337ff073de26424d9e27fa95855811aee7f82a4f49991c2f798b3","500000","1","6210738801794320899257139794326169981477446856871845058753336630021500684188","{""pi_a"":[""11317390048476193167079049916984601055618960188235493295742573554899982583742"",""16477003168621332068509107190668134163637690544892107596004472668044071707264"",""1""],""pi_b"":[[""9550865492991506225690570956649511568439251554874970122071155748967400171168"",""16166836635460768961269618789759937256699452242471542870978886780783207468041""],[""7924847045901535868883608250085878640058268815351645409233436290596938750773"",""6633605855018327113120078207883084455742913989821581588066759109257736111851""],[""1"",""0""]],""pi_c"":[""17078511196994086202849306533630383695708600723258145766697539738016441096397"",""12219080616394903036166250908827562408488267540833021450503465047909766663255"",""1""],""protocol"":""groth16"",""curve"":""bn128""}"
"ESG_ZK_2024_827","2024","1","2024","b99d5c35a942f34cdb40097db16a98537d72b447ffa580753493c1be7c7f0bd1","500000","1","1204336232045599067322912617685654683987528475427528692395841855398265709114","{""pi_a"":[""11255079357684336684680272960602193244996561776405564108229129437366177613809"",""7889192727474750862655407239997305267092570467483439503132831902579781026906"",""1""],""pi_b"":[[""13052697778970389404534594957829976041050064629883110219552491616150825574770"",""5206304960618097847993033620562587917490619020084883761449424485561986729431""],[""2413172918531407531939227374063309038730088353440542671294899467189628936258"",""4595739586802415941122083863422329822251868963898729952353193502800236025605""],[""1"",""0""]],""pi_c"":[""11568459319700319368647824179697285183450291916017896485771219141324111814218"",""13917576330539373202375536935541506978087279409578291538778968725603138873084"",""1""],""protocol"":""groth16"",""curve"":""bn128""}"
"ESG_ZK_2024_828","2024","1","2024","cd3271c177ab0ca1f55f7f75baea9a4ae66774cfffcccd3e59e513a96b651f53","500000","1","12635977600461147010679799415689131052363147182688356596950644907997549294060","{""pi_a"":[""11980044092974933676940914930257825997750323776461095136246111840458172850749"",""19279467969738222871609849105794326403416753053852045615136794700058382868562"",""1""],""pi_b"":[[""19019933558365631466801752880432893588320065126923718013727595422399508867951"",""3109681031724408614570258668721154896240084475627551693481473292647161360398""],[""19461029531825770637372362999884662980731172360702322774924183360616919341743"",""13882545796525600262181398287734391072673714652972655794418794964898171243245""],[""1"",""0""]],""pi_c"":[""8241250723309570072728386899395908439572336945584184220914287409934895180891"",""12207603825966551176539151248510995099862057950313364939873819113024032021414"",""1""],""protocol"":""groth16"",""curve"":""bn128""}"
"ESG_ZK_2024_829","2024","1","2024","6e7b61050391f26117a7e45a0144d12ac5b3b31bb49eef3a8d7553f9c55aa85b","500000","1","21099770860969852579740279579337339551527584841622169414231043458938974995521","{""pi_a"":[""18822485912125972263516987076679441142550316232975767543691206243962998039995"",""17364646580891219474457303479952585178387093952059013078342917749810773320105"",""1""],""pi_b"":[[""6410780407743956543478458549006985380093589767277509349847562312293291093537"",""19227173684963066506985621159243711064739246114084969370965512475295325795461""],[""20097386880891390607584525448291930300558923875057801611481158288110734283393"",""1342525088694150577143373908234001043084993121482708173453840566083796183026""],[""1"",""0""]],""pi_c"":[""1456251170169940999972347246207703412841509693824616766487951365994883066330"",""20045020358167551555078692242888959095333731392089959036943098817358928968816"",""1""],""protocol"":""groth16"",""curve"":""bn128""}"
"ESG_ZK_2024_830","2024","1","2024","bdb5663edc5a46acddf688aca81d9c7bef7cda1ba5aa34e0b7d7da930e893328","500000","1","2019088136392465199190205444093796044277414644556863027916583018230103486669","{""pi_a"":[""6183061398508178235279900712291585078026740832290584927396594503071647587140"",""213445747704972288213980867001110160129785799181867159425205602593203493332"",""1""],""pi_b"":[[""19694360612449441774946373481208607660077469353483045350758347165239182358514"",""18872653767278098782531651192430873305075969550915873914457485164797812290000""],[""20866118520731920890102165887166116863888402659264902051722209066462751567217"",""17020536719349250002550303365429350308325981665745161400811191625501048113774""],[""1"",""0""]],""pi_c"":[""8627749667841791964701702033832340264033496446584004914382819000833806983887"",""3906768432842535429366458673698360224283739875227118306888208641281007069916"",""1""],""protocol"":""groth16"",""curve"":""bn128""}"
"ESG_ZK_2024_831","2024","1","2024","826f9ef6d0558c971c9210f16eb7eb242497bc03c794f327687927f6d10e5176","500000","1","7387384499910973339627687553101539729775696942946855410322878946935254100186","{""pi_a"":[""4599111904910431769511220635488135142324872219547880591772396039187134397532"",""10739973125239878873570577747147390024587123230298598920327222595572390570777"",""1""],""pi_b"":[[""2027210787722959568788485145291725916286783848191071743097659873779118945748"",""4119253711398080988825777329029589825402983716256339505067607610234827265293""],[""19921214852011234691081395987333185474885241918322794195628477219409006819099"",""16756456973477777083681955511692011929008175217099769939224748984578086330276""],[""1"",""0""]],""pi_c"":[""12388284404852798541053224901905180245730397626893765128018634696154189495125"",""1559009954040999373434598755510280474730981717034841725544694976156567976518"",""1""],""protocol"":""groth16"",""curve"":""bn128""}"
"ESG_ZK_2024_832","2024","1","2024","bef2e9ac30ebb0fac16aa965ce89b9a8d4bc6d0b353a7288e99b92ec2dfe8d71","500000","1","10549605900050076550195123599463829672555767273204827551395085716844385970918","{""pi_a"":[""7514373808882018805057939332605167510736313771273969038889074315960874444538"",""13326656563504947121344349977639071010007044756795846285506490763860152582484"",""1""],""pi_b"":[[""5098605764897727186706244666787196023665188920242159621855865003915316018845"",""12457230421533874680373690619131109317247540672292021265772486038813892826382""],[""2055368988975332659462708504606997148868808105762801545733147560669446530470"",""6776562205005044756132550098725167186647078350023179126266942476176851404028""],[""1"",""0""]],""pi_c"":[""2602739780543493264436347821854925455700961469984954600724761005223693512767"",""20038365507308526534329012800293384752514064956668964730544050696037994467962"",""1""],""protocol"":""groth16"",""curve"":""bn128""}"
"ESG_ZK_2024_833","2024","1","2024","daf6ea9bf9539e5f53242d5716c768f30334e1d06a55d8d322bb34697875fbe9","500000","1","7729161618631967771664413348358973004069434115089946019137773260763379706713","{""pi_a"":[""15346675233701719459782133276348320061416462913984788580194884526539510741862"",""19609837055344464530422333610420545076823970256701349041268882000681657574135"",""1""],""pi_b"":[[""10716730999057871820097313107959839102021471855468706977269938053982257691307"",""12902942172137574314449107438933834363385128670805168759075339387979474283082""],[""2535322781529164848384574701313243866518528328558295485436164970162145828161"",""2232416554298449937665258846893335299849236608633521010336858620416958000822""],[""1"",""0""]],""pi_c"":[""15054854834117510967910353813770845822685682781451518876060585478232180097419"",""20625899490983121086755373505153134756895330351330514055030011017778191510364"",""1""],""protocol"":""groth16"",""curve"":""bn128""}"
"ESG_ZK_2024_835","2024","1","2024","fe2ebd83ca0aa8e4be84b386da1d781f002ed5b36fe32317859187f5fb4f3ce7","500000","1","4201147196550728524607856728370383904937661705089424938393088690311582223312","{""pi_a"":[""17442110359214247759969052396304345014908200588462913786625642128205509639621"",""9768789571921511867457644553166494927944716460593986401497205585712229058184"",""1""],""pi_b"":[[""3262141525022712945834560301729339172354889722150132798673641519678891035764"",""12761426315361045242681481937623874541355626391782139294617390075133638946336""],[""5531489785074032639356252534742708469759995439310077172782106338100545294572"",""630334004888030382650234266958658364486378817992605782645172415611498518936""],[""1"",""0""]],""pi_c"":[""4559698279304950214548798632641364418166251998187654364089091787771784632307"",""11321813143777676456210728868378679718185539386561609213337707002665788577335"",""1""],""protocol"":""groth16"",""curve"":""bn128""}"
"ESG_ZK_2024_836","2024","1","2024","cd3271c177ab0ca1f55f7f75baea9a4ae66774cfffcccd3e59e513a96b651f53","500000","1","3005969174533957346053171908004755559034242729473495210272466023592590995724","{""pi_a"":[""18170409900931080276039622002552691286771545836475482545144536447467832045617"",""8509943252025930119891012787428759056194735456056874283831691773358070116036"",""1""],""pi_b"":[[""6819624871624036198075449946453232490438119789479362628039330675891427410474"",""20050603107351093002628664694664804570312732468273703639887052742566807170963""],[""14418743469944438093684974390057016512278561386914690714838061261190865270941"",""10784553493356377158278774408245292641545653866670625745599014259468732265213""],[""1"",""0""]],""pi_c"":[""9634056565240976543553751887880686133573018521125522293322884270593598494001"",""14005394688349669235433288168654252453675558253702629483439321823762394156624"",""1""],""protocol"":""groth16"",""curve"":""bn128""}"
"ESG_ZK_2024_837","2024","1","2024","d501eec6f17fa79488512f04415faf7cd91527f1390a4f6bf958f1712c4acc7a","500000","1","1300191395736169624644411422792658907852353465551595880598795918247542226673","{""pi_a"":[""1410147992385584655647751250562955580616706496305025573103593045477957124010"",""5055396587611922076430723734745782819678223169960400966062495085802564647355"",""1""],""pi_b"":[[""16435449771982515796996493994627406706497966191476425926505786451492226638771"",""9985121976277122405043233218305696680652962684502192685917728644207209050833""],[""105008634813975301765454097251615500308165855884728508403306791006761290109"",""13781574290214815496872109481952763330776354895057108902019400177281596351999""],[""1"",""0""]],""pi_c"":[""16978336882077759533837294010622281495417577704555817030928493644145262091365"",""1743121544895523744936946095218925094090407766090249808725036695541975097388"",""1""],""protocol"":""groth16"",""curve"":""bn128""}"
"ESG_ZK_2024_838","2024","1","2024","7e1433fcf48c73742e272126d8f4a157690dabbeb99863caef28608861cd31da","500000","1","21374875044586826541194685764731166323418413779241704880451111140808617749917","{""pi_a"":[""18669427755475553563481415928975812696993336504208283194567615158270603195775"",""370572310455333398279904319819443465845793745654056929583022603302005805338"",""1""],""pi_b"":[[""19346809052575226809811732722686717813945510312736751943160985926665204210448"",""11327524172499794743406643340595239171226360448053936726979967482960678240823""],[""8695244051653238302041636942953339841900423826642880651170398578248874134014"",""7899860416335308238539124396241272576150497381336497790642488004937414625282""],[""1"",""0""]],""pi_c"":[""5255122871131993806490114333376933720207495475635015018528069012030693390742"",""17804484468814777373245224271484421040891019914069487566481047456617415236677"",""1""],""protocol"":""groth16"",""curve"":""bn128""}"
"ESG_ZK_2024_839","2024","1","2024","89a6bbc744873392d1dbbfa2a25349707e860211872affa8312243df9ba4cfa1","500000","1","1931853609453166580834083832012391528416918186221375839817116958639841825194","{""pi_a"":[""3299271449497858511077619787859364086380837494199421417781209332941765911183"",""14272590836792581657993038063844555152825687215868665574144617437183943725380"",""1""],""pi_b"":[[""20154451677435713978843229598997079422607175241307665060052903403579584070147"",""7680587960958605653580740859928516668080702360262703901941207128461595409369""],[""15779621398703362131302883920663324477726254858912078679460141358705437509408"",""2486918218792437655838700684837190570313057491104044473989734168441089438913""],[""1"",""0""]],""pi_c"":[""3517757287190125028468698226317259532106021324647925758690313890156708104712"",""19575871916606902778718500951871691232153248043822195109151500298821231766996"",""1""],""protocol"":""groth16"",""curve"":""bn128""}"
"ESG_ZK_2024_841","2024","1","2024","394451a85fe7af221192b374ce062cce3171dac71cf2c8e825faca49377fc4f1","500000","1","7206632224094814518015645733946586432073889406932453355063861830796610205219","{""pi_a"":[""14507498570807057318211470700475407953622255438414921461452626239898954117937"",""17198401736086961251534928609421941157670305101213025654095362232018371131765"",""1""],""pi_b"":[[""6532130574832578274754303746682800566758512510583188248038522281470043323353"",""11434941113605535867655510587398072761066105996364959724880839131280005778912""],[""17195585896660263248294269653391818403509347038371197417676597845885926055583"",""17095642729914570975038739888913814640969950264588257636305987915854184854977""],[""1"",""0""]],""pi_c"":[""16645794896852324882255874237623674235936758985269924150180430880240699221629"",""19526843840791250065819795775586984884053154484506582804621658854915244245421"",""1""],""protocol"":""groth16"",""curve"":""bn128""}"
"ESG_ZK_2024_842","2024","1","2024","591b874c2181f8ae58b3bb9a7120aa47246526ffd9b77a350cba09430f22d2df","500000","1","21497319160707789315152671195865677900683076694360119048253095329963610514722","{""pi_a"":[""3208400248471021414517321232090855379588293482115158244530996289125487930581"",""9897505580155936421497128836511378887922935613530816982277336208415165906805"",""1""],""pi_b"":[[""599981586401642227122512710372771926363319803526646604684911489644494009559"",""19610334668743307766567870258708538419307160811388046981827263783113667246461""],[""20385176888564169841276933349004041460769367125608977399962433502751559110834"",""2615939552383192085575134685527883566402223021946703380846705562791482995878""],[""1"",""0""]],""pi_c"":[""14035592801033035582201451601936711221831175449675049410802816544333185746205"",""17323892797032518322108075105376000963937094825964530529166661480463315046654"",""1""],""protocol"":""groth16"",""curve"":""bn128""}"
"ESG_ZK_2024_843","2024","1","2024","d93b01e5e344de6e40a50034ca44b63b1ccb10d883af1c1b7dc586764ce3cd96","500000","1","2876299120846184026932785734199384391831887179702643637983562682148493356223","{""pi_a"":[""184398091030675146275473049446937094469871122416671337546735957619799506303"",""487473836071893742647293358160356919793632181045034610825959616950311105297"",""1""],""pi_b"":[[""14985553816753677125272603257985131221732116197133240610178609363521056668147"",""6467156100683537145860521471183288707640359506749213161370111979163598053336""],[""11854048011159711800717064038447926267563017660119259925516911415229257450513"",""20391735589050591294507527617785591876641258290104234732246227813285438597575""],[""1"",""0""]],""pi_c"":[""2035102341125094060018106628830779788429587083261186341169029529325807726684"",""12606116844116952984356369814317491694956730826595032050057215660483286075320"",""1""],""protocol"":""groth16"",""curve"":""bn128""}"
"ESG_ZK_2024_844","2024","1","2024","2912514fe3d0463fdf723c9958afad761957ce96bad2f6ec60e03cded64c2c3a","500000","1","19558615790831269825349845739135467399213187898755853750781971664061469243639","{""pi_a"":[""4170614136129347928788827639374858360546620019835738873722607568827691009671"",""474176334824271742107577249212990499078323056723449286008929760731812104025"",""1""],""pi_b"":[[""10550183009358313790463439274402970693831120058809250253957488040088615557475"",""10717126176236121650056703410716205592988161477940087122406680310240826517550""],[""1726386709367478419121471789027146966547794938651017641813655650954565006362"",""6725576879241556252470595023846884638997796286464648754747493474762561120409""],[""1"",""0""]],""pi_c"":[""17789742394096582166595145545787300764199259175506720403546475965870206168550"",""10053639189215392836723248896989959075395326024422583962206548062933913625070"",""1""],""protocol"":""groth16"",""curve"":""bn128""}"
"ESG_ZK_2024_845","2024","1","2024","01e8f7c2f2f6cc16496b742078c0db0807b28736bca6d9408fefecb27cfe2b25","500000","1","4564030737094891118657110368483190863669656906936450128231896093399753865408","{""pi_a"":[""1523937863434028957531447835965967688442033107108488001131549395688466969036"",""17065356993396975739659847345935435916087032997343502965992648807847983757719"",""1""],""pi_b"":[[""6163427466308630249973749122680757717562587651163825821211169953012366244831"",""6253454159398572975189103915100877893740075566929963799898917072186119480064""],[""5333045494837191324760672110005041012478709690631071538049999069977953065385"",""15481297485447518655847905932290044202332547566937445133950625912111943666494""],[""1"",""0""]],""pi_c"":[""9644292390149906450620929137686216646282984754579017580944768889697280923684"",""183497364658754196501825849440184688302490622381956537097931814201394230922"",""1""],""protocol"":""groth16"",""curve"":""bn128""}"
"ESG_ZK_2024_846","2024","1","2024","96671cdcd75a4558fda1f9561a25069fd623c5f720684c5a86027d61393e3536","500000","1","17449498446766093151971190174856018645457681172766991173439712187831738137730","{""pi_a"":[""2547810144426490305596736613819180023245572340025798876439551727192756362369"",""16762521506076290816171859445341561693118053596500341924306161834219894632167"",""1""],""pi_b"":[[""5304563465758608276615440886305995860268802139144022561146714103714895947256"",""19843323097215243313833569846467215436585205356985873870215413015319591088591""],[""5172057979600100051885256900275653768378522369847438538880128846695585195432"",""2700701649582525049269361438761511763045672092565768859325819754840940286394""],[""1"",""0""]],""pi_c"":[""15368318325428168900407135411319508536528223107307647708753347813526076719258"",""7783935399410863640291440626623016504043274663205078477158772641876964941782"",""1""],""protocol"":""groth16"",""curve"":""bn128""}"
"ESG_ZK_2024_847","2024","1","2024","a74ef3178fc468be9dbf0e409249f24a4a4f60037c1386b29e91d07d5a217197","500000","1","4145184430070303042711847975502853251055920667525687639821892765573302870595","{""pi_a"":[""16815762172693226025332263320652552529529916973524397111591949288936791416777"",""6721394091420878485781683951512160620830680103237207402735029854338171354041"",""1""],""pi_b"":[[""6374243558747358837362632134564199156661392168060669855652637180752710118500"",""13525571865815496587270382379651876097169667891009072424055435715220120307321""],[""19422550146148064572513578616979108340313497076128142943402411507662885362684"",""14247287307443098807108060141204244671055802298282425073657038652304443891496""],[""1"",""0""]],""pi_c"":[""14751931640791871998296514662924847585025078792212421139440852094012371874003"",""4686918215124362837760938909100391727343632565273572356855590943231113836568"",""1""],""protocol"":""groth16"",""curve"":""bn128""}"
"ESG_ZK_2024_848","2024","1","2024","0a3b02455109fcb560cce1e30c3edc05cfe446104ddcd59e4dcb3353c46058d6","500000","1","20261893867593802986811626080645409960537633201347337465079943433624237065941","{""pi_a"":[""8724011742124196431068929180223973453503483191744374741834699472380297534464"",""2657353443223514296895322479471713530475821283320922614091266339174513261436"",""1""],""pi_b"":[[""13750951573438511509729264362296252015995580851945056088199609816394306810329"",""12949577356799025322073690665391836810489624157241656209161925256946096542571""],[""1123349334588865340071059801222503076130804447210049418961135052087108680768"",""10062904835321052193526797078404661440165259259140209141230057936897039130624""],[""1"",""0""]],""pi_c"":[""13788655482474342743788474460369298478159938398775470437505688340677766085789"",""19204410156563147180451382115849031627950887931846136861117987587412695777657"",""1""],""protocol"":""groth16"",""curve"":""bn128""}"
"ESG_ZK_2024_849","2024","1","2024","038f8e4a6d58d0f0bb7c8ea3cef55958bf627b05490406f2553f9aa6708678bb","500000","1","18958007456990455004266265678101175157351863684211614925270730703597750182863","{""pi_a"":[""7574819288072956490281310471684933164079601030162414795767538472926558910541"",""121249162385319876670145322021801022604182470013571552685822381964987754817"",""1""],""pi_b"":[[""21366403484145493741598193573534958355918113847592394090733360278494268657525"",""3518802516677667219239447458043098410772271226779234437075759349070288359790""],[""3357104693091047104055593920126871952187342950235936108447920197074865808232"",""911865978412914601259689413249502062108677913361902100761829888125302182363""],[""1"",""0""]],""pi_c"":[""15438328087383150486668419819563643010577264079570505744962365338695081582781"",""5244154712406851183656037744098749026061897968390351840938926245936229697209"",""1""],""protocol"":""groth16"",""curve"":""bn128""}"
"ESG_ZK_2024_850","2024","1","2024","8a0a71f9c591bfd43820522412aaf7eba434969b1ce8f80e34ad948f6a769ed8","500000","1","19309024907097337098632768682624041472495964688644687489632128112683257953833","{""pi_a"":[""11449298395432350771107179402113099005563360059569082951391319320891197195450"",""2071850456019743764034838675338115049483613314262023226370091686643371107726"",""1""],""pi_b"":[[""7202587226102516734895202766650044606521470741582672101818507580068513247257"",""21811391474495906349472299688924752445379332138669844031305966527763955969213""],[""6776177965647962377702362181861519793615423113801427843517622316653788090685"",""14847383074991573315984884276806688017070523508935672480972033769299677339358""],[""1"",""0""]],""pi_c"":[""608186390856845484024932529271576574416485380333913317232457839830095763954"",""19072731537272435013108654731875633978088529613671001205583354180809211286277"",""1""],""protocol"":""groth16"",""curve"":""bn128""}"
"ESG_ZK_2024_851","2024","1","2024","10a9f77000c6ab29a65ab6931b72c193189c51dff46313be8dad02a16f75cb53","500000","1","13873898487303109041540364718091032551819822611767115783935247555994356464645","{""pi_a"":[""6486660780558896235473814852233997201771224112469442821199426812401149058715"",""16572823195845378661823026669120591506405464950812529424974250171295998358579"",""1""],""pi_b"":[[""7115512111719575925740275931350328009113451402230413072235136870595528563453"",""17919320730243579311628537775510827954420094848494922124864292935242612159832""],[""4741442798587033167185246021037267700331347701155269064284933290234834742424"",""12523153837502947699766614787913276771761938304293640091782895081290926782797""],[""1"",""0""]],""pi_c"":[""2293336304291534758569489777699667782758306813485841637990057018469961293663"",""10711812882826251571218110405651470467474414647287226891490802224226632088924"",""1""],""protocol"":""groth16"",""curve"":""bn128""}"
"ESG_ZK_2024_852","2024","1","2024","1f7eb2daaf299c5e66f3cd6c442af61c700e65100ccefcf2f7ebe75111dda48e","500000","1","125622979790006479393353776827234196382764804056785265588737797027376028416","{""pi_a"":[""20028437136688802016649769817624340270539061829187091842076827537436375206183"",""3058348413846702803147597893596469283225614734638121827370894112490321925596"",""1""],""pi_b"":[[""5764506810673521126591922142991907938578385610820509434624426678495083549137"",""6931236350647925381355071697244556610797450569096092915409176407073710204913""],[""21653171789534601350204226368749858452661105330652492674983105353454076169137"",""3887539015343716045026213600427019712855128414740939112820313571479027347344""],[""1"",""0""]],""pi_c"":[""14121809804151131112889298420376329754943213535199093717563386968791550370983"",""4931012208527838633973917338612042682241445856019226505585864507947782010770"",""1""],""protocol"":""groth16"",""curve"":""bn128""}"
"ESG_ZK_2024_853","2024","1","2024","35365ce0aff9f27408505267fcc352e603021ea7706707c1c4581ede1b8c634d","500000","1","3700742083246860014420470564582055647286725055411927914741823740220307421401","{""pi_a"":[""21577033244258812893028930905969443262003177212526593232014285068987626442418"",""7547152070235247075570975398942602426002938232113393888427187767718034480152"",""1""],""pi_b"":[[""16168055325138343696531428490144566434465115555606088801310289668511662935830"",""10969546432561213623202008323337077369096626704746671934475686324228703176992""],[""2834914863915439846174009495616344135927293829046545355694063576055904055938"",""1821688513663348142169028271611403036152971433321947014329857789470197947337""],[""1"",""0""]],""pi_c"":[""11784345757751109752391374745385199380397132729869241516115055429329143063178"",""10331806191526729894765050119391921152944226906200039922690852362624861257788"",""1""],""protocol"":""groth16"",""curve"":""bn128""}"
"ESG_ZK_2024_854","2024","1","2024","a167b3d798f29ee9db30c296c64dcd0d0cee730e2058cb15dae7953904664a08","500000","1","3529288517729286178732582862541999130690549742266084704107578674372599232443","{""pi_a"":[""9119003887404502649679302492296747244194396373276673885508578120383720305748"",""11974101614213734403059297124399120725630693045999915416421706706978441688324"",""1""],""pi_b"":[[""1372681993495996389387076426281340173842112997299803458625043153192136292205"",""21035808989834751442302968392329263609170852565011984713717125432322628814452""],[""12649955512799496249363047026149025841090411446140356815977410638971824785110"",""14721986539840078853189387539411231987356391046612268552168242253620703656014""],[""1"",""0""]],""pi_c"":[""4970635386001332559361096830690483303066470317944051506898420405934730088212"",""9980724391004062400676113792327384303437238084639754204131814916764606085413"",""1""],""protocol"":""groth16"",""curve"":""bn128""}"
"ESG_ZK_2024_855","2024","1","2024","8a0a71f9c591bfd43820522412aaf7eba434969b1ce8f80e34ad948f6a769ed8","500000","1","4981917365118347585124497379499432521209301439456314825919448167228800591405","{""pi_a"":[""8938065511248367767142889660778830278015208400221978269081483695554104731240"",""9487499373810115967783234602719700964668432587484406883750289960329379354807"",""1""],""pi_b"":[[""696837564248084724293118335648725964180012279683609169133075793802926222644"",""12495654663731477560070587913706213522047027030202762618549671981551612566349""],[""8794971655089255318990347066162842887212855954258616612730455139606893150407"",""10021444033907029185425866404989842257181115855869378128549836528458106770074""],[""1"",""0""]],""pi_c"":[""13052072786117410680928295554477295011944233432602260887761565618035491391568"",""9793132555500010902202284127591979112176884682463592597432885697083804456104"",""1""],""protocol"":""groth16"",""curve"":""bn128""}"
"ESG_ZK_2024_856","2024","1","2024","ebe0fb8a68e5ed22cc0fd01ec631d4c999f79af2fd0c632def06cb15fc31c5f7","500000","1","3638261724505128388664837299455696880712116114658721259609828656703251131349","{""pi_a"":[""14131378248524073242103239731147124301197341286815971396203200749467634047015"",""13384125923706432282565494949918443290740695643376790985606280961688709707733"",""1""],""pi_b"":[[""20455201773275308954950301433403710287437635028107009077040166053259979346700"",""12090580441073047575492049333509862425558676901383879685602685195776952571783""],[""11585648859244167691203931273360826228709472518455382471070304849654125755537"",""20997170057014414511488436947837798008820817641033799942244120614208268544728""],[""1"",""0""]],""pi_c"":[""12128428141576065571558756676400692140977186636997468846234639244916290378396"",""2967096334039762394940675730852636038645538981265188649266528423729476620303"",""1""],""protocol"":""groth16"",""curve"":""bn128""}"
"ESG_ZK_2024_857","2024","1","2024","5ea3e0abb9ff7152d306ad619c0513a4b9f2c39fee7dcbe510dcb596df79b4c0","500000","1","19435682480081492220380956065963818206526544109174641853138665058990827922377","{""pi_a"":[""17169544975383176408974783657042561546128830460488876265425717282876655858846"",""19976504411463783104818506817313573359037925057569813059690322099130388423795"",""1""],""pi_b"":[[""16395188922505890569671313571872083052190445440264831020312906803786540960462"",""16916492391785437002354198464070217080276072966731508386469218303251581617269""],[""11448993057310136413047687644511204838158525915152016630368098297076254364925"",""8931851637140153777298958180336714216786845428888221687576103159976099085830""],[""1"",""0""]],""pi_c"":[""6839447651859439589673509948764476833876762840332398969981277915960147306132"",""824532366464414490006941321868700183450881846865172747480777587426327813183"",""1""],""protocol"":""groth16"",""curve"":""bn128""}"
"ESG_ZK_2024_858","2024","1","2024","b5a8ad30bae9df01daa7f3bf19b306787f1ac2b4e5c8745b0a286692d5156aef","500000","1","6114159029165739135515229395061324382694328198125647562786971894527075380348","{""pi_a"":[""1687915388009577884389378700426085939003194614587493050720030771142985000077"",""16067538464943866485291836817974293013036320741450004397452518141813111263315"",""1""],""pi_b"":[[""11629048828720564136505736516653355526649549191312191043575873848547484388950"",""12979896443397850392005086805839842756999584851151032722173314783032261820238""],[""8708646659626406163677556354972954389373669988724077915478157622351887922459"",""1736348843302044082847327942747789895106075953859448658146710219385812070596""],[""1"",""0""]],""pi_c"":[""7631352241333977599700366210235362713077821923564344019469636915825800894892"",""2522156715178416957144504412757201636867567184690575520284041714552584955087"",""1""],""protocol"":""groth16"",""curve"":""bn128""}"
"ESG_ZK_2024_859","2024","1","2024","27dd296e7a97fd91f4083617c1612ffedf6c4c46eb81b48ba058658d0fec084d","500000","1","3166734851582611667368611987200885584394824723548693495617533132596930525946","{""pi_a"":[""7444276768712434114505523931683640949524614491727720492555969316070630264657"",""17970633944708620426846694662776986767754172704735089178927421409091402474833"",""1""],""pi_b"":[[""9055714163711754056866494949578471015480879829773320600118056146020987858054"",""12117512776199828979012216553804974287401347916445731250655950093472692814388""],[""1462964997043176513866088299185416141256977231969256355601703911688840743680"",""14357940310933452458473362670654055748604189067869982159819559750265434730807""],[""1"",""0""]],""pi_c"":[""4578519588503175674724275792322707397837741920248376856124412538519640862444"",""17887644338162672203402154124341411544171640210231370825422689971004207758228"",""1""],""protocol"":""groth16"",""curve"":""bn128""}"
"ESG_ZK_2024_860","2024","1","2024","e5f1f1f126dad24415229de6d60ea2e811c7c4feea935c87bf14c82d8b9b898d","500000","1","14809133991965171554925060959061540771094179545263815356307459827279610674589","{""pi_a"":[""16901351316972533493982731300171408554657331709523887888638880902232849254715"",""12737141157040378103104308819912337181513968301694206078394088617118299429716"",""1""],""pi_b"":[[""1792802766876821767193839189740825204432548367556708744922447194594891138851"",""19822347508274547416856360005630270525083218653015741892688979576435708327774""],[""4409260128394820343452375858246615818473167546579549749978484681072937946376"",""21066963822081591458967717498728306762838107689753906900730507260402843307748""],[""1"",""0""]],""pi_c"":[""15050388191041989800129370869183820917775455194459381185231876536274416462117"",""21747579891855447833609517158025547560663740329719301946482062766858672882411"",""1""],""protocol"":""groth16"",""curve"":""bn128""}"
"ESG_ZK_2024_861","2024","1","2024","fe2ebd83ca0aa8e4be84b386da1d781f002ed5b36fe32317859187f5fb4f3ce7","500000","1","5086081481263132844941075432168215599784724365046319704402756787654012957381","{""pi_a"":[""13277595531177298920447970564459550189754560255930203249672988681867965759812"",""1889145990991305935536709771459361200367773394316422807157854376531050373050"",""1""],""pi_b"":[[""20003055607340117122406316946432150556367106954334876924489891654973920684465"",""3140010224869116870483895297344830552171936736867259580084937561959992533215""],[""12060190089422982327127309220382449530792083336923447835116022769431143798563"",""6524826984630272026537764528301762069832469141888826420677017144435820944063""],[""1"",""0""]],""pi_c"":[""8735193821947966824635534464754351937188196246448456114178693171535044392966"",""11008126056211879258934454425765446191090778578966411424041185513571737636721"",""1""],""protocol"":""groth16"",""curve"":""bn128""}"
"ESG_ZK_2024_862","2024","1","2024","1c3315c8696d99c6ecfd05e027c2461cde13989a2965c6b8912624b879c7bc52","500000","1","76780323338235178438649769729437994405601684461213981163446879772382260538","{""pi_a"":[""21249432195325962870540615194234294480971036353996035732285524546905733480914"",""7560230287012801091557787078973627934626879498820022054053453124216546260677"",""1""],""pi_b"":[[""8584583880142714338244866453518601885669422001325027652744519639728748554796"",""2593446332637629977565602723762831543359458403532076117907993613351036299070""],[""6809660135191559865255612544424007847505493642641422110250265898643858961368"",""8647255415837256355753601603487002186883024233936019552995891931634396189443""],[""1"",""0""]],""pi_c"":[""17868724686617896172048877299478690991189771274301770221199550237588157909151"",""1932924214040842614628949448400372426302020677758203508017294594844304724203"",""1""],""protocol"":""groth16"",""curve"":""bn128""}"
"ESG_ZK_2024_863","2024","1","2024","6e7b61050391f26117a7e45a0144d12ac5b3b31bb49eef3a8d7553f9c55aa85b","500000","1","12592414076223258874471139071161960601474455670776827226886816497468459869588","{""pi_a"":[""10890313179337625819702675181169815940899300467515003754067864522179648407632"",""19505227606957548937604493884672316992070578141034093297305059178095019360569"",""1""],""pi_b"":[[""12347210748039750557509402333358356744579431441123692582558000463991711468065"",""489327866100826739139244220128027305628993370201847810255067987319106060644""],[""8934739799697574530437979558462571905950415139118502263508150800338958329771"",""4299975222399459160202741823346970146036941359981565959455755330923734477505""],[""1"",""0""]],""pi_c"":[""19631307332379770371994822973513026967020215861278193461770954050040837577196"",""19928447192180793021164439186128179986177808883109482256333703119183385897527"",""1""],""protocol"":""groth16"",""curve"":""bn128""}"
"ESG_ZK_2024_864","2024","1","2024","f465972af0b4affbf79bd743fc11d6fed266775d500ddf587ab73aeef41a76b3","500000","1","13338932976963756231820777079714691488806735394517166606223236584723665933626","{""pi_a"":[""1578132233632638718999109523430755435381845749659984672729117069892629180766"",""8763189425790847099965699686641498074769170402392513243583777075128409630882"",""1""],""pi_b"":[[""686359575898959429755386556303426531947822122879964243003893353104640225595"",""18682568629292730371503668794860056976023670378160369448609634440820423817657""],[""401242739498452108696554317235728356381559664625995351794030026869396980296"",""16922951192856022794177202759298789179985705705470078242894291572047581336693""],[""1"",""0""]],""pi_c"":[""11178916223438184319086626251084955547881775835315257549132071892826495751261"",""10166580148260988925731104934689502325593737106277726321783784772768193153636"",""1""],""protocol"":""groth16"",""curve"":""bn128""}"
"ESG_ZK_2024_865","2024","1","2024","3cd6a9e856649888bec16f296533444e7feae7a93b035714d74c0f24901415f5","500000","1","15113580672827751994991565060097706937771423982722337527932020038585715582166","{""pi_a"":[""8740327182428805603754036521777971385653298017205882343670149852760160624253"",""17032959415606117050107858765471961141474206536618429766955181819955081447822"",""1""],""pi_b"":[[""3524244718138920082755135493634713642553734271405977673616246450008700976170"",""4308395669244023811377237087168085603654048326509233149004949695391266432863""],[""3827199886519453709623244721153602929240316233717630584404921820554542622821"",""4780292819052337735199838526747875750516146376000725477173979443242385861286""],[""1"",""0""]],""pi_c"":[""14499631650161646633957178497293703793121795971815370736865228087108982606068"",""13836475464813468383053427635211806490849647869558779369603334792317318418215"",""1""],""protocol"":""groth16"",""curve"":""bn128""}"
"ESG_ZK_2024_866","2024","1","2024","c9dfb7d19a8054dd29c99cdcee5a847d1f48a45750b372fb57db158a13f85bb9","500000","1","12685284777237833124866102701439556090335794345632531672071786971803897087122","{""pi_a"":[""21416823370772758123034957055398849146116869478357684141694898391622405877115"",""9746586102918553532500458044731144840293797370661433017005988323486384579771"",""1""],""pi_b"":[[""8508082606743843888301284713671831236836086112983045756669548219192726626000"",""21686766304454559884956911490719845184594424019448917850367880786921724613072""],[""1529670764265131020131824259969185750375469188415433780205390789149504730306"",""15641605763142359605034850301977446739027121654641535535768642604329429389921""],[""1"",""0""]],""pi_c"":[""9873440320010322368693752291331328402202864745881462407144177505341258826748"",""3198921844135744921063472132644898774942871352813786483956478551091356919026"",""1""],""protocol"":""groth16"",""curve"":""bn128""}"
"ESG_ZK_2024_867","2024","1","2024","c9dfb7d19a8054dd29c99cdcee5a847d1f48a45750b372fb57db158a13f85bb9","500000","1","18108586784110502749009276509230792609230891618764908563812305127218563297154","{""pi_a"":[""6239387817450576412994225211665999784119962610125628793159238651283395950347"",""5947368489103938283412926331875756016703649319937684846346885269375322211255"",""1""],""pi_b"":[[""657454785209263823119408483237701714630015477749500623856860784107982409062"",""20318994935420623102167264248366279018961584597286570649347836703554886057990""],[""10388804938928083862889992107459679853247158469628760444372549899810030164533"",""3606261373478009328375532991798766302497257971462712346792844941589864625494""],[""1"",""0""]],""pi_c"":[""12695543844745137789906952132002502448850338596825506424062668223048129677278"",""21602737677287831693983673409212126493649944210189613274434933566126163634211"",""1""],""protocol"":""groth16"",""curve"":""bn128""}"
"ESG_ZK_2024_869","2024","1","2024","c712b844b8fa4f2a3a3d61ff1c36cdf2b016b0f233b3876c931d77f0a5829d17","500000","1","8085128190634136258257834085811343051511074016618493252142268723485783261924","{""pi_a"":[""1336825851600938489075691159846227534163265500263643039083347362822047513654"",""12360830756790185395290197176933821674355465219567545596411830483421502994167"",""1""],""pi_b"":[[""4908029862168398733031817558731967868344730037665070427298650422519427377893"",""17504169777259020228515696607143642104137546585443427813196894247265048323214""],[""21595190098907002030666126262858060378079146207139248660113669903516113617323"",""2248087893585687956244725828861814499673195932997883886593854326236903544494""],[""1"",""0""]],""pi_c"":[""16090000672461030781877641482306172857001664736163436932262601965230696967458"",""13890205954481369781080116800158816936568407503361839913350272936347609375670"",""1""],""protocol"":""groth16"",""curve"":""bn128""}"
"ESG_ZK_2024_871","2024","1","2024","dd4ef0cb3738994c982d351a116f747d287f3e6d2b3841f4de43584c3431259b","500000","1","19287496366454351251553007359368283919174311108988408117019247859990262653661","{""pi_a"":[""7976145079440173887392857709840529924796051235924503057654707713089054765234"",""15936347177280009394343276994148616127524079507160132869792375989841700725189"",""1""],""pi_b"":[[""15785981392244629940876022403641541747399136740876261426625055826101809857523"",""4152924540617639393938762774864590470288442034843603559490293130863169157846""],[""14582940513023112244180192251232790808068210415084943136721096041087729246125"",""11970140002958315467948275774452553094311547124864798226743967149613632280291""],[""1"",""0""]],""pi_c"":[""17361355330142852809889152098836042384387363666045062875050474547615109383576"",""3260869261867991891375623352840653677000628302471530403325484578517717194480"",""1""],""protocol"":""groth16"",""curve"":""bn128""}"
"ESG_ZK_2024_872","2024","1","2024","e1b17249ff795b49a0033934e3935bdd6c2fb8b973005b22a7bc6ce2f34ac1cc","500000","1","11438202613323775467091601521234618562833400862983390068454841814279102256041","{""pi_a"":[""2290374414221191191539670693942218430909197564124370615661333233072044762777"",""7693068482064850546098442860881186459724565632337833990242023655883860319470"",""1""],""pi_b"":[[""304813396248692737912366702295783808493812865977851633101509504865868059958"",""2306772409914515577594724585159394331873412745446843466957125925911082896819""],[""3259726215460740227734775223537827076855643558162215239081810779664840359064"",""7581159093194650086313581742885718855074185313851898905531680502462480626294""],[""1"",""0""]],""pi_c"":[""7948121523691735275180118992036439379168781524360726341234177207833732210545"",""18109668060016540936091733345739490887092628836369982211852851492305047898594"",""1""],""protocol"":""groth16"",""curve"":""bn128""}"
"ESG_ZK_2024_873","2024","1","2024","011f632efd8b3e8c0e54eda30dd50808e2e4f7e30ae84efcc1b05fa4bac5136b","500000","1","18459882828929826401404404582905490690664774655255740103608685201389239912466","{""pi_a"":[""4021199236050413068580553390438328003273270164776414969863013317951918970657"",""14388884391077764800279082325521373375114040243181515869170674753030511244808"",""1""],""pi_b"":[[""7573225456350738541724048484725206670539874889734652102338753548286150853952"",""19411669184846933265666023938358216249545502564561125921867849876211447450431""],[""5917764484949882028185597607092889565798322612976249622071506643599235325132"",""21794883939894709859231313121986902050835682583895910929905398688426197092252""],[""1"",""0""]],""pi_c"":[""5296489638463599724418828504506930725099247608520081430649053676399855933931"",""2394805035966392919698515840066889138199660660503273659710916307109688958318"",""1""],""protocol"":""groth16"",""curve"":""bn128""}"
"ESG_ZK_2024_874","2024","1","2024","cd4646a58dc847c9d335b5be4528e6c3adb3e2c7f738a0927de063680c3d8238","500000","1","5667199123209522262031177659629154352444159437876022828347354490779740646253","{""pi_a"":[""8235486252482383518644018652785319488436998938290238050977561089052582697617"",""1474133311950297097217708814966334057241973830563642173449834921739385877024"",""1""],""pi_b"":[[""2970135214739184902395460487073165478079898673341327406337705429486972348564"",""5595785657468752031281728801591567561766036042750493509490672165549266771852""],[""1943452650837443775301966110420975370934462389210808195367287436886494710972"",""6698984126919292257719851538433582914963857642706305454403695461141732099462""],[""1"",""0""]],""pi_c"":[""15229277325465059678106183750663398919575898201932813068553537173465435876488"",""7743133330488976961321486850461728580239508428662645047084570985631048250381"",""1""],""protocol"":""groth16"",""curve"":""bn128""}"
"ESG_ZK_2024_876","2024","1","2024","fc4835cbc44e5ea63b56d11d7148949bceef15f7cdcf032b1d9024dfc07ba188","500000","1","5232347575800059646407333851579180386268677189331349935963555243057286739657","{""pi_a"":[""16396048104168788252649512345518963275582405438743518314478801585076945099571"",""11631485910469844557138775983192922724643669282960122175992291947859255169245"",""1""],""pi_b"":[[""13493472941604301458020554358960489075969228047871418568117663048402921492513"",""2244577770576544034082754945313070450198455275042222780850740709974168843684""],[""15492238989475640346681298192810736803205650118161861548567514063432009726198"",""5693903598836597350704738067150770183497742891546586045390089146186163176844""],[""1"",""0""]],""pi_c"":[""7609793781126433257734676063274709101387304458814913105181256594369802674505"",""716681988883508291766673845052978136224739377984393848331196048377817612578"",""1""],""protocol"":""groth16"",""curve"":""bn128""}"
"ESG_ZK_2024_877","2024","1","2024","cf45fe32c50cbf988313982384279c09b1d4d5ecb5459a7e57559c651538e548","500000","1","11902650817383290967339946471423099890184317182874323042650010619278508731698","{""pi_a"":[""4354340399083943254900668314349429528540628375334195244722357929753531351196"",""4480090490446659746022815442327196815096119662146672932098547149533493569531"",""1""],""pi_b"":[[""13387089136263652309218102726181785326167241245610607324648344280592949021822"",""5093146857956975033334238308526431240247986095781538800772699692813131515145""],[""20194357656320121397318729668117800392275401946640069029901854947939799002910"",""10392131884019270929776151959200725315020419547139337051260990734925665620659""],[""1"",""0""]],""pi_c"":[""379405544663762426164683628810163462758650186970746603143530937527819043887"",""20406646654878018533785809834968342216715618436502601292277405078664662902123"",""1""],""protocol"":""groth16"",""curve"":""bn128""}"
"ESG_ZK_2024_878","2024","1","2024","fe2ebd83ca0aa8e4be84b386da1d781f002ed5b36fe32317859187f5fb4f3ce7","500000","1","4774011318208002776925536417714329974631861566360907695066142966525557292520","{""pi_a"":[""21423597546692119934508900530376040959111658231484219273282970330840156984827"",""16579675083848043302561486151818460328771456757200214278126883132376786389188"",""1""],""pi_b"":[[""955653467497851091173920376680707085733105587857591363429011535316166882561"",""11743700018476861938260006197457175724126231049955868646570385805264544488122""],[""3874584306492094721490570456034093293688735487100131902483358902985484626295"",""10853912958391317860248986754288570676606565925874106373539172296704247409367""],[""1"",""0""]],""pi_c"":[""17903317404070654916879453108310982310529254284003015246541956272129741816184"",""5331996904770088710452109157323460396151669722264236169087512115346402464178"",""1""],""protocol"":""groth16"",""curve"":""bn128""}"
"ESG_ZK_2024_879","2024","1","2024","1f6570d9b13f4b5ade8fbada4627ddcdd0f1e9272900bb1905dffcea04d1a256","500000","1","15366807348671026655533215699298695875547184874377888388422120550559732015033","{""pi_a"":[""6678121301109129404586533830915347477816387070471991344058631721567651019155"",""7112653581382928678584413131130892145954005858481112159920926280951671710317"",""1""],""pi_b"":[[""3633097924204296286980065665337821218894495964973915699040842670047212171781"",""593434135278213247558743052091369366586606141165244073025308668909020707810""],[""6669953465645035328790679032689321179421990227331034658085027923252616578823"",""1581206368118078868916156926717112528494307548227089480729847917257407617048""],[""1"",""0""]],""pi_c"":[""9377652597796598102065150467295645737457377304030395530642670631970099525993"",""16586411383632569783032051311897871858332252204359101344125861286428033669328"",""1""],""protocol"":""groth16"",""curve"":""bn128""}"
"ESG_ZK_2024_880","2024","1","2024","f49683b29df2128ffa296479bb9e74a45416a1e676a0f1b10eed4e7a7751b234","500000","1","342304790199744445229942782137833536736190811757912129253700726309673913320","{""pi_a"":[""2134691619696737494092498242315551273394480506077036108649049002616787454181"",""10890911761292006203210533742229901112716693890043729279395222631066614658244"",""1""],""pi_b"":[[""7571717030253733920281174278105202875534841879038468219309943465145758912861"",""16357545949833919214225306922564899680048313119199745221091947532441963028619""],[""7965397409939654793322884863333506973887884801626617362107718468436560436507"",""13697689492902748918623757140739095404244960085745453859692467949804018784525""],[""1"",""0""]],""pi_c"":[""6562961966147147088680340733981791742209942480985923036233210098639181984939"",""20272207876775184127889807245250188747471262076717753865740137361770314097429"",""1""],""protocol"":""groth16"",""curve"":""bn128""}"
"ESG_ZK_2024_881","2024","1","2024","1ade31b8f9623704dfd3f5fa0c911f7cac40730e560b130f42395e4e3d631288","500000","1","2755395397793562542354518623755456435607099031310683201525082411666890241091","{""pi_a"":[""11293506781982216843443715273609318392291633695163484494562102411446739696584"",""21886784494726721796484521563310845551716908168898819623165420211173557240279"",""1""],""pi_b"":[[""4764881104391270512501794191625903131193838608123212525534466066745447555360"",""18760741926713791835048829632111365947107690168324546969905381184101511439834""],[""10653308668023305202776875969692575757728546488091827462518484777224293096905"",""13157649286339890271981862261519565879148431648599984934433197184761613850496""],[""1"",""0""]],""pi_c"":[""18660388889468938116737420876571704792020972964938355125920155968191915426845"",""19087464149347709291580462971617042217094036194793193470140094697239178419622"",""1""],""protocol"":""groth16"",""curve"":""bn128""}"
"ESG_ZK_2024_882","2024","1","2024","54c6b0a7c2e75ed0f8ad3135df1e87448dd76ce81f8b770cd3666703e51f8084","500000","1","10502615525281532274005657735126558868645651340762335250781940998917239040809","{""pi_a"":[""10725087551401423644132798453363990113390374966959015479536190081005506665847"",""4700383208045825648609618603844335008606079544211329713623042369340667049119"",""1""],""pi_b"":[[""10590159975306942741270076086144314887348086790756815853441584675062136997153"",""19512092625414274828969688800842166705875129079069987225755055887752594077937""],[""5107867454192235164232761062379884280334702058551481945065347104498430902946"",""15123281941580044755855569500412305769775992134444052156725904209953337110760""],[""1"",""0""]],""pi_c"":[""7322383043650031857953515531064781940066486816306101519528705172673333408967"",""17156150321934539192820984864410601846279964127249108397956960702323646695293"",""1""],""protocol"":""groth16"",""curve"":""bn128""}"
"ESG_ZK_2024_884","2024","1","2024","787904801468bb132758b514afac045f51cffc4cc952959497f4b07dfabaaa1e","500000","1","12428484617417536923972198164129276895196821170996685380853108664389162640942","{""pi_a"":[""9382904442799826369093556192438710330103611693221112609656709791458607180773"",""9488722506298779357271139530296396942131171305780405023215248595781618694060"",""1""],""pi_b"":[[""3061672193138141057544113447087164436731990089407582134202817975069328148045"",""2845316337408730179703902058380709983235581573827645392981313851842772154602""],[""14757517389139912865473084179528104944785563837442526623788685287125929064847"",""1649055681446783197360455100638674550084281165867443984082440760355413198090""],[""1"",""0""]],""pi_c"":[""13864669286373709803928467335627404720213434437824149559378575730813326215962"",""10308712904285547169498436955397092720399943168171996839673746988653241504734"",""1""],""protocol"":""groth16"",""curve"":""bn128""}"
"ESG_ZK_2024_886","2024","1","2024","1d511d1bd6596202afa30bc8c860c84ba053b59736a938bf41df7095e82cf469","500000","1","11886243246199967047240143567956317705669569687961875623027525516259156513909","{""pi_a"":[""5612209326387226983099081008775284424942391543567535899808063416495500219682"",""19417950675805141615577415847555200981533820325433708644984528859923480002961"",""1""],""pi_b"":[[""1857623825747371661801906467516799586333599241333713810598747904406130154462"",""16268747347691781784970076615426556594225848289344186273669316057646804794905""],[""11823505096621407909658998756098172130567578117356915490950895573727551379569"",""6877366146118630175101416966176205570986600093979219068840525533885063512593""],[""1"",""0""]],""pi_c"":[""13513599257329256230288076993128837687032185839377744541667582827371689527682"",""3331323687011774582320986281597726218792382052647979715376932464813994793659"",""1""],""protocol"":""groth16"",""curve"":""bn128""}"
"ESG_ZK_2024_887","2024","1","2024","a59183e9fd7dae1c319f6f5109831dfcdfdf1d5233ea213d800c55002c726fd8","500000","1","9987106334718788731765637978851683807668894613020627272852538405825923005896","{""pi_a"":[""17662027191784770236475638155835903714611740446278489073238806027446486807932"",""7623438357583090440577869852171864294348440211279614373911364984894042217806"",""1""],""pi_b"":[[""11397296963477385888084611233289210155693630154294534550711983921770827770668"",""17001729249321936052106741166210290878556295386362677119263689815492313660945""],[""3304406590000767750065064542202679895739060222944568423847374151347672164356"",""7238431869005260894100883098800468608358604556715599343551389717821723442056""],[""1"",""0""]],""pi_c"":[""16400362183743806356793805090782881243302522719704982496252287750788069171540"",""11494637613280367436635662619672604940018369823088035021160791045280531474566"",""1""],""protocol"":""groth16"",""curve"":""bn128""}"
"ESG_ZK_2024_888","2024","1","2024","cc41cf506a905c4745162ef2db82bcf3df24c4530116c8def203e164fc53412f","500000","1","6020964731628875416684309019432331269950335860346260803002054476340173348607","{""pi_a"":[""14092082764174049901961918278641621143527689808357896554753845605608263256263"",""14800904153612708911877100560609987986624620714561806293643168654033775479475"",""1""],""pi_b"":[[""195296680736123107821061395368420909971080327453507828621207660729692839490"",""3863744250299855297093534734896479440787743172047021438414516269104472046831""],[""5951973926622476545338691926528753370880141499973316646875395615310672369529"",""13605834537860713459379104553101845066351594581518157365103055963042172371240""],[""1"",""0""]],""pi_c"":[""5693396037240659016078371944841327092457214766789442219308040135520052561322"",""4537292020552564233936675727015387589409099355450896123516665951868969372784"",""1""],""protocol"":""groth16"",""curve"":""bn128""}"
"ESG_ZK_2024_889","2024","1","2024","93ed88325e696901d1c8300b66acf222351b95d1b778d288b2b94fe6615f2bfa","500000","1","17190123700485206114118409298050421796580360758419410062861479330772741390788","{""pi_a"":[""6293621047910970315462950110872129225664538624065842493954048679158040379753"",""8735776432529838540279323104015242470690223181379185350948387840971158019720"",""1""],""pi_b"":[[""5495808834713991346032585903629427457215143381317378699943353149182751116271"",""10441192358417669030613688421940432318662432360058375378910497313040039809273""],[""210777563241319994891340273182077222537752589571740428784075928411721274598"",""248841351255258202644202603522497840098744101279276702742659254537138018749""],[""1"",""0""]],""pi_c"":[""3631914134168941910857067569346804594391786469414331355681302598676473447018"",""2239188283506434124532575766756319219447732966942456468376858119820394464383"",""1""],""protocol"":""groth16"",""curve"":""bn128""}"
"ESG_ZK_2024_890","2024","1","2024","ce39b94de699c0910f89dd84899c49c69f4361a3dc91c7ab546fc47e750b04f1","500000","1","11984590222334664670951121428697483608225285286180318869749719533346087781364","{""pi_a"":[""17582184193694881474001340352340365877783122584928624883788417901818885576261"",""16372719407665964576341310495404148286431026806793850626484401385317126606804"",""1""],""pi_b"":[[""18295711745511794644145026349301171793942717924835396309945612985728304920385"",""1879101244378409946680402709196428995538092655337905786983715428584485343105""],[""18876101026510410848640887230123426984277662374562624299726734155395834105909"",""13850990733929741617719012306558936251362992930222652747195092222026946186409""],[""1"",""0""]],""pi_c"":[""2809177026195426399543473913741537380539232801949604921357370323021404586243"",""14310322772956518536177020847020196195016773850188840869433783171231649359176"",""1""],""protocol"":""groth16"",""curve"":""bn128""}"
"ESG_ZK_2024_891","2024","1","2024","fe6fc4aa31e0111c04f53ac7f808aa8fdda83a02f6c232925174ccae6274d501","500000","1","4445021309010060253605150136039068615631346078303373396366297536497334075714","{""pi_a"":[""15471353960483381262519362647828492761145430909881681137791831081349992031540"",""8700592418305179357583904612727733188639493203171055167562127581002055905098"",""1""],""pi_b"":[[""10978096849648033287808176302149401578383283931184574186320641413872711780190"",""10427360406129430798164109947135243693097330517541688847901375269987099828951""],[""16832498995550450945250854042465416379142961679347447067185177939880551654859"",""18137157902029561604194201420519958205811930693116643491027311005588620648520""],[""1"",""0""]],""pi_c"":[""7627454259812786957435866118013733340777186197185409396516152521210009775054"",""20699944796215365998573318904741953974585410682401801128844623403362231673165"",""1""],""protocol"":""groth16"",""curve"":""bn128""}"
"ESG_ZK_2024_892","2024","1","2024","c712b844b8fa4f2a3a3d61ff1c36cdf2b016b0f233b3876c931d77f0a5829d17","500000","1","8054262033077775997262273713596934607026074201679761044523146190383343844706","{""pi_a"":[""980197605245253704594944633801154976802984456166543391640452285492512627851"",""1557191054449231623540293108113374106970858447570410993897151781918833526611"",""1""],""pi_b"":[[""2984261155711468163321401138337872700389689118450715965322001960196150427782"",""18696937386107522174824656515915482621221813603835174890772123764540493015559""],[""6154108597993403544749698194990423601284019212860287052106222742212810822518"",""18761070370352680906098014503453300982400858970300537600278769775392955312765""],[""1"",""0""]],""pi_c"":[""8514053264091079727790821661417279432057505517915614076873239354820798028809"",""13907501493971966314786191619863666733666819018922013413221848846878660712447"",""1""],""protocol"":""groth16"",""curve"":""bn128""}"
"ESG_ZK_2024_893","2024","1","2024","d9897ecc520c3316f1f20c5303fa9b1c70a124ebef83937d6660c23046828a30","500000","1","1953686183241277721777676036344133710054137120931866210178667426667174808459","{""pi_a"":[""774808736928669178206913059293079985094694169478686606931632848606618499003"",""4404062540767551212569094957034155332550323293099625794737948360286052918247"",""1""],""pi_b"":[[""1612645645361213095884664920847462162148303499194456016691049159290211911139"",""3163019024532402312277446907652682669537819016377436636105941892789888135579""],[""20966162842112897600843603874669046621630906601373638833670594382983296510769"",""13769192031264469238386507553251137097133215623859831137450671911488539392694""],[""1"",""0""]],""pi_c"":[""12822541284084610797796450041044075299941688270600212691484568602069980079123"",""11489951113957332818435878976361618721064745925929504936589549956566888510458"",""1""],""protocol"":""groth16"",""curve"":""bn128""}"
"ESG_ZK_2024_894","2024","1","2024","52faa486eea1539d9313419bad89f0400e4653fc58adc93f9dec1fba529e0ffb","500000","1","18758257044360255260739114221533270672445147802718086503397845217878226606816","{""pi_a"":[""18815648657110417247547631565771721055676510817672517169271729129750543979224"",""5318556983806564883819162558020608681178451174545564607371783061278320816263"",""1""],""pi_b"":[[""15896776193977932436899465184267115799770716350905937773576245334655541486330"",""16153518410061166912794967742661800254008552879545562090961173239258174234739""],[""14100118121499088970788350359024375344674208456160829388041415708647267148260"",""20500115784257221099152985293960077086297819112110705979018185759844178632161""],[""1"",""0""]],""pi_c"":[""11907200622413273291337058516127895180500148289253101205012501557454728377532"",""3211677381318409547900023464020943945375833167005177219525154878349679217858"",""1""],""protocol"":""groth16"",""curve"":""bn128""}"
"ESG_ZK_2024_895","2024","1","2024","1cfd786d564c4b5aebc5a945fbd2893ed09229e3f7ad25cf51b54d28ae75f3c6","500000","1","6121647283751867129543579634328343476265426431963062898517259907447391263706","{""pi_a"":[""4486556657012431334244155376423819485753286459670415286699335843670969059251"",""8402079719501449282455722262240916021998840519904243852558886595108683476191"",""1""],""pi_b"":[[""7465415700071539051692737812281519348076456081741241368084506549934463446116"",""7584530782679180459139840762307505332956796605385873277742582902245075912616""],[""20780828087223787026866724054189827018893314551018742545263224380655571144150"",""19292778437724193914081838568540376100108616731927391657775641572182562359390""],[""1"",""0""]],""pi_c"":[""19370558800165054900351647856416735780107306694498984943141144985219183249139"",""7606942540846047634535346201156956295157739343096171933479821772332725097326"",""1""],""protocol"":""groth16"",""curve"":""bn128""}"
"ESG_ZK_2024_896","2024","1","2024","02309f7da953dc9df5c9916be8c70fcfe358bcab1b1d4b8c7a19ac61b2db1395","500000","1","8935542221261165562633077687890348187681672658989866797657016303939364240693","{""pi_a"":[""222780823974334309669529964906563910119257758716527840588819822395898007967"",""8086649122719731973500299848436002103200950955508697184223950407205042580287"",""1""],""pi_b"":[[""12390337640303719812232904239747583076144116686551724166876864230145876056528"",""17711288394750959044528522201421359370238573617443825208376859146798425367932""],[""9206940374357805432452461639579120617221484634610627338715932363487844055655"",""15409454970519955356380203512925438266074657660578429259830117627146397015708""],[""1"",""0""]],""pi_c"":[""18392777583211313170816373568421685793862518795462815881355529996043145571689"",""19708725917561056956761580285449976051031097390069715022709195619575267154200"",""1""],""protocol"":""groth16"",""curve"":""bn128""}"
"ESG_ZK_2024_897","2024","1","2024","8d179f1832f1ce01c1152c207e46263a89ca8a4bd027f5170edf75b765c5d949","500000","1","9397063786729180338002519410904532244153248806678709286592045139681236763460","{""pi_a"":[""17474175910066449443325260520939212514877233917297139115703315998247821041552"",""12258488850773845142113987394679556136332848286697978626949006466849423192857"",""1""],""pi_b"":[[""20085223793214531392101081045202733548424414669396830420974423737158229822509"",""5225982277384344708108762196748166974283024526311914732645749500810027152455""],[""14641111956179717540496662793883937892118044333267567147283339493774089969347"",""8994993240418830280416769877300698407036613605660987275335226664021926529311""],[""1"",""0""]],""pi_c"":[""6045379674052943382959422880636245291314510461891248102731510728840750630930"",""9666761773095256187748599071674877974314687790701422964165363481473500697301"",""1""],""protocol"":""groth16"",""curve"":""bn128""}"
"ESG_ZK_2024_898","2024","1","2024","c954ce82918a70e050774f4d287d902a87fcbcc1da8f83adbd641e642da51f25","500000","1","10033958442017343026935133710469960011117895156224597702661923045916595373969","{""pi_a"":[""11063899959644150881216333334709368097597809138023496975168381326277139921461"",""5936731433769733291696013505541396459902608240579774732942087357890566398490"",""1""],""pi_b"":[[""21553472308691342433895714232289452367534502169510897461557837582484596753715"",""6209881471696524119273210903726061137931243513151566888547579499624186594097""],[""2410451185256178207291198637501565048219463648075295487998453169262745389206"",""12040402383094720079042591673492679350953597621002373686091489651125702900056""],[""1"",""0""]],""pi_c"":[""12877519754581183233694749172777355790683411990205605295033371852239971314471"",""18653876586199919601169131064658242201200478047359849044089376730160293510611"",""1""],""protocol"":""groth16"",""curve"":""bn128""}"
"ESG_ZK_2024_899","2024","1","2024","43126699440822a589ca416c87a286a2e9c94772d5773a5ab6eb717c16b6edbd","500000","1","6818324744242905143838341431119033250487616412782648926409225679675305567496","{""pi_a"":[""5691508432435494243401710488704254559292919839771144090507955241774809304553"",""20611609680509068519974657638732759721699865776643077491898555320484170550268"",""1""],""pi_b"":[[""1734694750358893542072389479020278258386684578139615686867058129759024391224"",""21082095727414909964028462055863766272916656515293608145372971005632295807161""],[""5119150119743295958585666829436081955380753408480463213005586270305717648005"",""7609530101265802316195743515919115728729296277946967345295165048200042597695""],[""1"",""0""]],""pi_c"":[""5232211580124232343557853187694767177018133113291085581006280724786800458523"",""21408927905816173148154639712083371929114390741222181864528445005606051876634"",""1""],""protocol"":""groth16"",""curve"":""bn128""}"
"ESG_ZK_2024_900","2024","1","2024","0a3b02455109fcb560cce1e30c3edc05cfe446104ddcd59e4dcb3353c46058d6","500000","1","4854484818814390178093933324566203266885252206986626964275566870314003606877","{""pi_a"":[""4415056497631314114850546565954005128916381184708299307866193911403064098208"",""10969470155912306627424243676554304405288542906459657838136027272035131328402"",""1""],""pi_b"":[[""12429479367902263872564940501203877388928466877000029457973702314163848482164"",""13190117681246811964125324390463285080148946597096905919269893380525467938578""],[""11634310028379029778861625225607473539623349672490880066891588781012551165091"",""12698295934378337863015424384536869171041631790709505803602560442371639156676""],[""1"",""0""]],""pi_c"":[""20296795307865356709902876319401187139798714478740419021118096208879617832020"",""6353650248286670135406032578804176597477760141980747271942954415031224037406"",""1""],""protocol"":""groth16"",""curve"":""bn128""}"
"ESG_ZK_2024_901","2024","1","2024","cd3271c177ab0ca1f55f7f75baea9a4ae66774cfffcccd3e59e513a96b651f53","500000","1","14941343980177886717003996531476034143259136194006582511712853195850072880679","{""pi_a"":[""11163002726842485111590526731497241612512735558129550221415605095649417125204"",""9760489327564590019535925564864891143664335495757346928182797969601359054053"",""1""],""pi_b"":[[""2409139781251455147751935434895244354000616446226795827243527279045254173742"",""9664644534537631998862746638795646008761586870782602792902726037911195694013""],[""8691111234020496264683605567946482282971946303539915570743165356778122965268"",""981439957077588625197025769271755690126917029868933944307320739408064616300""],[""1"",""0""]],""pi_c"":[""17766671210275058140783130148716440151234252967918170089887801622231776637763"",""5548569917246128292504921942968278902697731554977592997749056042481737585917"",""1""],""protocol"":""groth16"",""curve"":""bn128""}"
"ESG_ZK_2024_902","2024","1","2024","038f8e4a6d58d0f0bb7c8ea3cef55958bf627b05490406f2553f9aa6708678bb","500000","1","10402962553754066972254172845014863908059916655112302382151335482411850492628","{""pi_a"":[""6246122688970800580948459542350150412954924726909662412538188108111148731089"",""13932467867061916008987765360719749128770028678763724457292415808899150602584"",""1""],""pi_b"":[[""8435025549199598474928263301620117620727702511872500090832860881091634010160"",""10184297701562771648337642504609147017576784430538398794035990691607631469414""],[""4053962816040917747883257287742038878839540926223705256529945999442579557678"",""14365608057988800190925265789431504307353866388784896297373272106994348411109""],[""1"",""0""]],""pi_c"":[""9375472607207975324578758764983784514975307779231628758663421487286436180592"",""14490162913638886474763503248989884261759226244175859871017963146032859778359"",""1""],""protocol"":""groth16"",""curve"":""bn128""}"
"ESG_ZK_2024_904","2024","1","2024","81ac3c773f818733cb0904eb4a5f321fa09c72cc8971ef699a98a7447c3a9465","500000","1","2119296513397948874072388390227244240699120907079519246951470413132771175142","{""pi_a"":[""2849755572634541453894668529313991730859828554821016702500081244671065533616"",""8636088220274125365972337762439836024426142698212949615704863245951247353048"",""1""],""pi_b"":[[""14126994181467904478556211272777509667125972061507754604312434367242953903256"",""17116300673678337317014545719766443045175080957913153688433732539082624574139""],[""12487729785718708862920008270548998714759419189231848301838638620145334168531"",""19162301387188321694714332340007612410464365300623206922235119781052739610669""],[""1"",""0""]],""pi_c"":[""5716595134389028519305064976313492705908838676903436435504578659551967017131"",""7355990961196227370853860911669156014623370713088942997675490999913086038211"",""1""],""protocol"":""groth16"",""curve"":""bn128""}"
"ESG_ZK_2024_905","2024","1","2024","394451a85fe7af221192b374ce062cce3171dac71cf2c8e825faca49377fc4f1","500000","1","3302774887246922722366944442325690319350754865437473106996395787797319068587","{""pi_a"":[""2452793601507863857275807090039195410172792916171022274108726425265789844224"",""8234798222990418582210900353070426925860821249406166700590755500329758208598"",""1""],""pi_b"":[[""1469160193841188546878309343412632413622528685580206942816874312010186854829"",""262498175627938375517336395635686518236392196819775483277710182530851360957""],[""16820925108466503410935714722625030597531438537571109521519953780248325096041"",""5571000471050891857716347142709069503751918416109320604548061342284702933157""],[""1"",""0""]],""pi_c"":[""10153676877034387008620413061267752277736418796541283703127432542657687278177"",""1817920854162696672014764019250284180265021536387089852049233122551394316758"",""1""],""protocol"":""groth16"",""curve"":""bn128""}"
"ESG_ZK_2024_906","2024","1","2024","efab05fce3178ee54ca08d918d7489ee2e4196352232c0c405b8f1911c5042a3","500000","1","17621905770897459920195968535986023421837468657525018707311488895842215594069","{""pi_a"":[""5883042038115875267319550299218905153813251032756305200827833470554311918708"",""13921101592045467285305887612521509700250638536898809071797311759956160609390"",""1""],""pi_b"":[[""1263311471151326788537725775265259143524768630770590291059216413736033942694"",""6874489824277289695876183158282417053511355221054343137689557026270400427957""],[""1234806089787050661287380618263866798851946220318088257175228044008095483411"",""13353972815423976746567692815738780162475891582460886726989161025954415458197""],[""1"",""0""]],""pi_c"":[""20890405399353641752810907879689219192221160447744411314170622591928913923905"",""18689592201329786774844121896872854750452946641538950763592386876219409269630"",""1""],""protocol"":""groth16"",""curve"":""bn128""}"
"ESG_ZK_2024_908","2024","1","2024","1ade31b8f9623704dfd3f5fa0c911f7cac40730e560b130f42395e4e3d631288","500000","1","10282015525529358732189628584892759075839427692252706066394187646812721928641","{""pi_a"":[""17784549574273047770512966293057964202806838088216884699032040998533568455659"",""5542768475295246151175512367428493297083971123316293122874830191924289123970"",""1""],""pi_b"":[[""3920587927743926091040006009752208295796486807437366522727249061070538666243"",""21314770805636327947055411680613413640379092151478082555723661546307331575524""],[""4105174868352937434496071098359859474594147704896884775228823266540123895139"",""166699034330920566399584116415739466045360036372940178331440865474173094499""],[""1"",""0""]],""pi_c"":[""16028981353400402350400296763899181716594044113731955197476041225152329090145"",""112988010772104159373014467289406320878222526375447318783339479398252807110"",""1""],""protocol"":""groth16"",""curve"":""bn128""}"
"ESG_ZK_2024_909","2024","1","2024","cd3271c177ab0ca1f55f7f75baea9a4ae66774cfffcccd3e59e513a96b651f53","500000","1","21359188362967051110452459697724696684932133970455615631667627923005018896291","{""pi_a"":[""15240707479471635905817591326974650049007118775131891352054441573659691219485"",""19696108739676982946038920894802418217674927290919983895835088061963714382539"",""1""],""pi_b"":[[""18160480987679997249163115813625764731711091236592030175876453701696100895844"",""11500172117198861957470258702591966060659584200538371004201395287918026287404""],[""20693464551793697881632352527660266678399760097509998487732144310479603116292"",""586824770134872727829980069366078732800346748497700623361670792322977313985""],[""1"",""0""]],""pi_c"":[""16136947933743126012512774953208776195047884505752518571545535817210433461707"",""3975242370864978392275467142118797492716049030744341706947526865052507345968"",""1""],""protocol"":""groth16"",""curve"":""bn128""}"
"ESG_ZK_2024_910","2024","1","2024","6197155256a682ec17e66eb79651f4626a096de192280f34c0aa46f18206cadb","500000","1","1165885609241400082945668831201396776118068819362418653845281105223722707649","{""pi_a"":[""15792485347716370396246167259360935773317692558580997219052463283893140858620"",""13164391276649347869864512902298105232825102420513427314287355922284797524676"",""1""],""pi_b"":[[""547160769460775029443835977780518727305293392854018890893759327223477223614"",""9879309890658725679108282960797706665710639485130589485922532788759375584198""],[""17305955229391511864085419637975280040565920099912924553040290373461754056191"",""4106772583626896951776825224871537349058387345128765516127368455072652320894""],[""1"",""0""]],""pi_c"":[""17137563727248025350108384866932960540454876715182706539002912277188376586656"",""19878362001578351533328452290426498662076763896759871784582044759057215964401"",""1""],""protocol"":""groth16"",""curve"":""bn128""}"
"ESG_ZK_2024_912","2024","1","2024","82d7b1db04410e612ca335f1e9d6df28c348b2c2365361cc6db2f225050988b6","500000","1","17971543148117448394281785594428805023449199271837091017379238093789438509560","{""pi_a"":[""20255655089690143514386569746039443675639168923324943042819538033915761618432"",""12708778813017755111643928096454024899718485340409880986690464394136553518089"",""1""],""pi_b"":[[""12010650363104233328411959963441020157801776109907269589733204250963378163251"",""7526773463235240434895015899194759502239544290706920694983285855039125663317""],[""16419115053767777324721054478605231590103394688811191057463977006461791896767"",""7728146287821556264488379255249237427912470285350605594770962319273035014425""],[""1"",""0""]],""pi_c"":[""649415293323566379228026710940869043794082634839614365514685585217441877735"",""2460961675610113703352939383276781359744051989688227410338332250093607759298"",""1""],""protocol"":""groth16"",""curve"":""bn128""}"
"ESG_ZK_2024_913","2024","1","2024","77a3494af8846e1470e58da1020c220c7040bd73b00c6974502bed325f6c75df","500000","1","9614281036901939110735668675525711066330880385350740159217730930898062275634","{""pi_a"":[""17417338827673261470694618912955551802578101829234576845619775975617127681136"",""4312533796401349234461915103037794904625430247656700077416686737155066842574"",""1""],""pi_b"":[[""4446248918102998925355407811284443306625815494922198548776499764148457051968"",""20641501533195008845483719829180322740858046812591955047882368088369697991824""],[""8645333667333227590117476550746293345064619042739177960729514353058246730385"",""8727007995226166473740966422485492693288480819835372077377630649609265378997""],[""1"",""0""]],""pi_c"":[""16806589984469165168773225989377713485168716734335559548770920168024678376535"",""6038643504244396164403196200155279375479137105819984629174766100687280499015"",""1""],""protocol"":""groth16"",""curve"":""bn128""}"
"ESG_ZK_2024_914","2024","1","2024","1f6570d9b13f4b5ade8fbada4627ddcdd0f1e9272900bb1905dffcea04d1a256","500000","1","7180049082645962362798082284759745064367977153670848043393348142036305868791","{""pi_a"":[""21445687029633779327119639293078614504189500692442720728877242475216648184326"",""16203591800671430495128815037540720788415230094960135099291569862842874671536"",""1""],""pi_b"":[[""13032470101416436900875815453356331233823641765192208904023701733646930788903"",""5848062705833699653530846865972075054690251905220798961503051776934149507781""],[""21455848896672751944539445934731617537449968500595548435840122530910971950059"",""9210622996886370123788565308714445628993910486331380170093725219019171752903""],[""1"",""0""]],""pi_c"":[""6893765626167249292777877662444282495224411452381155634076780120831050730282"",""12410458420953854031714536582457348794723210512800599210221467049693826730302"",""1""],""protocol"":""groth16"",""curve"":""bn128""}"
"ESG_ZK_2024_915","2024","1","2024","85fdca0d69d65761ff0b557f1f67b905bb617c6660853bdaa63c3aede91b3d61","500000","1","5230711081686646208635963200324441924950367756650552885877620020253210742089","{""pi_a"":[""6587819474852790173768958796969890304692501523211251703578151042584448112312"",""21718853373402244143866219154926792713092038696334050106091858116969644674744"",""1""],""pi_b"":[[""19021856989968784837874110106024840849516096038498804595211222238587956404316"",""1502380507014841575005878435289581358090275737099173483761106483866179057635""],[""756527763277456794751584724689927105742315750973911158948101688922872430017"",""2150709091875969213272790063268366238214755915113356373295574012169425402983""],[""1"",""0""]],""pi_c"":[""212650189959482879008991436874744014029847836919621225465071382027820816743"",""6389550905212392661500665815535105678617767913326688669006378065611696949943"",""1""],""protocol"":""groth16"",""curve"":""bn128""}"
"ESG_ZK_2024_917","2024","1","2024","bdb5663edc5a46acddf688aca81d9c7bef7cda1ba5aa34e0b7d7da930e893328","500000","1","17554317014324666066442151793762396822931595204156425839415660031546862012892","{""pi_a"":[""16127479830794295318291042792997635417745353689691645795107245130862259510534"",""14159280161073705904887694318760141786942959910824445879814918675752523526526"",""1""],""pi_b"":[[""260990669802438375767287640793318502910051749890778580014116634625650989823"",""20189317424341010714346114397895469756440769267380566512417564367187154363503""],[""16582755917114239962804477006127052586150610435883338033435197149226563228020"",""19789892702606029095977051783616400503496826310098578576011823478606524719728""],[""1"",""0""]],""pi_c"":[""20653927190364941214177187693773582946353374971494669210025438572190869526190"",""6310268388314565712164108254965289005559882000916001878858978344448951031409"",""1""],""protocol"":""groth16"",""curve"":""bn128""}"
"ESG_ZK_2024_918","2024","1","2024","76088c460112b30728b407951d3a256f41cd80dfb356ea21e6059d33568beca2","500000","1","12594345222174928261428271130233137254498056213522228138798619199483391983491","{""pi_a"":[""9625487525462106894265194937435615248438059793079492439919454702639965478991"",""3736373153788295441795834410607142152574206360343706708990543397224820701780"",""1""],""pi_b"":[[""13317511665442254808863047727435237574322329030024244076434286076613396471433"",""9618756314118504287528491913798332403854440222869024056078036056122634171041""],[""11483461018109749194511505422213350866167594226406560674048844693543712291869"",""2254359198615641903249190234395946085834314711373556321882588232494953194832""],[""1"",""0""]],""pi_c"":[""6178415190550730754199231206081331643564481412199520129765100860439334315561"",""10588793166583688087812425572095853476616558848563726702027801782907263385351"",""1""],""protocol"":""groth16"",""curve"":""bn128""}"
"ESG_ZK_2024_920","2024","1","2024","c712b844b8fa4f2a3a3d61ff1c36cdf2b016b0f233b3876c931d77f0a5829d17","500000","1","13997188074825876410100447206658504940128320945987812965469965219984508483451","{""pi_a"":[""12360406265816810180941937744437552493939149841411053361349469807161573219413"",""9984889776513967527467603503625539219395482744343208682264927546396937434163"",""1""],""pi_b"":[[""6751265267607650006972852681146576462604278593468945130131540525944591649477"",""20906492231629739708445680071293085338501220718360890201356006344089496691818""],[""3495975899197293640226207350820526191373773130775282974117733400745189737902"",""16945389824481197833823405200218088162564375906834897073554509135774061516922""],[""1"",""0""]],""pi_c"":[""16012791719234664171234294008571546472624146954865728421621047840513830225760"",""4758918061560407222709528590056553217553646161163363738900137696166765494142"",""1""],""protocol"":""groth16"",""curve"":""bn128""}"
"ESG_ZK_2024_921","2024","1","2024","ce39b94de699c0910f89dd84899c49c69f4361a3dc91c7ab546fc47e750b04f1","500000","1","14210566998972524600482476417159393486983277013235759000187040493951233915117","{""pi_a"":[""7124356517162638817967855583603498588238837974281889235270850719047040454923"",""12942214838886074269427984611369149829843612972335596737851855873905141612639"",""1""],""pi_b"":[[""1829596664081566095128504613485573852925732499573772722766029227500112901054"",""16861762368529104671007216444136316544851594469982461154173511584853828383639""],[""1731128286429714674279404111974945575540014228524742756775875054369355101601"",""3677364597147124867847927530821309891712598410271115792811215184918148501629""],[""1"",""0""]],""pi_c"":[""1020073846478076703028019974586468044516725969265431117097790437870279339605"",""8865720073355987491680315231136569552615233928775181846007806669723366859591"",""1""],""protocol"":""groth16"",""curve"":""bn128""}"
"ESG_ZK_2024_922","2024","1","2024","e89bd2aa0ea7ee55ddd4067a4f344e911c4021a1c1ccb34a51a22a0babafb6d0","500000","1","14467691897484693255500335162055119865960686227470570709452474862227883387178","{""pi_a"":[""3507180420383481329604406230025803040416676885418723345404287929057031778406"",""21011219293435129756254120805129869010170680609519845549941771662589608300871"",""1""],""pi_b"":[[""3467221593442061100990677008064049318209300515541672479645690726351041968807"",""2082688113555902775396112851519482919426943073196785373188006008604029235598""],[""9696778336843641225706374179990962065075162077826597308899516739001832972749"",""16028913695756618260444050151850633470235296926256629943486319658443489753973""],[""1"",""0""]],""pi_c"":[""11066279082211515389849407979283189831201385603687108601001837561880567877210"",""5200354242216142761466448273172313173170661066985508372183051961556420892894"",""1""],""protocol"":""groth16"",""curve"":""bn128""}"
"ESG_ZK_2024_923","2024","1","2024","81ac3c773f818733cb0904eb4a5f321fa09c72cc8971ef699a98a7447c3a9465","500000","1","1479815129744540621288722322958834445260390927049742124619240133273603180055","{""pi_a"":[""2017844895389227457386741868652824829289948543838000346081699091122845175169"",""20001598014583907928567696068611909456524014105066105420131955770698533727731"",""1""],""pi_b"":[[""183196890468134620717780503352926452848249002620903347498417426175503080045"",""20718902101352431084695195626229367335964710321110119681216271785011832897289""],[""21708967855314332420312384500322964694365727857083126633868835876265061703478"",""17870913152968843141357504356289504475465219926540807268891335582146384100724""],[""1"",""0""]],""pi_c"":[""11297101624316114743479249362440038047011451223047618444955575356964393061158"",""15419372221400482189925357482916833096478189057023984549333011883048940522533"",""1""],""protocol"":""groth16"",""curve"":""bn128""}"
"ESG_ZK_2024_924","2024","1","2024","f7327b2a3682b907d12552033042841d01aa62fa75f39c0880bdbd895bb94053","500000","1","9662556997428476089448102374579396736099064641586128459349259877048428007643","{""pi_a"":[""6337295586758654553549396844209089443073015335959035775489664615954835029107"",""13953791081820552996192254913538342411068602025890558732647894927769893190595"",""1""],""pi_b"":[[""19172753305777582786889872408828704841480875733719476179198510569162259421"",""2478550120526529234822961054404234501153815997002780675305234428391928489228""],[""17311717770169532724256200782444266392347035034529282608916456935913034273340"",""1060891518923459050253491907786200506337109481462983119094823893655129194353""],[""1"",""0""]],""pi_c"":[""1927890967324215521255836552689683017947082582032122032358834015940167477090"",""20809082594762398339096514710348750628640679564671296795599735773982190712062"",""1""],""protocol"":""groth16"",""curve"":""bn128""}"
"ESG_ZK_2024_925","2024","1","2024","370ee53283c093bd04c83ef7c1c35581b9c371a22cb01f9a70de74c58daffcc4","500000","1","6853144811426403952997324733767957587156561923596523097081179107806842041532","{""pi_a"":[""18337553852348653298207157485738077720080518455619439147191800963385172936673"",""19856687277491325244766690961732091476411269223768397962343723293515464901046"",""1""],""pi_b"":[[""9998190260430764468047902395594004675890608587437307024339839056889801387823"",""4456485752948804006194970914556161260231186834525880775692096077178709197890""],[""9846092427615572095344984846589068299405211733885252696588569022523633519607"",""18277932356169722649371474477457067835115777890366698818430505664092048148655""],[""1"",""0""]],""pi_c"":[""234935315193719142420344201113753585195793261508342572334781809812331195509"",""3780993521379331401728722482107355873210872856054002609985576803986725765369"",""1""],""protocol"":""groth16"",""curve"":""bn128""}"
"ESG_ZK_2024_926","2024","1","2024","498bd2d4b8f2a72c3c0861e70a4eeb650b0122d7650a322a9ff22fb03650ba96","500000","1","8084289286159115242716537900964687827708659052388456327849708158880144602229","{""pi_a"":[""15819828582081247407203515264486449089144527663406203714225345837655891818470"",""13613747564328883995498563303662086318780172282010530543335851956448624219308"",""1""],""pi_b"":[[""4266691129050227036245615445653982306698251521419963351496178034459892433304"",""13328314351605558233531524771647090019665380699485225141006979094248356346647""],[""5557185382042507778455793389115565547464059776828443066385158707384367653599"",""1844554897522110225555803257340349971930084040265992326045821858246228841231""],[""1"",""0""]],""pi_c"":[""20701991976499679721775134016016529567249289575543171864454672333182166324033"",""4836335665088411438210274315261053185112408301789892694573463406578346359889"",""1""],""protocol"":""groth16"",""curve"":""bn128""}"
"ESG_ZK_2024_927","2024","1","2024","42125c1b82231303dd1cee6698eb7d30de65fa48acaa74fee8366f8e161436d8","500000","1","2540169021985542967024548333675595449410599538166188871182434594943572764332","{""pi_a"":[""14562774921790909920445888943287585370065498674730446664599740186241361776752"",""21707933269587096800248560403659630401647273323703379298631447180273344733309"",""1""],""pi_b"":[[""13651647497177860521837396113484419204891039613022646787413967574644209948114"",""134753956375179072201431684860837912299813874228576968714777150224470119703""],[""13042842576073412875881309841077898898761096927524171751345837772757497065129"",""20791470233165057969519592377934358676435234923277166722826396183691219976291""],[""1"",""0""]],""pi_c"":[""3694605585273644069737290919036916564467130938417700125109787302679731652172"",""3780075091804418057577434218808423947019984812011056454214521105330975617781"",""1""],""protocol"":""groth16"",""curve"":""bn128""}"
"ESG_ZK_2024_928","2024","1","2024","bd332a6429c2dd86172a88198483834ee4b61836c6d76fe61bfd3a1094c91166","500000","1","1527659643984628602817562635129270923160711294763146678845984128434474087230","{""pi_a"":[""12016206531364882027782065425150996983974191973045931093561323820050573772949"",""16507622121157570998072969832491066699574532465732007236819515586906933306822"",""1""],""pi_b"":[[""12606298994548880387562872583129715599716114641485151024888126959851832180903"",""16173599315559084055450151526233267527630359094309866842353079112020276081108""],[""4344725694642022915589173815947206836293466225167682085744961893489877637245"",""2887118301659762640323471147217645061800272691334782288722588421714846517149""],[""1"",""0""]],""pi_c"":[""3920935171374790615101053354396209688795037414632350455266534693696189090232"",""15656572784236770369432990441332301798201345200040378544584805608686722414048"",""1""],""protocol"":""groth16"",""curve"":""bn128""}"
"ESG_ZK_2024_929","2024","1","2024","82d7b1db04410e612ca335f1e9d6df28c348b2c2365361cc6db2f225050988b6","500000","1","12784761275592761074520836136037754425425589264242990023914698174756584857127","{""pi_a"":[""11424000561119079004461134828025287360298492279222521245355315178794351408538"",""5315157263605518325768143322930735560161774878159545336861383904510029214711"",""1""],""pi_b"":[[""6737934522314107102621827156491886355422835858756078114382643564870993598105"",""8289140617896777263259691847709828885575365560289471368752226442288443223782""],[""5784495995841976827501033086048662283267752199750387703267685310904597032164"",""2509349975203160302314128956098021070833403059478602990059135795133712058732""],[""1"",""0""]],""pi_c"":[""15048146355280845823180679040719138473776968816523534913764242323862324927736"",""20083788132843020505001330397749620595240482692086442404026943065919409641989"",""1""],""protocol"":""groth16"",""curve"":""bn128""}"
"ESG_ZK_2024_930","2024","1","2024","0379b04d51b71a29866df7b9bfd16269787f932b2f213ffef60b121545d4f0a7","500000","1","7321845052183108884846199544960152381179050728011779527923071533473575867509","{""pi_a"":[""6286232407897504579973507521660954269942330720062914776272709110298991591537"",""13295170035998716082438178961849845806701305481908989147949544408903427919422"",""1""],""pi_b"":[[""21773902856882035156297636602780053538079895149980278097218039821864849779551"",""13741993596126003250292099066362604628161694621688121941144713755009661574616""],[""4354218404958113496781735576590179493510928771501990834466030485376429393483"",""18276748506312887149790252633565305026293891210749553228137974634257310241956""],[""1"",""0""]],""pi_c"":[""2893060412217554051870529940677381546872243414613344731429340643552113917334"",""8097733926541722610622160520709294490479832627898253894062825267619964097010"",""1""],""protocol"":""groth16"",""curve"":""bn128""}"
"ESG_ZK_2024_931","2024","1","2024","fe2ebd83ca0aa8e4be84b386da1d781f002ed5b36fe32317859187f5fb4f3ce7","500000","1","4138680553564042033334558809911373958876004454601702646978594089055405188052","{""pi_a"":[""11299106865631191718800467021426311172310345838344635957933055212994241694591"",""9127087549444927883885199985696685791021356179330453521409955400815354800526"",""1""],""pi_b"":[[""20337943457331118989451068883074436716554334200678407419550571094904234832673"",""16134417640039046374384793409883422840600096377925477525288978274854333017572""],[""4683863234599762705285285674380742996329246288524306532095159794573187203809"",""10848501223025397020219725392964711944783004831246761484365828941267831450461""],[""1"",""0""]],""pi_c"":[""13794109165327160421383291771091565908241434170536633106927104040254579615139"",""11032564208538350635331472094933404745810208108355395447845314116905545359880"",""1""],""protocol"":""groth16"",""curve"":""bn128""}"
"ESG_ZK_2024_932","2024","1","2024","add2c32762b4d81236fb7f72a372bcd6214c022906bcadc80db2f8fa03e5e35e","500000","1","14933936975986750991048606348104137838012622546414644829170631421454205102055","{""pi_a"":[""19232069598201913189039936746292477896620186992914834671341598420904040872309"",""4948673965057705589479082886735364085718359045774424939274020880839112666134"",""1""],""pi_b"":[[""2444835861830938028008889143618960549970835917922184487654680687936163174402"",""6549192947856253770533542558500631245635391497594798655833123235680028449923""],[""4766952325572604739205428468818870110181259115636189394994519587046966156829"",""15631653272174542627698240153171084126992107960160582260693817980507593031572""],[""1"",""0""]],""pi_c"":[""9386146550765163062481898397697297647048910704194225311016261327789088611255"",""14895653497025766708976697170318094713469552137136324110241218318202621939175"",""1""],""protocol"":""groth16"",""curve"":""bn128""}"
"ESG_ZK_2024_933","2024","1","2024","3bf82c0d06871858588d1ba68512840b4ce4602ac20a2d97140bde32bdd13cd9","500000","1","7220359670621607779196230124743635524900715085535081367859898567391350920835","{""pi_a"":[""20572005832383181765833686894468708574472777318747306328334988752456515831565"",""5228364239458781873963718775589569566692496356414172367538096855365252430758"",""1""],""pi_b"":[[""13200947961878897772454803218440346178227126162370949469812640709366420417110"",""6105215044219682286341385577370142991214095745146458081144452506884394473491""],[""9388967578629107281937256980226928345351564315776780738010538475899145360586"",""3042004029185254512104416731628190214553960989609342353828764183712435130269""],[""1"",""0""]],""pi_c"":[""8194153156300206350742697157579425949705029713278478625290940797671401421042"",""2829927058281596888673213684260594967357410173036336261569219607182504989151"",""1""],""protocol"":""groth16"",""curve"":""bn128""}"
"ESG_ZK_2024_934","2024","1","2024","cd3271c177ab0ca1f55f7f75baea9a4ae66774cfffcccd3e59e513a96b651f53","500000","1","1793336668265800430189009031269944663114345960911499931242887251059941823600","{""pi_a"":[""14271004172759924080906495839925402120477674316579936704403155484681042422227"",""17821580913651442809717198113493744298808527213719576783936177695035984284577"",""1""],""pi_b"":[[""8736933660880225241976456333505970426565287035964506189006589166987124844644"",""15896282693486397405415256575174411927533970401062919120152416858585030945949""],[""8246277371588051467244482187127319108400052353850249783729817795153400315219"",""8945240693277538822744603629460206659857494358496338361689261972606034076714""],[""1"",""0""]],""pi_c"":[""10331847910019353789551295334844348596389091663563096253226524911785259423598"",""13776079086445149614074485737850025965092260099732447231793579764688329895771"",""1""],""protocol"":""groth16"",""curve"":""bn128""}"
"ESG_ZK_2024_935","2024","1","2024","394451a85fe7af221192b374ce062cce3171dac71cf2c8e825faca49377fc4f1","500000","1","20696119464939535338733742967370575021013756155732220994029405605154689405555","{""pi_a"":[""11042060542959344035246994118845298672186350076845460908947101707829199774528"",""12109883291472260602785143493982174041266985867196400572859138543092898197148"",""1""],""pi_b"":[[""17365079184730318888282027236179591635691495148703616558714500597149099309946"",""16663928868447930316596973084972587563355287802114291543318165834588221121914""],[""14980669281976798747877111413307931514553480212776647325886420173508478485368"",""3829750602054417124791291667135887175562161194334160909686235679744173846739""],[""1"",""0""]],""pi_c"":[""13202378674967615759596444563466678542021533225379556292236495040117599686472"",""3576433514348953460827293375602493309981314609153395064892501914594925120437"",""1""],""protocol"":""groth16"",""curve"":""bn128""}"
"ESG_ZK_2024_936","2024","1","2024","fe2ebd83ca0aa8e4be84b386da1d781f002ed5b36fe32317859187f5fb4f3ce7","500000","1","16678447435668300772438421870126239870376473643424008403332610764760680814307","{""pi_a"":[""14576790390287235346307086831461824705345156174987199144228675005228451636907"",""14440968000593386185550169960543830996079252895778291441034655524732558578792"",""1""],""pi_b"":[[""3971277994915324871027606730098884614498307437975215054844442376241245622664"",""10160566269247713901857188399915069937873662422475668448818412691028874758055""],[""7750880370805941879825885269778462459543988322182438059252223829518732995420"",""7445745479305107841932930235878858526393995123902746328041377843141001486545""],[""1"",""0""]],""pi_c"":[""11509356798056429651970791598599816532039126999298629184201822633047069949057"",""18476688800044992863922976189763676687788442646862455245911542584996196964252"",""1""],""protocol"":""groth16"",""curve"":""bn128""}"
"ESG_ZK_2024_937","2024","1","2024","3fb549215546adb842e7849b76767a800f9ed68f5e2e39526f91c71ade243a8d","500000","1","1579957299544276081446710624540240560032429108110844469915264839032550213315","{""pi_a"":[""4210985565111531125160087973781883433821679295942614613009034482916431570988"",""4879415457462197399168224819485783176500940144830239162667879578601548047361"",""1""],""pi_b"":[[""10387121570231693761287983983282875859748866739568978814772125888019859202896"",""13471975786885235723672123931861692760901147220745494299892877098035200211467""],[""10766429598927983370516324803918249333765952970797692134473296036048372659352"",""7561930312868923263547338348136991446797154332957706210402558867355636486535""],[""1"",""0""]],""pi_c"":[""16207085540189825018052229635370193435562612977795526491357514451077959194561"",""12994379752148562418263214070601354354984515055716755438533633470497557852908"",""1""],""protocol"":""groth16"",""curve"":""bn128""}"
"ESG_ZK_2024_938","2024","1","2024","fe2ebd83ca0aa8e4be84b386da1d781f002ed5b36fe32317859187f5fb4f3ce7","500000","1","10329974020553159117497024811599136418450613779085893966375974153562111126232","{""pi_a"":[""19187826958497829967107640382078985369540076277522936027114531130906092286703"",""20207788398481666681005055203585230123563974585797207482813456882643197957314"",""1""],""pi_b"":[[""13257165228067258596454904079858141491040556349699100213563969831834148543280"",""2172124941975982997406868202319700168703118455657039569404326464830307401783""],[""16501560346918084366269958802130921474387691215883390319140494908720861582316"",""15738487834466452635582583218140779521561811294159126510461728429444138079528""],[""1"",""0""]],""pi_c"":[""5688895305677040494422711797131404281842481406832028169336838345605887871991"",""12773174058609941618325569046158770889088019348348569714763809262350043607428"",""1""],""protocol"":""groth16"",""curve"":""bn128""}"
"ESG_ZK_2024_939","2024","1","2024","10a9f77000c6ab29a65ab6931b72c193189c51dff46313be8dad02a16f75cb53","500000","1","18631368428913731268692329980331764123527093753460701417097495253358823675118","{""pi_a"":[""20962526467165232056969854327356697789516732118206852621594528294444639957353"",""7312180632098203339527608104732063566436240927238911830924948055556089101744"",""1""],""pi_b"":[[""3949452439986673064740009582922446663237579337008978422567087615889857715794"",""7073458498727520756925973343115498606326181634293642145860187729806054637789""],[""13718607255189049082314878030921284251578106223994881361299276477707600625736"",""73765548553531340831174805242750488830723860462904029394031611773387627792""],[""1"",""0""]],""pi_c"":[""11655070697951119266446736049803646110951106043986576647581530598735009104613"",""8921357739516852280184257608269359292531715150116362529020578499860686416242"",""1""],""protocol"":""groth16"",""curve"":""bn128""}"
"ESG_ZK_2024_940","2024","1","2024","aa9fcf2c6e0d56968b3b1b4249235e9e56314f149542dd9aa76a52f5c2e01691","500000","1","17686129995264416341309377419163562812389614681682377950258863771494100607304","{""pi_a"":[""21833530847852371604218713034642957773752124477338479920625803975127236089722"",""12404969849938573578920206046794898264493182190658274131830073666654298727174"",""1""],""pi_b"":[[""15114804631714632074715842493217075869253023646375217282919849371083318045692"",""14043054767335698734759483629485016414453883693543662496296252922370614294630""],[""15804366656003736494118498995891387407835761927642240713008006334296559991729"",""13535548269824404329389816204147926934628646289677980239894542560382363371999""],[""1"",""0""]],""pi_c"":[""16594109325324540424487406886620672359655285925088493940606888498076294712903"",""2063637545809789146002977720483419309334730038654869794267112616143043341444"",""1""],""protocol"":""groth16"",""curve"":""bn128""}"
"ESG_ZK_2024_941","2024","1","2024","e423964b0b996ebb008f7f3f6aa8f0a453ec90edbe73a4f2db05a65e456e8111","500000","1","293525939538269446044273384981656419633672876110477363633379893993142377513","{""pi_a"":[""9821184966482131225967996578427435268979214591920038843497846277522885411855"",""17186295378489709939076196481816103648322805515980174229541240321561857115678"",""1""],""pi_b"":[[""18776366334996523617935207699654676869637405450936244617679275486157491992008"",""17868559422058810980070591817354292193512942817011807122986335015965428651575""],[""7281407136240348049367225879402117926234902938216231392243122745688215599265"",""9990012251614509659444373541728268518001110762440941557542351615459708578769""],[""1"",""0""]],""pi_c"":[""4816330926795247820769151180642924637397455719864924172633222992509810011623"",""18908317693548209412020020608121049076258376461587790330548654524917135374411"",""1""],""protocol"":""groth16"",""curve"":""bn128""}"
"ESG_ZK_2024_942","2024","1","2024","df3abbd64a50db5f6fd82fb2fa7f99a4e9e95f20276b2de58d777b8fcd967acd","500000","1","1718036262692123353888476873523973186606154373222486164128372125035834987299","{""pi_a"":[""7764566493401818799640501141909848845208770797452936475503238398261963970034"",""3005767087194067236952759629621640647449480257863560225045033466935727357535"",""1""],""pi_b"":[[""17848813254493558828150223408902514822636234961249458746491934071472974819390"",""15887283831469932492126506670009430728992674336483969767741040229798298110563""],[""20364618610846731776433361389369011226351186552240115034032800047921415340423"",""19136323714143422038941243634801764810762156758433126780042442099980425758674""],[""1"",""0""]],""pi_c"":[""3221507582335370860780907302334900579813533505171137609812287386028840251747"",""15936717436458499706886590022407469253986283141537531160209716945104688598886"",""1""],""protocol"":""groth16"",""curve"":""bn128""}"
"ESG_ZK_2024_943","2024","1","2024","39b6705f787b164a0b8cfa8e002b5c74327d19fbe620f42fab836e3cb0cff97b","500000","1","19405776610379816234047396002431713349967657585529088862415882381184507961892","{""pi_a"":[""7216393075410030604846479596474651672074805973619059448371737468013240755270"",""5379788701515428571817392076289744053080961980405193423906185400086329666098"",""1""],""pi_b"":[[""20746019471141165856050305954126083983380673913467875515905313696505851992256"",""5730603494378277447495722815471936714509972607475853353898868640874614381691""],[""21328046325855587736545459693607774912991119140372216164173978525612950010672"",""13885637469407222087017502383612289000416671556969930857143926419811765440760""],[""1"",""0""]],""pi_c"":[""8313285335201906429995065434985953488897961506798277564819128802099147769650"",""19793416871925904158759947801978178668434547407593300832345736275762337116388"",""1""],""protocol"":""groth16"",""curve"":""bn128""}"
"ESG_ZK_2024_944","2024","1","2024","ebe0fb8a68e5ed22cc0fd01ec631d4c999f79af2fd0c632def06cb15fc31c5f7","500000","1","17862373935234509557975136737104320376818718509997710441854361869655592668951","{""pi_a"":[""12294824334203901380523576932918282047570340606806023490058163514489259205381"",""1988704000306429472610223859385259476967749226161691915970236320919629295535"",""1""],""pi_b"":[[""8895384838717856355680844781420838749911580219847482463220665683634004799811"",""11486749495682767384898308518583021007028094902070137729891945007752666433922""],[""15107533125161832273384490668525609260945129021699094285133417909254640047156"",""8695301879295133667059067399441057232836098313499559165321719134465174501059""],[""1"",""0""]],""pi_c"":[""9853516128757299148306330490558331200049823446892850722249038702366547714957"",""14519801624586046883332622329222698962759271299829006039976290091163755712961"",""1""],""protocol"":""groth16"",""curve"":""bn128""}"
"ESG_ZK_2024_946","2024","1","2024","fe2ebd83ca0aa8e4be84b386da1d781f002ed5b36fe32317859187f5fb4f3ce7","500000","1","855248488189037139460533030831496336978513055899887081985620195045828336560","{""pi_a"":[""6560138055514435523629794410370603594592586845225942852036347511946251944495"",""17816872801983614920074031443337914444343746382147347712941242854038322960298"",""1""],""pi_b"":[[""13964121863973594970703187175239167968881297888235839261808402663422553063652"",""13200162911276194360171831458612214782893845073536833952162049425566638229530""],[""15868174736676061817441219921220477957508195491840557748471938086365020439801"",""6133056092065917257294388586782342296430895580025480456247664368786392400917""],[""1"",""0""]],""pi_c"":[""18624202823985901900975633239064554050270440540029388854616207812988687568636"",""10605465592010675501376974831860479242823525352122593598303150441237243998634"",""1""],""protocol"":""groth16"",""curve"":""bn128""}"
"ESG_ZK_2024_947","2024","1","2024","956b806df199f1bf73bcf576a42d3415c819bfb3b11e743a56b2f72a4ab9271c","500000","1","4530819794370025010768951172385641938016223303228886519303764513860710152568","{""pi_a"":[""15858587238094141818525217251144523517748424404810297348625668647347394588474"",""10616159765256192124469046045878734136410034062528173056441787631008247832283"",""1""],""pi_b"":[[""7508947383832260854282642516313964941324714283333727545107444365462517262982"",""3096781549090862806275631783758853385024532544936007344738958230459765298582""],[""16383890522765247418467979282743446242882971229333656516608814408258400451246"",""19845626393524577991968467543663094380199859306682646712876222084007780031713""],[""1"",""0""]],""pi_c"":[""9317379026804221690339193597412964796217181746756330697444638619403169848924"",""16474878789887844324425481473799949882327408780141140237743078991900198703265"",""1""],""protocol"":""groth16"",""curve"":""bn128""}"
"ESG_ZK_2024_948","2024","1","2024","4fde71e922ab2142b9a11a3f2ed7286bf1875033dec8c236233a526524598b95","500000","1","3186900990141076500305053141245247312059002881063986675448803612632269086393","{""pi_a"":[""3877265544025339791783897272874388945167301734836840534215983097188733411901"",""1652328275235541427712962890497262252360719154976490239015945493663372894989"",""1""],""pi_b"":[[""17293796133332651540365294373231038551371399056533891566192202919582315688364"",""17533506521440423100490898853257988013901749150412755935105357035993092962829""],[""10732187420056887552458117556630825971213424965579540870803579825868985388863"",""13486903661864697533452585216468724347196893565613741640171090527299899364585""],[""1"",""0""]],""pi_c"":[""21712684015982722446852353655968807038789520339053384060693225788188286529572"",""12589829488056014095500396741258608248533234328395072385704696698467377555283"",""1""],""protocol"":""groth16"",""curve"":""bn128""}"
"ESG_ZK_2024_949","2024","1","2024","44d6efaeafc155fd668c8da66e709537b56ba6be103872f92c4b6ac702c20ecb","500000","1","13270629092030876719895019079517213852300078718108990074195931914336400147419","{""pi_a"":[""6644950446910238314443066426087081441202856453357181907663756089793563848736"",""11802965905692896815970799805908485931811802479207300873178948631316512662854"",""1""],""pi_b"":[[""12956137461365731498322866832846877446053432544326728401329468190578260028098"",""14556077163906587269981540778369885960912235722816826853679805650237125709120""],[""21679362042273354775903483987012219861947678236139038875826145547730766718289"",""15816041380768415886850964779726729881557636906747106154242531054573528381246""],[""1"",""0""]],""pi_c"":[""3828739035543276816354011919189215945118149396494451280343613078093733296861"",""9925905516125510676079230324653803179568913768040525906275740619920445591585"",""1""],""protocol"":""groth16"",""curve"":""bn128""}"
"ESG_ZK_2024_951","2024","1","2024","0b684ab75d8aab37495c579fbd2891f359441ca6d3aa1b1006853e069cfe1f06","500000","1","19393692722457422634808247154817285345556783396842734322943170726680228861470","{""pi_a"":[""1186048575682069136734667370909938170074323576644037614740319132196377622046"",""12428959120615496510027403774583083349561480739336094863006660499627683880035"",""1""],""pi_b"":[[""992252855137527243978378570240880986962273739724108112342328585090624140694"",""17235217343587576363879047490407675158600716136485638081340695046353474398217""],[""3596885005764663170923890634116475112487864196900593368158058496776329211888"",""12348997963206228565565543441213974143471464576073475083022027044171091365300""],[""1"",""0""]],""pi_c"":[""2713599922883030854537773693526152617909815205354494499727577054827053944035"",""5875292038911887839956638606834914270393931308461586161765174446284468061062"",""1""],""protocol"":""groth16"",""curve"":""bn128""}"
"ESG_ZK_2024_952","2024","1","2024","89a6bbc744873392d1dbbfa2a25349707e860211872affa8312243df9ba4cfa1","500000","1","4157784035668367284162762149433168671636468559230521776994235608531943590346","{""pi_a"":[""11284178204909247184330608708856743054085702244564763225577031717530485027542"",""14541661994663308863491784757419137199040750077287236370387717264906355162743"",""1""],""pi_b"":[[""16156370713546631310139737232270498978527806519148570944223340777454816940160"",""16893048119125545415618109208096459069013481640950921840543789889614963067585""],[""19728192972498513216423430299823883037878172347917346083039085622399772350147"",""8643490568173084477074256642947085800617028938603195506851698947316013817570""],[""1"",""0""]],""pi_c"":[""15301274265004462587318892354970139575075295138085828870897927266832844206140"",""20605374838476446516141616924802423266415957171461846151121459145889765745591"",""1""],""protocol"":""groth16"",""curve"":""bn128""}"
"ESG_ZK_2024_953","2024","1","2024","ab50e77f079234f88bf25424793f28c7a2e478d87f0eb1b7c709f0c7b7884d1f","500000","1","2651607622963842061975128291889837571953174049956855145975327346243509676899","{""pi_a"":[""3080006472444423671037301282439397577847087472408603497659010734821377631241"",""20413209679783959469571582692710171671105356700821273928159241950434371685296"",""1""],""pi_b"":[[""14334604541672285240101261716289126028015320369174411949324433273761377412213"",""1872188373396582524508369568188982975031256907798916011495844074967253175844""],[""4834200946500834785905368760794322978533224088972962180262532383514870747094"",""4707181943744679969677724749011142133032329462172713134989623360871385464125""],[""1"",""0""]],""pi_c"":[""7049511605805745037647668946014331226122958309781730578431227645633681669883"",""9675010353570950504438050747584595001199755166309518514007528791155319066408"",""1""],""protocol"":""groth16"",""curve"":""bn128""}"
"ESG_ZK_2024_955","2024","1","2024","30919f206e927da556cc8ae61347f36a1f77f8460a7718e1f6a0a5803396f36a","500000","1","6140445417775235840741335494190824439390468166283433134837256656857970345850","{""pi_a"":[""17234963845086751434986802512462193582851642084357608409218186873722998509069"",""11227249670893059016581014885133623402473611953119328458427969878466024803573"",""1""],""pi_b"":[[""10394695620762055020304383843386156363530708929948029897828221208921606921790"",""6535136837569814061066316015846124127769000025251975467916868089416377272637""],[""13328682513734183239009169354075810213849208923114274840156525405555505684559"",""15833723167169998703621654945241988138303754951862867170384355642567624356175""],[""1"",""0""]],""pi_c"":[""19024058312749640911461584372244647649234881636967604065075554732530784657035"",""8063750708754959541526020993380082360008600415082361092878628089533544008520"",""1""],""protocol"":""groth16"",""curve"":""bn128""}"
"ESG_ZK_2024_956","2024","1","2024","cd3271c177ab0ca1f55f7f75baea9a4ae66774cfffcccd3e59e513a96b651f53","500000","1","5637374214883444868102253072067414231798492213792969862370459942879538082249","{""pi_a"":[""6335936434378037316734947088693215200334502328942008453897053519867016588744"",""16025669084679776991013821626422626877711635496507791946037834749755370970968"",""1""],""pi_b"":[[""2637169638999009541365446300160978449238901182669504271382323534407528504883"",""21167171821423176792058528871213195890046087658374190050269342072247094816416""],[""8548789398464170958442587473203949053902106673879872670665824565620593254314"",""19896694826261103775599953868237229601669509502731011100189380188255351623141""],[""1"",""0""]],""pi_c"":[""5873183901024379763742237750319949814434643561509821494401991732822936046979"",""5878272939245242735380777453111785273503285928619332808215096045355599973860"",""1""],""protocol"":""groth16"",""curve"":""bn128""}"
"ESG_ZK_2024_960","2024","1","2024","82d7b1db04410e612ca335f1e9d6df28c348b2c2365361cc6db2f225050988b6","500000","1","3187604846369360752269294306962833627371845664677577882686225858002300122449","{""pi_a"":[""15268101763911102465373420921703972465659411339733497228954846175660062571885"",""937639513226665899432201158962713036158053925187441676866818966247084469096"",""1""],""pi_b"":[[""7509693843050570366964953699298385893917944924603942118770146838384543886262"",""8478222488710699973404732976775842026657718072985786693015846062829152499921""],[""1682393586938454990508943954157514882593822877962210713603706927330252265377"",""15176330695057993286683286886845284044129517396327820793799960206933830036336""],[""1"",""0""]],""pi_c"":[""12333347350166190575543031052676992178422750039018258609038596739356097260939"",""18530266771347473488109535313947744658922902124322155311423294310071951806918"",""1""],""protocol"":""groth16"",""curve"":""bn128""}"
"ESG_ZK_2024_961","2024","1","2024","6197155256a682ec17e66eb79651f4626a096de192280f34c0aa46f18206cadb","500000","1","19170487490830543309206034641807409932681977207908043823511805119982991538657","{""pi_a"":[""9618429284037735423705043874304237794107718096096175106735390623320099808229"",""13514223678678652120538178956284066854818988431976627058600437717253507807177"",""1""],""pi_b"":[[""15444980377741125743527909877623847132127049702346493199329410506496610176335"",""6916730625708405896478011724087336351823303264763037866789712097249413446729""],[""15001001330090459579800698875956757547934403436329026800399706930767564593474"",""16410046087018471626074485398430186188339310031357474248369866053811295028787""],[""1"",""0""]],""pi_c"":[""2000283828802288615823036183352670578905152210187014529954247038007786916493"",""13504331692683897490960273229241945191673145708170627274491803652673859123055"",""1""],""protocol"":""groth16"",""curve"":""bn128""}"
"ESG_ZK_2024_962","2024","1","2024","0b684ab75d8aab37495c579fbd2891f359441ca6d3aa1b1006853e069cfe1f06","500000","1","4981048874561963647652035688146906089668985191435405811900022399117451932198","{""pi_a"":[""7146236566956765541751718767475439164373781254366563181848027621719803219582"",""5298881529492964520854032487197418712274497278206248986389302555821824058431"",""1""],""pi_b"":[[""13635040104647101630930966252682510190398333474611299005700288512203010612393"",""7846977301880483729522110096204800478592139127384709573692788032719517865001""],[""2259532742038969061318013018281730885608036439082994423177985839081546865288"",""9712621130627124535504412542688349392837710033938328977144632139755285324299""],[""1"",""0""]],""pi_c"":[""15267278305810460205986652811096623633036377901846509091330870082838865013739"",""14173844335163067988930946918623098376242872305090253793405919577393251059164"",""1""],""protocol"":""groth16"",""curve"":""bn128""}"
"ESG_ZK_2024_963","2024","1","2024","75bde1c0ef360e46f5eb0f266bb9034e4f0bc58939bcbfe11a8eaead365293df","500000","1","2285151058291208597476445546022552301909673907814828492914330223793047922198","{""pi_a"":[""21330198436764436697458572528247992263050395430087443790822232967966440716064"",""12281726913547445322099824563026739623540269444463859970704889659114267713947"",""1""],""pi_b"":[[""8863325381569822647336065688368719602275627985981865574094557805468840318755"",""19524664469896691710175744245964920324727206385152764956916466654223011428483""],[""15115779717448792395780594968559245110649415449298916169145124461709579572304"",""13119024666022836792861978319429695634342346352729208955348546569164949861218""],[""1"",""0""]],""pi_c"":[""6314724962731271689626308682564083701663504181832277503396919112455230423101"",""17318652837580128866466277201979610253862611422227342960344411049516507990257"",""1""],""protocol"":""groth16"",""curve"":""bn128""}"
"ESG_ZK_2024_964","2024","1","2024","4e341c6e2f55c176a23175a6f8cac297317abc4cb83ba10effa2609979fb72d8","500000","1","2340571499110866013761721784860965118568241374200294645957852556673527307477","{""pi_a"":[""16679329395661649800369972001902553456580374925452601961710692911919753520469"",""18336718522268710681539708243896779252466614995645940723171319103802115811077"",""1""],""pi_b"":[[""11558021284844261418693735911376876624906183600041712674724760523132019042157"",""20723040460982265223040113392417929389470043143701130632113492086471985423206""],[""19989403724511572496626327048753896554852707583911852366463840369573338911050"",""20397452546595424704855339109555000632767154954612223246223792196328327851078""],[""1"",""0""]],""pi_c"":[""4735187469843474508988978035539727299488301736902342915277929346487773014240"",""12587909854346707854880078447216186418918236350639714967300467819407372535412"",""1""],""protocol"":""groth16"",""curve"":""bn128""}"
"ESG_ZK_2024_965","2024","1","2024","86512c6e89537645ed3aaac005e89d60db591491a480e11a934a5813cd120fd5","500000","1","7299650597659097144673112570657930350045431345264309851145773665678547728872","{""pi_a"":[""2358380207413518336682827949123067030349726472804767354794521001104269117713"",""20650521692792212668517363293676902562774289335567837867138526796560539517195"",""1""],""pi_b"":[[""696271548526876002441812902933896785632821991966455493901871197981653178683"",""1480840333101765707231123834056560432146383143171302476678159654883924961615""],[""18751680270496291786582482385102462150068784276045751861536505101976928693911"",""4518400997781232677643339842896274729477035266289713777415197825654116442472""],[""1"",""0""]],""pi_c"":[""12250182212253022557933154242807663328548530910493036153322679788907631984686"",""12333950065268143743690952357386610747941339045040553402051808965748121166957"",""1""],""protocol"":""groth16"",""curve"":""bn128""}"
"ESG_ZK_2024_966","2024","1","2024","5f67d039583622290a85c9d74e79ca8fcbe1d82ee7bfb9f995def742af949b42","500000","1","13920934362931948867065953587296209381053450471390425460652219704394212755488","{""pi_a"":[""21089652709600359382096640159605980871070241172658309678145216590697978881447"",""7255593188156932083701285559322578493618098138973703535606449934512695234696"",""1""],""pi_b"":[[""321085726163182057107924032674248578980889119184850703336592158765623264162"",""6805725308928748624121041077362933025144151121091309844804209305931931115969""],[""35410894837213674453516681280924524558752520189746537347953305561906379105"",""2979311776700877664257039635432382007070323762765744493185864400683967540655""],[""1"",""0""]],""pi_c"":[""4759383325587593025898843477657033645667688355923228438905660556681509549251"",""1316931209469478997094790175754867514842269569332536018647522197264983462009"",""1""],""protocol"":""groth16"",""curve"":""bn128""}"
"ESG_ZK_2024_967","2024","1","2024","9dbd4ff66b72573d83ef23632d5785ddcb816a56c3de855f7a430e0e838eb6ff","500000","1","11448464809986178591549175932057879684821639863059556534836075079803688590264","{""pi_a"":[""7532106159866053159221408152621779281305699456465080796996637129718733197851"",""233808453184465885566531277810452542562615195564625987915037561069328661726"",""1""],""pi_b"":[[""21622810167764940283478548072163825699412133920530273066854175183338175633440"",""21296145081019264636011339906148306280403378725616943650241217383322306493457""],[""8788950370347841296929562912288014072481743055470862690652093144780132411544"",""9955679080051792513420013864617673689225074291947902992858117483864599181646""],[""1"",""0""]],""pi_c"":[""3615421387106327693123038172349748616565366862987317444228752498080432336711"",""14554917332429254799912634148924346761354213159698263501216222623123850789256"",""1""],""protocol"":""groth16"",""curve"":""bn128""}"
"ESG_ZK_2024_970","2024","1","2024","c9dfb7d19a8054dd29c99cdcee5a847d1f48a45750b372fb57db158a13f85bb9","500000","1","16520513987179913071666789904611494555620234754517219702524593906647040735327","{""pi_a"":[""15600364652805519963837079327240661840507547473423770185493134026750259914620"",""2570947554116848458141441063415302765146407285907587278799039199265100946629"",""1""],""pi_b"":[[""7160046229249044545244922238284934888615696982692298880724557717450378854062"",""7049753271785497859395016778203846754903275372329468165916643176652703746802""],[""16836940316648712722294295827438359840047371402767552646289457181503387267344"",""17555545388538527608863479093337341560307540943245383270830245837345189638053""],[""1"",""0""]],""pi_c"":[""21869107358100575844810348551740139491805200310382603953016830516317388735944"",""3651031515115964986494529222560466377534998027562733959758382291455722450686"",""1""],""protocol"":""groth16"",""curve"":""bn128""}"
"ESG_ZK_2024_971","2024","1","2024","5ea3e0abb9ff7152d306ad619c0513a4b9f2c39fee7dcbe510dcb596df79b4c0","500000","1","12969458641341318225936476797003367680125874199938087831913945945992712037593","{""pi_a"":[""16702182264695227067021270366824936307153180799468678289657995875401358399278"",""19334903527461389847609445299231979515955276040498114308211565308524674196019"",""1""],""pi_b"":[[""18237630584461947054327882376513778800975199031067802499333113012884301308391"",""18126822184001617691891585564535392388012037107094706908580371179259805081098""],[""17161497045498343805270888996310055481827728917165851692608801721095672506408"",""19558635389485699705414433098343820344351552606599005596521586004463286810432""],[""1"",""0""]],""pi_c"":[""20013692987585119607821150033191198024692839918403916732396938452385330444697"",""2228857902885582861885218133389826510659165058545630342014338591718650862067"",""1""],""protocol"":""groth16"",""curve"":""bn128""}"
"ESG_ZK_2024_972","2024","1","2024","30919f206e927da556cc8ae61347f36a1f77f8460a7718e1f6a0a5803396f36a","500000","1","15988871172950394092541876271101024371621127116888977199040780782894937452642","{""pi_a"":[""3262273101822817116800695735731114392720500998128839041957473298182774500932"",""14976995141550689795646708312005245102364550006014652556437191049438449374273"",""1""],""pi_b"":[[""12047180207038946507329596837289307358912042835284466813189108782527620062531"",""1780510527122587604199930870490648403401134729147704202780644686886408881730""],[""19471026887123425858733786237067947474133713698055730900681868269627812312885"",""1746686724966189669005906173260438497784556730389746919757435991269103387219""],[""1"",""0""]],""pi_c"":[""11765201972664872084945719554988073955965780890606861682332424855220488754599"",""17831807003373441803459152557969349361378677088450387564884645593531095836565"",""1""],""protocol"":""groth16"",""curve"":""bn128""}"
"ESG_ZK_2024_973","2024","1","2024","82d7b1db04410e612ca335f1e9d6df28c348b2c2365361cc6db2f225050988b6","500000","1","5166244648969349427137860658509634796233834387857061102689210354846249576363","{""pi_a"":[""18830332517761288527837115487345054030964015782177729187173557862033006740894"",""12563397549338811928495643170688635140100449470406458806578557163430324719130"",""1""],""pi_b"":[[""17282858792437955904997256058952430343033480644654454626132363177131155636744"",""4717804758007188598729635438917548511913402982666597702975268421515157810857""],[""12123586075966376551080022510383139752366695443729046394190108248269298838019"",""9685191579021517273673161462317589179373822262758620743415277869342778037389""],[""1"",""0""]],""pi_c"":[""15773394751423922649577867158838223881255089614411074760144952162190669145582"",""14009153786444538176775909433196849339036818411250039498849046297440241896726"",""1""],""protocol"":""groth16"",""curve"":""bn128""}"
"ESG_ZK_2024_974","2024","1","2024","82d7b1db04410e612ca335f1e9d6df28c348b2c2365361cc6db2f225050988b6","500000","1","5852080854667161314816914392453339561990791768364627290097406214880717504101","{""pi_a"":[""7187699613571733830695185466198364850293324384333685762550713841944200904584"",""20948894201606006998062086018187436841149252508937117434861366752429190967729"",""1""],""pi_b"":[[""3720562905362831073026725935004086597819319395096546374834768328248824979330"",""19279148811979097517186899877982953157027310138738714286101026688075803094727""],[""17233201383343676298405523716927442309768540184093299589187643220112667853708"",""19160294825497478234860163858157360761673605039043687922083031205442223649186""],[""1"",""0""]],""pi_c"":[""1284066802180480715263588506276622866393789043719997607166139947478512772635"",""9270045660484433582841274432837997867488166874848112898744796029427412767935"",""1""],""protocol"":""groth16"",""curve"":""bn128""}"
"ESG_ZK_2024_975","2024","1","2024","f49683b29df2128ffa296479bb9e74a45416a1e676a0f1b10eed4e7a7751b234","500000","1","17786587089040800642509316283699249087875459528949709203039997423518572938715","{""pi_a"":[""10739966377857283070782691231770512112635197139968130097780182894977803431814"",""16702670436601379290718674704902753717497683577364497902343800200698692050804"",""1""],""pi_b"":[[""17079672762367908218826482283254047984070437804951802266579632743347023481173"",""9399292257719197740813657806990110229697790613375288300034116094997358406776""],[""885887761706674110148775020793030599191001036069585938148744011627249182972"",""12698768678443161685025015817394317425097409861287309577176365905585978044276""],[""1"",""0""]],""pi_c"":[""18001422286223857265150794790299483976676059210823591529805371150113317914256"",""14956768324822950137840518271206820213722455972044727630444328382442068135182"",""1""],""protocol"":""groth16"",""curve"":""bn128""}"
"ESG_ZK_2024_976","2024","1","2024","c2561906d9b774966d9997e07dea12be148bbb76406b87cc67c33e6223d047d2","500000","1","4120447616733025954502709420501311620476139721109475752925770441167703269462","{""pi_a"":[""14778782259903474338300167628602040388787098101808779324698830501280589387550"",""576696418041986274224030921076279944860281652297828261444912948788210567854"",""1""],""pi_b"":[[""21049278443250644960717304206807524779815776350273148169135328706464642554662"",""19239663732472514275924453166601585934988922786031296142439580877699063644675""],[""6518977161843422202817521190327194177299128479092873929171196232108518764400"",""13228838946589051784278384073025118454052546765747522917130008678222670039571""],[""1"",""0""]],""pi_c"":[""3191825496659648145705526197503289412448356844434517492234340643054254723405"",""1825226561264417886280717510997744649328888307376850217169461132645956879949"",""1""],""protocol"":""groth16"",""curve"":""bn128""}"
"ESG_ZK_2024_977","2024","1","2024","c9dfb7d19a8054dd29c99cdcee5a847d1f48a45750b372fb57db158a13f85bb9","500000","1","2506831157167184963063490721955369257305748245205208672624040812264363555685","{""pi_a"":[""3694159862123712562455344327244535795714175867537926284303329182780681081483"",""20910840415478283328588355574480145185880291671534712309887373394769212195489"",""1""],""pi_b"":[[""16179252536308759904241236227884920434947357471711907843419507020695290390578"",""8637879879280796317084636482116951746967284717578525573739502483684955370882""],[""18577995930528608293877415639699267649815071029060603044207466716277891520694"",""15837434838855605295123715720909850328394418096335391686445903702313432841978""],[""1"",""0""]],""pi_c"":[""21409064797957970166788039510325614909294599906772084835208297949901768356981"",""19276227354107229126696170879946733898785773691314968794686399035440763334771"",""1""],""protocol"":""groth16"",""curve"":""bn128""}"
"ESG_ZK_2024_978","2024","1","2024","efd61dbb48f96ed61956745df3d6e218fe727379107b1299e674b28f50d8f85c","500000","1","4604247530507546555261628743331423814075748866202979102647076796925243220761","{""pi_a"":[""5487819419085244335235436909172537248348825072416362892049780974316331429304"",""18217755204674118281749735393162915856243811155066245181879377159383389886068"",""1""],""pi_b"":[[""10891413026248352239788862961283330359551496979813683329209314270351408633013"",""3982578677682776688913134207226704417247269548926026679839282266687199117319""],[""3075088777223739286146962937216326489914631104681077505655970588543767837263"",""18469043612499395860388614648478390465899032985004058233528608311386207034423""],[""1"",""0""]],""pi_c"":[""11008154819647472473857996416629676248369299809974099246901975927310718074969"",""21100055747558549415449069506786572833860645499075517260897437353028494842687"",""1""],""protocol"":""groth16"",""curve"":""bn128""}"
"ESG_ZK_2024_979","2024","1","2024","e11ca81ca3d08b98407e2883acd129fe930fd6a1ac8f32cd03c4ceafef1ef57b","500000","1","11462967484542733681802054560321551070398616113727469587002800710780337999678","{""pi_a"":[""17276415431469880935812852763891732865454634339414243849353385492380187384915"",""620113639336247513386446958052290401111858995699226221653931531752999826161"",""1""],""pi_b"":[[""10862082701530297766200888222452142669393625162526108576064084226396747362670"",""7157855282416044867014081495039492898003532765694043839847716366657270177362""],[""9516453899393761883250957292467431309092565819685990892788005801255042749377"",""3264058454583671280559640586981308170291604997815366184048349377599737488006""],[""1"",""0""]],""pi_c"":[""6670775833559017454035671264962924160864646897160639210496529181580279086602"",""18748536251121617917338468173248067012019597589761357755423573153509574654864"",""1""],""protocol"":""groth16"",""curve"":""bn128""}"
"ESG_ZK_2024_980","2024","1","2024","46cc22906460e7d83809ee076a5d02c9b6a37673922f3a86f5aa127917a1956c","500000","1","5040140953851552058474719171903579491067896954066252774562020815964062064037","{""pi_a"":[""9026630576194755966422553624755028098143620252449186268018593503055851916582"",""20462484407960006658816387434738761336909797581465558647222095281482003040479"",""1""],""pi_b"":[[""18534108497030367857443493049451337956770222214344916781443294791753669271364"",""6337035742007709343381931636687403247761167320423283699129891034720220897299""],[""344255867663218176770045466252397471645808392131331555252951186354859451761"",""21186331820396488662221992766230042400012774034171133631779485960774897435096""],[""1"",""0""]],""pi_c"":[""15067684229005300659208807843094132557657657689839105664874539714677766702353"",""4204891832876769107984552770937996853480355206659242457610182213168099463644"",""1""],""protocol"":""groth16"",""curve"":""bn128""}"
"ESG_ZK_2024_981","2024","1","2024","1f7eb2daaf299c5e66f3cd6c442af61c700e65100ccefcf2f7ebe75111dda48e","500000","1","18968497733757490986281537348886543842683906170693171517979454079624471157789","{""pi_a"":[""732816329262744212911002907005866881193648804207165991289757980537586823675"",""19912593100393720915675265003713143139037113740402254976162615335379713214252"",""1""],""pi_b"":[[""3346584263707663003451339396059384167326322439296312302137207271670549659806"",""2721251298706204707242935176880145606646822282114522385500782824288310723278""],[""462687330505241595827806805052483712189470848018759020183102066480599756713"",""2926022123500357311562818165434495386689156338545060929909218084260271124628""],[""1"",""0""]],""pi_c"":[""20791066288332352073920691384999384180707458338617290450851980514956513895846"",""11576572162269185638400952943064962047910344236128574428324354267783804593443"",""1""],""protocol"":""groth16"",""curve"":""bn128""}"
"ESG_ZK_2024_982","2024","1","2024","477a2ccbfd63238b4bf6fd0a89e4a108416647e79ef649ac4fffad4c83635c85","500000","1","7417698324821535794615312318935659758412475263404393477927910409135053020748","{""pi_a"":[""1590620071427065359079183494693178581655650936816274622913367709487721402915"",""15546122740532879352045098268380710232054889085425744146265375943171742379477"",""1""],""pi_b"":[[""9721416462244385726759501953948431006853505949873363800420635908405551266244"",""3281160229244696524786436681289633222037798755188214619872715387262012490044""],[""6039883225873271157862923255169761234976985524163301811541052908488151804426"",""20225099891396520504873476582926763362887025885430912990608178721812413106667""],[""1"",""0""]],""pi_c"":[""5968846144613603734189161030604454927249630209760337336944011696322796234788"",""12387152485362385118844547280176329290657476348304208484263006122528495174769"",""1""],""protocol"":""groth16"",""curve"":""bn128""}"
"ESG_ZK_2024_983","2024","1","2024","4e6a5985d56557cbfe90dab8369ba51065a03e65fe949b8b8fc1b4c443c1a2b2","500000","1","17161632701580256849210994609423975333124314872781198188581398394816854055618","{""pi_a"":[""11405720829163903201156473796185917582990780561100128380671945863957260767837"",""3940773103077806832307744943013417629641568174778461068418981877623321734322"",""1""],""pi_b"":[[""10612941901176825986450489975251803537043496225578363666288317276947456422007"",""15610041492474085116981848185450747083697846588013014748689503647083931863533""],[""13832562330885692192770139376418270710813426387650394053340523026089880369122"",""5216357616914408480527973062676118752385282334671072454034929431400795023890""],[""1"",""0""]],""pi_c"":[""21435637020812776241833665304013071708840356023442464314195357816871469283426"",""1346041016343616639119088373118672447212648196849695602166298814741005768903"",""1""],""protocol"":""groth16"",""curve"":""bn128""}"
"ESG_ZK_2024_984","2024","1","2024","1c3315c8696d99c6ecfd05e027c2461cde13989a2965c6b8912624b879c7bc52","500000","1","10315292718143440719176885797158134256019759795651134280359467555160616130347","{""pi_a"":[""3118968664831096336366175885888859795307522962672638201144890901114987366029"",""9058982176892246557285954719126908642070205495099411360418404247107678271690"",""1""],""pi_b"":[[""12991296785745840018467408558766559467129654313385322091844067159192081695905"",""15506521259838549798724128686310206779464904002993703856348072762432409638332""],[""5173128811332690315011461435815981078236181493938556078231389022244172924295"",""6583087557079604930253806720045471496037488857272395015789269670727511294041""],[""1"",""0""]],""pi_c"":[""4728498908635529817634765678569281467502330457238730090770241961799209200509"",""21540939501655266081797210324610812370444867751182334330496264628319541006503"",""1""],""protocol"":""groth16"",""curve"":""bn128""}"
"ESG_ZK_2024_985","2024","1","2024","d42a2fd30c224d280bb09e08330cb478406227f1badc7704a1192d6bab3956e3","500000","1","5546886235689194314818422038233449284563739575374458066966041555742723166247","{""pi_a"":[""16518088434646424461124786314750245843936730913521380448881302971216322744351"",""15706309594290682989993963167790917719269181332246909998469176790959168754571"",""1""],""pi_b"":[[""15076579836342081678164443661812387556395614149054841533217200710204622410034"",""1719088456967581691156443949426466891384897353847057868299586131838682438410""],[""1312274587661655523233975883448087869742695004742708730977133666126543071302"",""12619637596068646860523831895391001841378873843689945892840720416705766099103""],[""1"",""0""]],""pi_c"":[""19652006567607113068480290688154435013513191537442852548599160489329756861477"",""6830920748548719668456569086903448870756943646172761792732997541925111198237"",""1""],""protocol"":""groth16"",""curve"":""bn128""}"
"ESG_ZK_2024_986","2024","1","2024","c712b844b8fa4f2a3a3d61ff1c36cdf2b016b0f233b3876c931d77f0a5829d17","500000","1","19384719432361821582545511520692447687011798085317348214621932334167787881823","{""pi_a"":[""8436837273381669605188830218585176766938594592045323485914500333523693141143"",""13937617992468943198680667411710381833683833714549222771848397337178164084238"",""1""],""pi_b"":[[""21676938860187652590963929038987368472788687671356941154029580197967543219401"",""7243265106812169489026217507225237270155047788868266884347599834146597187902""],[""17109792225842278767583789706162419465402518426379490126657557784477943858398"",""20838361329282208526058819476020034178439096491319300513908083726882356720208""],[""1"",""0""]],""pi_c"":[""14328157164687053465883805748230647285034829277297016085372768695335799146576"",""1771182304341513864272928510660556563829767054607599742692291288308580237224"",""1""],""protocol"":""groth16"",""curve"":""bn128""}"
"ESG_ZK_2024_987","2024","1","2024","82d7b1db04410e612ca335f1e9d6df28c348b2c2365361cc6db2f225050988b6","500000","1","1406429677930861651848801369865431681009917279657790957569897736097148680789","{""pi_a"":[""11526535435306163715680657695557185525663992647820572393237752746074858933052"",""5180878765078118912951784595880659083933301311817152787285903632575173402601"",""1""],""pi_b"":[[""3073384996462477642940097581686470926236887834508407979897883874035838239779"",""8442773732265407460192243789170332759593949987721697071553949457815289156483""],[""11535486878953362472405093267304889441901511004437262204086702929123124175717"",""18728234474238732700746764325023289800376513514867705753197000168943320140933""],[""1"",""0""]],""pi_c"":[""5286589131300906368626902795469638374866017368764694444660824795256723573076"",""4166177084679401199738775925823131185431530974440838146023491304843172861670"",""1""],""protocol"":""groth16"",""curve"":""bn128""}"
"ESG_ZK_2024_988","2024","1","2024","6e7b61050391f26117a7e45a0144d12ac5b3b31bb49eef3a8d7553f9c55aa85b","500000","1","4201190875750544199184393518711986007362962159974727456026869850262626123028","{""pi_a"":[""198920731153570766023742455163220774879187297226140465534460528972418557715"",""8153547731978260138865900752862544338578825615916823302947652289953857063197"",""1""],""pi_b"":[[""12349269197733588800722135071519194225552321793255331572377571712563486783033"",""772968516725156373860221928823227475578417915270864096700633529342253062892""],[""20846766161929001951863458544325615732159998560797263450842083574309928557147"",""2225528981731019111778202050579061572387848896776938878172267138359027402497""],[""1"",""0""]],""pi_c"":[""18967081463103221042372668596203288578605658468160197487191862305540969766072"",""17295208483292905926136822529161078443269624469027873085021173300908753144909"",""1""],""protocol"":""groth16"",""curve"":""bn128""}"
"ESG_ZK_2024_989","2024","1","2024","42125c1b82231303dd1cee6698eb7d30de65fa48acaa74fee8366f8e161436d8","500000","1","4042393509693368436666969341307092968515957798181054189461595437876539650693","{""pi_a"":[""15368170188158599287353425231161280158556622670920830999546289234667922932396"",""3011578331792235795503563239085055620610974243098294257144449238074941621711"",""1""],""pi_b"":[[""16401162143708838717396865687913950455853216786354590317667081119076132835751"",""17546197806354200337637361683555765039582459988775891181288284757875600248035""],[""7698056414358947334443427118254772946190778391179590898360612887734110448067"",""13735233467027396061979427810543141835649390961672943142227524023604713337000""],[""1"",""0""]],""pi_c"":[""12937227871419029501224412206731870453338040877154333913284359904606862919127"",""16144080060772281158755763163277349686048128185010815289347083721956532741471"",""1""],""protocol"":""groth16"",""curve"":""bn128""}"
"ESG_ZK_2024_990","2024","1","2024","038f8e4a6d58d0f0bb7c8ea3cef55958bf627b05490406f2553f9aa6708678bb","500000","1","15858534980888115231404994992703530642084031775741739241809109303381225638801","{""pi_a"":[""15889033929881611999382036811839108850883026085484377752763025749023301141207"",""6354569861208587500704446252433450584426260912333214374944932138104337116397"",""1""],""pi_b"":[[""16981159553515630653109722736224660583945483150313281924768022707661175486637"",""5794950838707599470046574321040781079941955165794404009343006650718029743334""],[""15346199221776775328784029456248104000654755813925409296578720566103725355330"",""10102737277295724108126717618391174167561182861921853282930152751497476777901""],[""1"",""0""]],""pi_c"":[""7660289292016491451534612681901006717433550743294491587612160907743782426163"",""13525077990038144203029657010787285810381272084627876193955807181901708480642"",""1""],""protocol"":""groth16"",""curve"":""bn128""}"
"ESG_ZK_2024_991","2024","1","2024","e9c761f5cd00d8ffe791dff96589f2122703bee944ccab09982406bb8c2cf4b3","500000","1","20511436419551540699800156502228699875787798946170712321218002880080705146743","{""pi_a"":[""11538850124480961977205882194484158428256222455205972103420033972118337962643"",""3706893920998632485080771169216150490681242402363390016348980680308756926313"",""1""],""pi_b"":[[""7363893269408834506844128502503087246778671846549193248918359676607376987376"",""16001595289864700243726501314452351210386043341469836531638744107705356596955""],[""15046285516929433981382355587212076754038799333143208998036937552686038906111"",""14950608564724965633379887804671034088317331748045202160037395546896730309162""],[""1"",""0""]],""pi_c"":[""20672002789854933704080383390404230547340453356747621135094104601245890919418"",""7981725037338836374121446706322186582304601264252897583376533224416967956561"",""1""],""protocol"":""groth16"",""curve"":""bn128""}"
"ESG_ZK_2024_992","2024","1","2024","282539192e92a40c8d05488766602078be4107d3e4903edde5480c26f510867b","500000","1","9084333460753904848000653304257522877403259352837663693659735977663413172921","{""pi_a"":[""17988258282159309431697078535862561096208639440818244670206184579942564764438"",""21666744629576286496818180759088491093985015232547785322091965397335986339964"",""1""],""pi_b"":[[""12711166078998174475570162079480409962756735492741458402432456122094263299458"",""6091365057273625473286617203978658884963614952064074060190713158645059204952""],[""11749272503696825197085276034091733883698894141369607405307099700803014699338"",""2575080057831818438061015764463208457716039848727605132318638760550422365892""],[""1"",""0""]],""pi_c"":[""13458005059697503882499206834285609393250578066240208996799649714758263608864"",""1816274658732159429027740934274803264794563860641693198107084939905753087817"",""1""],""protocol"":""groth16"",""curve"":""bn128""}"
"ESG_ZK_2024_993","2024","1","2024","67be5892e1d68563d57e107e9c939fec6ede2ab04a9c7b2b3d24daff1231a764","500000","1","10657500331751236449871240359820416091951309589975290089136108868092601009192","{""pi_a"":[""20769016981248887661358196525275045618360939088450779926619223119669647735552"",""14814616869019149290703740912735931971065904413023254808386373366313263604148"",""1""],""pi_b"":[[""6696820262974510526935504571020293063041013804654957636720909515863713254884"",""10837032688093045751354623558563022843976677707698685250369147741336183891437""],[""16049440912487206933554885481768936948249114404182774505587752219457064566521"",""5179389186974080919098452984810482298024652013567668403454834151269155070463""],[""1"",""0""]],""pi_c"":[""9582633652581079819931354572907756636634352723966365345397768717871021140610"",""19737087091214681295311250975543744750867761106800841031727881987747311518973"",""1""],""protocol"":""groth16"",""curve"":""bn128""}"
"ESG_ZK_2024_995","2024","1","2024","18bb35395d462c76f52a83b92e0e2a5f4b16fa6c68c14c189e8d787609633dbd","500000","1","9413448810689408524685268521585985639793015182930439838690002067720332881896","{""pi_a"":[""931191638360939648167190218002630354046787570614126971857419872953213581411"",""353040137340092451911586286844152183527983711827300216479181921217648486516"",""1""],""pi_b"":[[""5515658675584638676799330151908086598067914255139577292934397107595001045450"",""20881550185294142943395474551099116521099105686675081497280285760150302408134""],[""4649245965787924191631570264707347648501043295175670207991050656979002470855"",""20887514891227781890224664805866919340792943942130242857616426218980334156798""],[""1"",""0""]],""pi_c"":[""3578702930297315736164783269920150356558497020419175592624198563345775185041"",""7121264864185342056196474546016412232612755923438657719724919768060811502147"",""1""],""protocol"":""groth16"",""curve"":""bn128""}"
"ESG_ZK_2024_996","2024","1","2024","63b9def016c2c14e521070e82b42b1ab7f195cec41bf3d575f4944d053a73de5","500000","1","13597895781886215394468041803499463979015800830144866184691123969217633587717","{""pi_a"":[""12645080799373026942766152621955122918560986608132056367479305042111730625070"",""11184663020036274831649089669337863173357267127087791369758288051543533703521"",""1""],""pi_b"":[[""5429632838702581424227516299426209773930928017392728195120390668657370234708"",""5359993594408400235681021773276456405501074792639625004964675489025140722048""],[""2385385468337041040034937198726584707698755521342135773162056061146985553544"",""15104104128585809115643063913647312708077469516582799554130771717697979096868""],[""1"",""0""]],""pi_c"":[""18055310202012983560305108589250077336674429436925676195123465676409189063729"",""1984148846876094461351759565418336471358308584956212088595196351293206301365"",""1""],""protocol"":""groth16"",""curve"":""bn128""}"
"ESG_ZK_2024_998","2024","1","2024","cd3271c177ab0ca1f55f7f75baea9a4ae66774cfffcccd3e59e513a96b651f53","500000","1","5233552385318761070246377675801133658812381779630831065279338152596246482717","{""pi_a"":[""21364256637559683081028411905379509427607386905541002318976797053639093276106"",""19120008528303982598437040797532668401639803516185409964489788770400393300402"",""1""],""pi_b"":[[""19550649196192794682700486655722044387708828865071013504139115352502667881728"",""21532413369884993494930730290153399052181423650702400334949479065988293261358""],[""10257944157477782664862017169085239555448068145394859044813165259669777872333"",""12738172415035949136593806328442447158498279088021295584709783380590161623417""],[""1"",""0""]],""pi_c"":[""2282860448568261835999895215297551145995866082706898355940982396515081020733"",""7341868901263864659507071264467119465398632615201455349003921813411763186571"",""1""],""protocol"":""groth16"",""curve"":""bn128""}"
"ESG_ZK_2024_1000","2024","1","2024","d2e60e7e8129a16943167f5cfa2a72d62a858d8606198fc313c2b335d32fe789","500000","1","16473440065669417043068286024549971586753074479731510898502736589937016998112","{""pi_a"":[""19180294148900505159655539543196537457880360076073343063383842192054987013189"",""21396124012559487776264638574029083700854738518725146342369748580786523975160"",""1""],""pi_b"":[[""16723013897838870496747464374475367889975652607581079555573493478056560407772"",""260360862477499131446318022275923343913454072774637623258528406812492144516""],[""435946226353995442493255055083739012657686277165202284611908267786702795292"",""11740013687061764784651053748909644754438905334241494225432243999078705545674""],[""1"",""0""]],""pi_c"":[""1409693128264202197072330094842418464192056262117131681884162481212339515758"",""10524218614468885762099059952233336088697245103468741001075876501113316815178"",""1""],""protocol"":""groth16"",""curve"":""bn128""}"
"ESG_ZK_2024_1001","2024","1","2024","c24e0b136961b1354f06a5a5f85e40b9ffb6faa13dab4657c3ecbd9690269311","500000","1","3917761036507510252951015501713125317839208225824449399823350514806737385436","{""pi_a"":[""3651119869088559565415095494133597603922367948663249318290126292301029446266"",""16479731581869760995870482213728704587847328486634919481366992526034680571170"",""1""],""pi_b"":[[""2180937983686165665509932878549539333556313953896444515481000805348913061398"",""19761331539624741701242770667333041075695101526965163269609312670000224574008""],[""9573859334364155942913551136421493841091899675646459293805209791136758845074"",""6041373100282507095562856841577932469426819670534592169917436339235008738945""],[""1"",""0""]],""pi_c"":[""12121255757196765816646977667190579039470343516146703083931413770431899229604"",""4373895526736939652388383801572692011348842905167573821883197981034448389080"",""1""],""protocol"":""groth16"",""curve"":""bn128""}"
"ESG_ZK_2024_1002","2024","1","2024","945c25ad29979e9b04c96dc05c3fb36247c5fc3e9ebda9cfef5f0c614c56fc91","500000","1","2245251357159418453667449169623707263550604096919933069078365571342323691","{""pi_a"":[""8584010499430578321917624286118770352660927876557397073971687251537540265316"",""8567507361303023061953913870024877970895906809783651793751427990712330923281"",""1""],""pi_b"":[[""16195302614626133379259459458600372689458265566822144145467946561501068353676"",""13149945745123640947285268572146220711547164878490361765994739968477080710639""],[""5858210109015670823413608404935862167579605159281428718559832086299329262509"",""5382609508088970104021340138932220070016488498223843727845940540142753590426""],[""1"",""0""]],""pi_c"":[""9431327732741645496177788134549054007088309143659353343709059143928458059233"",""13069524884927045526740017659035939297688037466527135600690941512943350254592"",""1""],""protocol"":""groth16"",""curve"":""bn128""}"
"ESG_ZK_2024_1003","2024","1","2024","2d7bff458d14889160a83bd80d8b8acef0d2e191c79e5b79832e3261ecb86fef","500000","1","8838057508622867508778694258349790275217562050399341892821503814904662429980","{""pi_a"":[""3252726355942204512312162631290121695014487367729577756223573744415908029053"",""17936523982247451710810216435007202169396383131305375971262049159475370750456"",""1""],""pi_b"":[[""34192530537882292223349217480832516518293171775515968799631281966602164880"",""20806208824371138998071009192777352424265726290832595633714536527256882221270""],[""8693393332743610807506021238307767413381617827663956138146849406979627325356"",""9350011017339416798970139182684727289859542271922743227519539515977117900566""],[""1"",""0""]],""pi_c"":[""9264076987647782707900757993974155653181817826244731242155177117050572060245"",""7378293813600809152643102892180820467470360041356824127690332491634516589755"",""1""],""protocol"":""groth16"",""curve"":""bn128""}"
"ESG_ZK_2024_1004","2024","1","2024","1f9d4520b02ce93b45632ec99b748a92224aae637012789e06daab415a5b9e81","500000","1","6499743135127174352408948312907249797915472602534816850897212251116614461409","{""pi_a"":[""5666631996177589017846160133988240423266609363774755919693712303274385813661"",""11583275516964576098307656073901381525375748093677337436826046936987760227288"",""1""],""pi_b"":[[""8504350910490376095833754534664329855936132244957229102342690443684004820190"",""14504607260896976765131660817443710566202649366587784498489703834636329885511""],[""504008407658830969316925258892835855079941059884957852518146740687131762440"",""18080186316893946768444151038419625824025574272859592166674697108499724061823""],[""1"",""0""]],""pi_c"":[""17969327168807003851045049978264997920155403279218008529017232615220875570730"",""3794085807033926210940281809050670163778520722762391890680203003705512048280"",""1""],""protocol"":""groth16"",""curve"":""bn128""}"
"ESG_ZK_2024_1005","2024","1","2024","ce39b94de699c0910f89dd84899c49c69f4361a3dc91c7ab546fc47e750b04f1","500000","1","13245836052482002976736422856243015823342773279537319961326278223716129944914","{""pi_a"":[""7303631484069410111223563546619987849700644933762685211677582357836650373674"",""2711624149362195494903070371216701674670524170774599986729465424092865715293"",""1""],""pi_b"":[[""5993930876332144613475691847025594384888652944197377051178538242353279772989"",""14050195083710470955326441713271103594818952364514019357153458709046699346195""],[""10253119191596694580738954501739943575242559109272591344656652029770910149178"",""16004740155392198401283728143932736133682066274640597942967007316791716149304""],[""1"",""0""]],""pi_c"":[""6076811691241422727179492554637700067040985369390851894443597523601290850973"",""5084966211950485893724544619587619455488543031620304620144766018543667576066"",""1""],""protocol"":""groth16"",""curve"":""bn128""}"
"ESG_ZK_2024_1006","2024","1","2024","dd4ef0cb3738994c982d351a116f747d287f3e6d2b3841f4de43584c3431259b","500000","1","1395967479680957355550502721743518779741893650680587591928668803663677362783","{""pi_a"":[""3639746643615117849754233518710054336891358355627329894616064495981129264548"",""17287543106374980341477453811490326191510698390590335194122327414345371661702"",""1""],""pi_b"":[[""13418851860336717875737876806033796943841995927686119976961484246034056238810"",""424659601795509780584201557991997797360941270059207963321079262278856460240""],[""20840152748297554617595393633297739131505462200389514917334276193762337919776"",""16377250008570757064345070144209195738320422541472192611022499178153698772393""],[""1"",""0""]],""pi_c"":[""2285834249939433371947391651855252397661456528598471042357813147381142515974"",""11270946799790060807038914114407158995652811614493794787443790758524319969980"",""1""],""protocol"":""groth16"",""curve"":""bn128""}"
"ESG_ZK_2024_1007","2024","1","2024","6e7b61050391f26117a7e45a0144d12ac5b3b31bb49eef3a8d7553f9c55aa85b","500000","1","4152077336800060394334511079030492014282749640788764127562277660635880199199","{""pi_a"":[""20256154278490414900127886414500096323489493207250065995054586393601592158695"",""18944146747014390671146153305875634762713225073665997878927613318408034952066"",""1""],""pi_b"":[[""10304637753079457857205060337238093252308510335455088669310383908794953439472"",""504202240260320268753428554040130495962128791077020718925915941969153704595""],[""7998539689416702181570800288216434867908259460254625919156298656673224225521"",""10249947601911967581465292621999764931094247053217276143201959416501132424854""],[""1"",""0""]],""pi_c"":[""4758858125637129326588840840046501193939583729662751568225096880585631207901"",""5815577371976123718793287285704820299076517407274778104097181576884856435867"",""1""],""protocol"":""groth16"",""curve"":""bn128""}"
"ESG_ZK_2024_1008","2024","1","2024","fa103bae88156d1423427d81ae7625c083800aa7468db56aef8035bb7719eb14","500000","1","5736907184958712465695844917592316145440320756582575533161395100628472111251","{""pi_a"":[""10280156190859938077737580143682138747835159056084214789016081217902338249289"",""10252555437991400688999509786313079093496172272084399437887358936887127032421"",""1""],""pi_b"":[[""2388756532900952929589537769828319000109867641914511939910544537652361122189"",""9775305610536475216598694361652765704763042478970943919266708410513140411226""],[""2495367091384421630128460393921342368835241264573794353883556678561287674068"",""13803169225804622282684158529058072764499521751116620411522613786429098411804""],[""1"",""0""]],""pi_c"":[""1301393340960598026123107168211473640551141071566999002585104408740695127597"",""18029849321389762293741672913386801284846887591555389875590131475589125387902"",""1""],""protocol"":""groth16"",""curve"":""bn128""}"
"ESG_ZK_2024_1009","2024","1","2024","c8856650e48ae4f9c5072e82ebc623cbe1558c6e2a2ad6d0f97e982f138c8b22","500000","1","21122982834646430181690005147981329789519291867839870154637253308999130002891","{""pi_a"":[""4218660379850689101138096533657690122711490963091581924112768320568397416979"",""15661330796717195991356815451289989923991606000861381789354733897287061814400"",""1""],""pi_b"":[[""6857213628694132236943679192702311965244672416480054696960481358061666034698"",""7591531686422537387496659461209151417361331426567909904469847928634691033299""],[""7658235486635286988194814983787317210280495284555378805428536236639627557344"",""13031343289619461937563098395898013034193710056422502300461901615788327059166""],[""1"",""0""]],""pi_c"":[""21862534872032914407904542718219752062421039444909562315370557239529605629690"",""17258027758360457878044849694943868953039040437022375087707312573350414427120"",""1""],""protocol"":""groth16"",""curve"":""bn128""}"
"ESG_ZK_2024_1010","2024","1","2024","1f7eb2daaf299c5e66f3cd6c442af61c700e65100ccefcf2f7ebe75111dda48e","500000","1","12056322094716789907474500555676824489082124643112414523327055926177656733014","{""pi_a"":[""21612048522011560220437320060395297060890626708769438813995591815727759207102"",""1956106091692589347025889728165873229876234151387485583925578394178326569660"",""1""],""pi_b"":[[""3060071617991136709437507991072464248093988719182757404290295535932320072502"",""8840653929740299697759576482718483324850929265645618061617439653584102232070""],[""10112344990159249420321493635706982381152464498684347279616913136671992729811"",""15686204470484568545059725528760749136182918068005541052232229191216056539624""],[""1"",""0""]],""pi_c"":[""21850695115407929999857156599659295027534114212912074038563748096957320218752"",""18614957768398919563980711273525093495092364609972326823254250499548763210706"",""1""],""protocol"":""groth16"",""curve"":""bn128""}"
"ESG_ZK_2024_1011","2024","1","2024","62e1bbd6a4fe6b1c90d8bdde4e6d22a9b781bb69e5ff1cf07b83b4195e993267","500000","1","8007049832945919413934160985268331146394491170943678101334305358445043984885","{""pi_a"":[""2945022606071215344487451594262283936350076916556440304956787024002017222209"",""5574374492041978150325978244419243439571729851745491028407956282189762279744"",""1""],""pi_b"":[[""3756064103503980882953119291484500004056996849167012896429009060778074841723"",""5318134274286628779639846776590116531882005160769978481588383204616703055376""],[""4218322605078894243103297194744987193430514924742084322481567624472834480468"",""20180717389198280123341663505103487893196298508737111393625547850089794450220""],[""1"",""0""]],""pi_c"":[""11654866188688911246530884803566629598469067505964022074913934623627600604337"",""11156129358628914815233964854492759829928971731711478414112768482034217349016"",""1""],""protocol"":""groth16"",""curve"":""bn128""}"
"ESG_ZK_2024_1012","2024","1","2024","c445c24c529ec993453666e0b3ca8e72441a1e1997390d890426d001786d08f4","500000","1","5590697290706392902735935690344542471326900013000021405329553169867716711770","{""pi_a"":[""7419841325090669994427699730491409010421737088547329693799102969278279603998"",""18948956381598418124574045001985794141627999542892070392497780991289999105939"",""1""],""pi_b"":[[""11936322388041934109829151602883833862957880351966823717628833986053102854103"",""17903671366933740282267196483957393820450821148844194869643792419765102416482""],[""15037268893890892652165982705323387834782781033185680239786867274219622447673"",""8159294059593008568715715191523230698248136675408905000632740424417782393871""],[""1"",""0""]],""pi_c"":[""2068807719163877091251615781011336891950323496644874246111585889519608577440"",""2627184991952008921324253954940813961302089795513723143974405703198417349906"",""1""],""protocol"":""groth16"",""curve"":""bn128""}"
"ESG_ZK_2024_1013","2024","1","2024","0379b04d51b71a29866df7b9bfd16269787f932b2f213ffef60b121545d4f0a7","500000","1","14867107548740775792342913662957510728281916613974334476902057732957162850557","{""pi_a"":[""13394601355782291863224014484983090041715374314262512842818024744972720283022"",""15023030500762347877139029398593237594697999086244337928513832141581624983153"",""1""],""pi_b"":[[""18535031659245097701994453164090739808419876034230697511207457543108893450072"",""1062564641364622807851916171898025941834476732079133710324299045436747265426""],[""5590707044013145531009950126961050841845903238221918510955497003000613721136"",""1967281419096135013586414680621431835396106863169022668973759425397467616155""],[""1"",""0""]],""pi_c"":[""19626073490318957079097691439705935930465613729592194847721417191693428054450"",""21702266528201405709076488829741611875827391486220554887098003390244096145524"",""1""],""protocol"":""groth16"",""curve"":""bn128""}"
"ESG_ZK_2024_1014","2024","1","2024","c9dfb7d19a8054dd29c99cdcee5a847d1f48a45750b372fb57db158a13f85bb9","500000","1","17475774406840301116285503515418086382516533806657761880986008584372062770346","{""pi_a"":[""6029311798813562114025169437205275207173374666554383179121380509679350808788"",""1237609439244986104159863929808446553572492317061631165622484347660041312366"",""1""],""pi_b"":[[""7492962771183668556109095220115781620409603558466849242070692517104938561574"",""12459335242577908332312185640852912872556174659033953904316587151776930242685""],[""7033404310030886807700417182218022526799033304647240583076438780275242254380"",""7445921566761844573810048670643631153147811741625821818039824670732890338726""],[""1"",""0""]],""pi_c"":[""10943443958757662543741761675739073740972541441644718332378425046108922763562"",""19598828935070605050192350708396174865118553491801031207166409099896387295738"",""1""],""protocol"":""groth16"",""curve"":""bn128""}"
"ESG_ZK_2024_1015","2024","1","2024","89a6bbc744873392d1dbbfa2a25349707e860211872affa8312243df9ba4cfa1","500000","1","4493196962742171123574089117537511882115126837176485283288841795226630458568","{""pi_a"":[""16443759343771645350612918968804150786884730299180734181520819010396639084295"",""20545121306640161056192910791307431621455298947216354585019831715099457988839"",""1""],""pi_b"":[[""2635115187870670387786318835396593761070047252968498098274243323166340573470"",""17045117177522672326276637365552116983812358302867484358007291477576746246512""],[""6741054659148664952980850628114820312603450251799225756537404820497725789700"",""16705154482454661449340709359509203763429211131732672226710110600575402461312""],[""1"",""0""]],""pi_c"":[""218774964729376889983246614321409641848732563177029549114682710103019543415"",""8259461719599007320057840727422423187335146696109820800076016142575629601139"",""1""],""protocol"":""groth16"",""curve"":""bn128""}"
"ESG_ZK_2024_1016","2024","1","2024","72dba50e3dad28ddacd8a888109d720163eeee1dc14a710d9438da54b78351e3","500000","1","10490858412990149930697740867824849714544100262595728949264139836663743006912","{""pi_a"":[""5836448541042934512912914934574646540482507545470497602860450873993259890290"",""19958414235991154333171928610083656323585697655513583775104002688315592493401"",""1""],""pi_b"":[[""10046530524634632813493876863907053183703638149099879779533114828849295230885"",""15934987603953135966070598882451660580730212730459738695395284027150131676716""],[""15547883312503322563977007472100691746310937983766409806816646042133318499268"",""12572742843276986735196656386034231829339571162402938242022711503570274416457""],[""1"",""0""]],""pi_c"":[""8314970143345355398821373912586061479841761849270748052127557591006096534745"",""14771265991867973939681319689506550954943853835409937418551041224840311689106"",""1""],""protocol"":""groth16"",""curve"":""bn128""}"
"ESG_ZK_2024_1017","2024","1","2024","dcbac3bb8e6e3f88a68fa6f5bf0efeb3dcb277d4172553b80fc321a46a5b9a9f","500000","1","18854436045735265230475455260521738827879225815726477250161043734808887192479","{""pi_a"":[""7221721855227457306379712299082888577067173833443207212532004109961955915295"",""20431017342519824848620586971585981210015394995313412486302793819309201616315"",""1""],""pi_b"":[[""12484739754854015167689735834244502653001449822617244138269864386201226283463"",""17066198486706843339816717811134296973399774726825184405944689603788980285980""],[""1419342934114255796527039145302792401843009726053523569202272922402749400557"",""6881713853837557626873838803667026171689096402283206590512998008218486470861""],[""1"",""0""]],""pi_c"":[""1932022317045320580673843524152094182519432362595199078543849550255618521976"",""608686638015288612354398807806187654884829904053555755244420330680301288275"",""1""],""protocol"":""groth16"",""curve"":""bn128""}"
"ESG_ZK_2024_1018","2024","1","2024","a74ef3178fc468be9dbf0e409249f24a4a4f60037c1386b29e91d07d5a217197","500000","1","19363626399675645157891161605518907749256944047215552759074622229599785294091","{""pi_a"":[""14929967027291398013664152635517000936309801878705326717548688653982220642242"",""17067906500137034320395300559040234432796381877319813191381274849132624521062"",""1""],""pi_b"":[[""9621001532875413757294359308672507617568301671922678647625033174598759703188"",""12127739894311883841602201823238871648728248811355342191889094872669320292169""],[""21761650958073485237035638287977822338748840559394165640524221410872516540706"",""13567984835040487438636458218399580025841173853841517383374212832458160868925""],[""1"",""0""]],""pi_c"":[""13109586112600425480614604085910131325569286943680342891333687359225159719877"",""18830168873617323066930854626248113785090735768501865135570793710181480257511"",""1""],""protocol"":""groth16"",""curve"":""bn128""}"
"ESG_ZK_2024_1019","2024","1","2024","d2e60e7e8129a16943167f5cfa2a72d62a858d8606198fc313c2b335d32fe789","500000","1","9534704825840665362236736947220092676673072804801117330945367560973933866088","{""pi_a"":[""5696686967797037812895290898567690021091723242543364419501276417567092437182"",""19417132759989485463243728871365872390702084857141389789594002816122179594206"",""1""],""pi_b"":[[""7737743076234957480565095092828940667733730657448663801276930822897633446961"",""7932896989581781551290537458061121709898582855099626467559104323873838376306""],[""17035414455071865880057109301941962333302329268755701363752733319864033095079"",""340928701213693977742365434878849586918909368720737722376321491811356847177""],[""1"",""0""]],""pi_c"":[""15921896864787561325709269889459417906793153630745829063683291547028598121425"",""2229313153201472302824419111974784795783813485755748594035070851700440840258"",""1""],""protocol"":""groth16"",""curve"":""bn128""}"
"ESG_ZK_2024_1021","2024","1","2024","f7327b2a3682b907d12552033042841d01aa62fa75f39c0880bdbd895bb94053","500000","1","14769318441800557608242768573126749968348391375448227613341582142844049709814","{""pi_a"":[""11828983037091330989431017052788285742891766342931259517893900915732661508151"",""8849905244360150232982305142963047678226724378811298789124652595721747452003"",""1""],""pi_b"":[[""10889421303235778097260514617826676571650990079294989158989076661645624655881"",""11421134821506210653733593608214033865123545467129089162939167942340143614899""],[""15261128727787117407779549312687937100916566765076118851074008837874343593619"",""4119559579360770803187955912577082343923764575982941829973698718834888626438""],[""1"",""0""]],""pi_c"":[""5411541534969853112814030300826798316367042210142142512374346637532987576794"",""4313581820913775578438722039392714259745421051031554563508137001273882133042"",""1""],""protocol"":""groth16"",""curve"":""bn128""}"
"ESG_ZK_2024_1024","2024","1","2024","6e7b61050391f26117a7e45a0144d12ac5b3b31bb49eef3a8d7553f9c55aa85b","500000","1","6744809965289460025556862747949413055585698695005999141130456105952479248819","{""pi_a"":[""21561304468125660791056571717118028154482480248962597921559639430054532033522"",""1096396192987680445762987920820693292041253904229513911551230790359068458789"",""1""],""pi_b"":[[""20261883443190283311316717507737405002629578516058736663874990749610072170101"",""19194395734987109599817223081255331407360492358328128599039709612289674441300""],[""369032809888966581088105749194818235919659064905089497672168138568443968650"",""2292266787392545621126613737650308809602282476998122526792486983022147242362""],[""1"",""0""]],""pi_c"":[""14193131539032451105518380408740204525566103242027909991334630346592150087312"",""7121182937131031396858161314124526339235617750710911954570717988082569036698"",""1""],""protocol"":""groth16"",""curve"":""bn128""}"
"ESG_ZK_2024_1025","2024","1","2024","5b14c66f2d2954c5615d7ca9fc86ed6cf5774a93d16fb7485b8467759a68adfd","500000","1","15269245142558060393232184015501193840516821798909142422774041334384005920248","{""pi_a"":[""5260543187264505374886316141689621373230780483863911497708213778134454597455"",""18479839266254235644800610951505066174660416902402756352994117893838287439043"",""1""],""pi_b"":[[""20275909623831826901993239961205969208898577293106524401434095356598283118072"",""16385179196216147107697823150073072305222069339659552998092023456404780872881""],[""8955074868956235083399462364468168822874683646390282504032153864953155126673"",""11009941756278423929876842049125987130486561663457942025310276442589094355479""],[""1"",""0""]],""pi_c"":[""18964827865330762497501765841856873577752356771723547902238935833657980985711"",""19013943886513346088642364098484081553717669235543619272828347224031660431564"",""1""],""protocol"":""groth16"",""curve"":""bn128""}"
"ESG_ZK_2024_1026","2024","1","2024","f7327b2a3682b907d12552033042841d01aa62fa75f39c0880bdbd895bb94053","500000","1","2253697425781945309887770403947854202513262520269800551969399328629565535693","{""pi_a"":[""2476651078870447127175957752498235726680922551540336399786393157262594514551"",""9159034224132478974067189682073519754011810738790966798773176064726601203116"",""1""],""pi_b"":[[""11427306198060028688022173546934606625307237306779218100754304771069769328533"",""2561979184063287725796813234731087989590629372302050130027271342314151123538""],[""7961885226588861965490449875946547083462055219187772873771509933206557215591"",""17481584374302100648265395906266596288387566809674793941527197586678770707781""],[""1"",""0""]],""pi_c"":[""13404214522814147182564096625012421139471868955224707653884739680616227182708"",""19174579827987237177919605413575048934797279673956737567980599597379311998767"",""1""],""protocol"":""groth16"",""curve"":""bn128""}"
"ESG_ZK_2024_1027","2024","1","2024","95e5e1b9cf20e58f3b2d8e3488b16ef9a66e93dd12ebe812d655e8cc8fe76a35","500000","1","730638421315690322601628154844227493634335514728662058125782481234637908552","{""pi_a"":[""14253716661156268071304360762869380843547225127153211406695334400268998451646"",""2096783092469602988494109412374233517831530296641609094851315345010724812777"",""1""],""pi_b"":[[""12356064315118639059284964403535931855921338180232145059496456634290897166617"",""1526194434581596779030765915498214847170678681515258068906735662935410730675""],[""5523694817864516450823394469813973835056762141668882695391475537212601587124"",""16134287533077149765583630570438168666544913917191819430406532311326856053812""],[""1"",""0""]],""pi_c"":[""11459074359838189840823647017616422167083628821962291190278440513365613998842"",""7866018707145868725767514766403006898956986496752878580200661233566811891680"",""1""],""protocol"":""groth16"",""curve"":""bn128""}"
"ESG_ZK_2024_1028","2024","1","2024","7d08774b4c16c473bb44d09b3cfdc50d7fe6d6521170f9548acfc2ea2fa6df52","500000","1","16932314284342785487344773218040336848180186715112264828953320584575604079508","{""pi_a"":[""11505832593101651900864110471482539653029338491270452539697688077357767424151"",""6451363112906471669943386279753729246984548598493132641319757756175969550593"",""1""],""pi_b"":[[""19490513078365624890203610501254870408628752228206265805095890026035391263096"",""16517962741217828499248526185825120109585299315055377706306312917312134387333""],[""7501781288896109750946380245906015269178697224114385553270752566214099052607"",""7981171033939335075527027754345268198527267790693320132764381637098565045991""],[""1"",""0""]],""pi_c"":[""3513550595763832750633738779775344367459168583789871620582781014495239564738"",""16492706414388748883839974858546457837803299319399214002154684368968711746720"",""1""],""protocol"":""groth16"",""curve"":""bn128""}"
"ESG_ZK_2024_1029","2024","1","2024","6e7b61050391f26117a7e45a0144d12ac5b3b31bb49eef3a8d7553f9c55aa85b","500000","1","18214275211188685083866103109958009456897816553737172350123610611698519467344","{""pi_a"":[""1438494809807103887649305174726982022904305939804781307852334197392458031074"",""5768003577233770891434851421075688977722086422901644079888289478991976808442"",""1""],""pi_b"":[[""20903591841505075545670874137231799332237944482689493394591506355256486899537"",""16760736287005190939096069653084028615740575942413892936190070215196083332558""],[""6521481168708309336750341358318321381656814690467309158149842944057356774165"",""9462413124189416624035960056779470229367149421502467285312124427593273871259""],[""1"",""0""]],""pi_c"":[""10327844674169934430711543912286776481708481349296955160069337640403342483218"",""610762425918800636406022229084004616272003367260945220320390759401630776078"",""1""],""protocol"":""groth16"",""curve"":""bn128""}"
"ESG_ZK_2024_1030","2024","1","2024","4fde71e922ab2142b9a11a3f2ed7286bf1875033dec8c236233a526524598b95","500000","1","19944144150616577799767236303654973014230578294492646886015216373673404058735","{""pi_a"":[""8211866410790382813521435231696748066464762163175634742254473763179059217246"",""8061067742353447087555632630906817205593439557315656001891002388090379179035"",""1""],""pi_b"":[[""7272652215662165893394028619993474725339074872926922041448655023829728950448"",""16928801448098338522886091855360468871983542296794150055812982599660015372293""],[""13595099652502558815723298569109179420069321769194045445393194139148722379238"",""6440556704669694658082998591824315269942034070529669352662055829526049886439""],[""1"",""0""]],""pi_c"":[""17281328332759324304765987580574003589074027187865838422100400186646654964908"",""3414375518378959323107684823487948573853642519869678163241148871260520240259"",""1""],""protocol"":""groth16"",""curve"":""bn128""}"
"ESG_ZK_2024_1031","2024","1","2024","1f7eb2daaf299c5e66f3cd6c442af61c700e65100ccefcf2f7ebe75111dda48e","500000","1","13557682332009019152785105657576748810900281893708231002584482934512567183350","{""pi_a"":[""21312091645110941195943381515347647802509714370137209806614805746223272960146"",""3742885057855685361171141688588040554116110813959535093825900662887631057913"",""1""],""pi_b"":[[""4460175365280872748687537975158253721089524599163094862886563821398039085487"",""15114954993603123156649232285759763392066733827968493825525045389137612997340""],[""3117641498872956436511357218675393457198465097016973747158073846898287430506"",""12262521600405487076505553908913895170180146206575716657617643093169800910421""],[""1"",""0""]],""pi_c"":[""2078351586487676877564342646237032160223640796568406095055052022011926949900"",""8627482818374877582142499591942230365057722711053669725501115658835305626941"",""1""],""protocol"":""groth16"",""curve"":""bn128""}"
"ESG_ZK_2024_1032","2024","1","2024","414d85f1ec06028d704ca77b9f127e8c8ff5462c4f57d54696cc134f23bde9f8","500000","1","4292909398863097947554711212184214726374298509667843980165246116614412761339","{""pi_a"":[""21350340370113389813717571830649985588541306062146936253280085182930575284870"",""4591272211638696735295835491629994039143326717207421100914419499948192944878"",""1""],""pi_b"":[[""19810755126528978241426330909366135638960726787779172636981804899924591044032"",""16089577222579360160639604347119146195303981170545311879570444239651433363166""],[""15556823609795556275283267037643421229968909069334063016273734764121475799888"",""17464919793782747067913285884507239468792902698862554284784159401965939958472""],[""1"",""0""]],""pi_c"":[""21568316809400435068985919414061703866181476756490846396218247295182092702827"",""10466316990960683157392436929117790607987118060371768925678134118357895234372"",""1""],""protocol"":""groth16"",""curve"":""bn128""}"
"ESG_ZK_2024_1033","2024","1","2024","da7fb34884a40baa8b5fb1f12cc23c4f870966493c8343eec034c802775bac96","500000","1","14477579073489808664010212432208825755362129052398428229780415387742479430666","{""pi_a"":[""1366190682549667900399514383082514415394816673498897988742804630769639416227"",""7398283989756684051117685529235399443110594507553473977346392940399096160624"",""1""],""pi_b"":[[""6163164173349415839343562658841472682271479761828427286053218716061298947700"",""3356780605398554267440819538724612238804312934194455581251740826407706722576""],[""21382672973193692970422740983724764058531722227229842675042740533867188526934"",""2012705619183601623659094868583715900468286700152606817390898147500478002384""],[""1"",""0""]],""pi_c"":[""9653811290333580914534018279341799461135638685820639992840657840099091207477"",""11978259673138776697895934191192096981094697477990766970325365052873626399380"",""1""],""protocol"":""groth16"",""curve"":""bn128""}"
"ESG_ZK_2024_1034","2024","1","2024","2693016edde4265554dc93634f659feeb8b353174628af1c7aa340f7b272e1de","500000","1","2223213516648918220754006563506216837606511879370325439560516589917106293712","{""pi_a"":[""21053103202955015335099744525718489345285389740824104818463151716623516901960"",""18508757886393895469503225791461298243725636940491291113186409255916149268604"",""1""],""pi_b"":[[""13683584553399768463823578145856375467241757339379581619694358026839973984738"",""13282319116855860739130657074239801126556006671326601807666355757351673840091""],[""9635315709006771266454868950680736606869443202454899316787741430150126357972"",""4567045176640465599480264702128579567621139327750560833893809324116380106004""],[""1"",""0""]],""pi_c"":[""15045641873757254501161549159584633534918576846491774487276764189715248485693"",""13720765038566071600059363205898397178280537572384185225948794660734394881533"",""1""],""protocol"":""groth16"",""curve"":""bn128""}"
"ESG_ZK_2024_1035","2024","1","2024","786970b64f1f0014640eabf0e28554556703502382aa34d0cfe1ef9c0453f7e6","500000","1","2168458790298029881742893880589147970900537609534544247227218022637509742064","{""pi_a"":[""16949681954785714483814792369594994127706703987122049262511665896694372290709"",""8884737936343999565171512348140833503828991487508071420745563575800901569739"",""1""],""pi_b"":[[""3562208842700567065134862089267358862804292689680319975328841829604755642352"",""11889473742966102576801484744450632096190471913788433330084723835325380941449""],[""18275327645545992400088680637846293348601662692517640841825610441302973055637"",""15806255966554880917806768478082088068378259710900352165549265994070910271227""],[""1"",""0""]],""pi_c"":[""13698800671996267623309069507289827425569430858755212460307886979248067446430"",""17303024350488602871573639381381477373917961468855568587442755763024599108143"",""1""],""protocol"":""groth16"",""curve"":""bn128""}"
"ESG_ZK_2024_1037","2024","1","2024","e399277f2c345b978aff8bf410138381b029a8b1d6d590e0e11289fa6675eac4","500000","1","15808555506900913990656926519803600877663238643950776675653523372800542149910","{""pi_a"":[""2109731713423622256544448085477966287063389665553448268850910152281175161959"",""7363845459888012762338840441059785583475747932166414429557202195061596696475"",""1""],""pi_b"":[[""6329806941075721164324688223172292920728987265021093299991203775986572680690"",""1677968728009247109490840562478948097330030387816012251986465143941634710676""],[""5010042039286056596708563797554224177523030049408456117967968322573317011039"",""902053313430171766670390737784744299768857559714969708927503461815085093859""],[""1"",""0""]],""pi_c"":[""20247443304433900111593904862926814168678915094471617719827881841589726779760"",""3657766281841451137302596394615029507673482312697620136873911365575959155723"",""1""],""protocol"":""groth16"",""curve"":""bn128""}"
"ESG_ZK_2024_1038","2024","1","2024","c24e0b136961b1354f06a5a5f85e40b9ffb6faa13dab4657c3ecbd9690269311","500000","1","8434890634338122836262405771304761795865242450502225143462203756259838803973","{""pi_a"":[""17840805075920355829756066311468068402625299551652485805788324819370578362901"",""2360891014463923073086329998477339161831900851004956416571924977812844902077"",""1""],""pi_b"":[[""4332595155245578239524250289698890088392467907284760997560598448721296510498"",""10741693718564575739413128287741427127696102071650143970764494750795590315554""],[""21082664053117012172367800717079851227702099010249857663734707024069838560369"",""3193380522769841667972217488050689343341268375697043343701384910106562251440""],[""1"",""0""]],""pi_c"":[""494983755665772272796447656573123661760713227713810814546777134404451251641"",""14521667269804123176524738201105809600864031679919362710021046886020849136970"",""1""],""protocol"":""groth16"",""curve"":""bn128""}"
"ESG_ZK_2024_1039","2024","1","2024","52faa486eea1539d9313419bad89f0400e4653fc58adc93f9dec1fba529e0ffb","500000","1","19396604876460181823575076492108732681164531569264712257483866744419483726608","{""pi_a"":[""20218489681806520752993626358139339994137075069263518674828826504928829408278"",""9000449101519179754475813491271585709256611947532899816470441430533006435863"",""1""],""pi_b"":[[""2015175172170337694059048023567425293454615674099777997925277229187709534608"",""3763848610969166155590935814171014122759527618197488878901337641665517707855""],[""16542875830083476327661787663033370515259656049729116997779731592309771179348"",""18270854302266725821836275997451960328916993302943377663471999774813067187923""],[""1"",""0""]],""pi_c"":[""18320458591886496008503481964519562304953951068731615583573977951918445517763"",""8972511831230733563073355256959247095631093817409934935000934310331298277988"",""1""],""protocol"":""groth16"",""curve"":""bn128""}"
"ESG_ZK_2024_1040","2024","1","2024","1ade31b8f9623704dfd3f5fa0c911f7cac40730e560b130f42395e4e3d631288","500000","1","10218092619392233453137971713845182057328764530876183975675426401680928259614","{""pi_a"":[""7471935688627832084357343435346732117065259744323806137411771440389429387353"",""8748607338767105142151540138842682183720864509792071587395098709649723231526"",""1""],""pi_b"":[[""13564806809817663382026056715747259515693796832234563597032736831718960580112"",""3692575058012086975184390517541414154371133463316173747674372077800225188771""],[""13826825874198805196957501272234894492840635525723146933074850554028764273552"",""6511496697725713928818867420860476794257572806002997778705975358327511132107""],[""1"",""0""]],""pi_c"":[""11819559888405208302252082367539328875256393805180671092063877225051631291190"",""1912923665799798362220628513885444404877457463281966823425681538229007037633"",""1""],""protocol"":""groth16"",""curve"":""bn128""}"
"ESG_ZK_2024_1041","2024","1","2024","c9dfb7d19a8054dd29c99cdcee5a847d1f48a45750b372fb57db158a13f85bb9","500000","1","3691866733446668249155007562477907927204179042036564323138503186868499947738","{""pi_a"":[""14348462167827693656594619045700519398389351666301515825702538359068187087108"",""1946911299481259436077154433244201755880809138154508073722277162359627958821"",""1""],""pi_b"":[[""7261883164822894895319522259947321516842317838495291863169922170203358850754"",""14068505654586586976970356265575454526275814938115552587523070844701531185059""],[""3374128770725006260216483999069827742689997746561247171299299639655516006256"",""21081870904827012736889740600399210282020507035507400703443984651005033787522""],[""1"",""0""]],""pi_c"":[""3455929818135237545425241394535627933288611543852065801557752152895922452174"",""14990531619564148087425474594691261118401201480914105507974296280537980314545"",""1""],""protocol"":""groth16"",""curve"":""bn128""}"
"ESG_ZK_2024_1042","2024","1","2024","e89bd2aa0ea7ee55ddd4067a4f344e911c4021a1c1ccb34a51a22a0babafb6d0","500000","1","6081437105106350713622551513181043489603549780345177145846457554674165243907","{""pi_a"":[""10959667181356777793714239023186660467951631904755050353663528180929596797336"",""14111604278790623655985611281753009513531752828372238995988103774243973220779"",""1""],""pi_b"":[[""20584846240755537997760160640580957092439458802409150313301952443168343001564"",""16211520088242897872654295944193538060831043905530168297772839237654455591254""],[""342782951918630212177019517337418660386072479908177021998230546192754597887"",""13153082771208225734527136413894953797911985781779820747606929697446596390614""],[""1"",""0""]],""pi_c"":[""7759087798716442101013002802644239972214561410540680810691661224196357453440"",""5784941867250444364475691810869735843439115421031084188274849473521076734304"",""1""],""protocol"":""groth16"",""curve"":""bn128""}"
"ESG_ZK_2024_1043","2024","1","2024","394451a85fe7af221192b374ce062cce3171dac71cf2c8e825faca49377fc4f1","500000","1","9216608620572632650473227649664146071217147256743657325116210766628044335297","{""pi_a"":[""21741900129683454300537832142156339127386487279290674633494183537637525613072"",""15787547375767121394144371808612362935139167335955683991602180406761853085199"",""1""],""pi_b"":[[""19645219589933720830639238729364051931088590359389375211285122819091753286698"",""4518126570688970750387742253659876819631184683580461571845655112470701507363""],[""12802739351723009541691254290219537524464975558388886219298687220429374193342"",""6004785440055399266324379267216288985907576146681350238102857785590556333195""],[""1"",""0""]],""pi_c"":[""18209103265806972563741667592368842589350579079505708631712289876775558585271"",""11818365762694425961291068325191217077778510461771582201348971941922311546927"",""1""],""protocol"":""groth16"",""curve"":""bn128""}"
"ESG_ZK_2024_1044","2024","1","2024","75180cc5ac89cf7b5aaf013fb76e82bc0c35eaa304593db440c9b3c22c34e2dd","500000","1","12900731143874043173100323664605866668213560691136473896603667334506534727800","{""pi_a"":[""10672804770481488105952297855059341312021912107377694157706081802241772436974"",""12666886762813181952214078867568346669889289421014984321095879408439252364493"",""1""],""pi_b"":[[""16418912484751343923590176886870123298122240062412827035594844961785296024242"",""15616197243988521428357234404118852981246269981470669777778220690324508780894""],[""13692858479260108819017799048375693398505042215113405861959115496514166591044"",""3683428621621174012786299362821838542856435503060061087526074464797553290850""],[""1"",""0""]],""pi_c"":[""4805247760402033326441515139246306234094936265177610051055104274745803647251"",""16981678884872692743772608211702602221678974897187294543635989690772399692828"",""1""],""protocol"":""groth16"",""curve"":""bn128""}"
"ESG_ZK_2024_1045","2024","1","2024","cd3271c177ab0ca1f55f7f75baea9a4ae66774cfffcccd3e59e513a96b651f53","500000","1","12505157359502168256467509140468575776425646595975056464701068362125809247105","{""pi_a"":[""18260102403060803425516872662654116933100065879709841154833602684542447296122"",""2736668935935236394842680405592482880252581062349676728071903911336943169068"",""1""],""pi_b"":[[""12907170275303587288301748902408260811348385402347237990068675339199374488423"",""17878537547716601075616294920055334321411176302519640158605380768201913893442""],[""12045014845612563718022449396980040487251441089423172926530173203270796875572"",""14225210070104195157248990999631010234376801152746168726721864307248693528201""],[""1"",""0""]],""pi_c"":[""21088095459187013597283979533905257971506618774801663389545149564056506703056"",""16297651165494079889046876125672027798388897979883703433192563814529448671215"",""1""],""protocol"":""groth16"",""curve"":""bn128""}"
"ESG_ZK_2024_1046","2024","1","2024","cd3271c177ab0ca1f55f7f75baea9a4ae66774cfffcccd3e59e513a96b651f53","500000","1","3963967081732191908768161362874416417655407087698318625272837474373491983568","{""pi_a"":[""16701101576032355273377160202650226313536499549245086547304572211669950019977"",""21880884840166383633649440729010049089698689354215482719023908514279952456746"",""1""],""pi_b"":[[""21785877410784588418904820293500132072161473475508193655068667589609254051184"",""1555312019737462888456580834526025341289876005733798449617949803895379110190""],[""18872342817221131384015060416276903725541528736172759757124095578898041603261"",""10694853555514713244765159543112723290167465757270785284327933407870175938291""],[""1"",""0""]],""pi_c"":[""18613337020154225560708970764775327310427013473137098121534285232282382580236"",""7109260770699319352269197830215014386834980311992755326432469265087069593469"",""1""],""protocol"":""groth16"",""curve"":""bn128""}"
"ESG_ZK_2024_1047","2024","1","2024","43126699440822a589ca416c87a286a2e9c94772d5773a5ab6eb717c16b6edbd","500000","1","13050164888359843569389357090487909407188138426688744538052252797109049605556","{""pi_a"":[""19744141042677252032358949615469887125619925713769667627983155451907428095043"",""19079844135125952981491426824082840302176001649735133915226118725836679135555"",""1""],""pi_b"":[[""94330095955989418499039347584439735639807472441362187610027935484554771286"",""12961657612258349648625018065261979351800388937734474615448789862638780921714""],[""19941936381432458651847034787774579451254329921752690410196419510889328104251"",""5729784751278088737676501999959875955346078553003176150375698492513522100740""],[""1"",""0""]],""pi_c"":[""17702198238395710241630018741495249303836212440947455214773780608921011804090"",""13249589305687613835020803191253680207358148641030884585441273258456054834131"",""1""],""protocol"":""groth16"",""curve"":""bn128""}"
"ESG_ZK_2024_1049","2024","1","2024","462b3cc10be1dc8f84ff6f6afd5c79e5d4d2471d6387c03c8d1227d8df430dee","500000","1","16619605823772425349263612579571848401079620999817339766028763834006397131083","{""pi_a"":[""17161578278063664002256623668108167909388834193871245381819337455104502471766"",""21875981578822700257923688126756866959953405866223558108470763749527678149233"",""1""],""pi_b"":[[""20549594691178499882224271997212931776035567936621767437617534660471077447833"",""18850435734432577096609583095732583198074922024114155275171076192456826297187""],[""21833913109490663358048973691463597230906453388678686210984286603072385269460"",""15968792861028926434624591675154067466346865705894991400877970843652405695632""],[""1"",""0""]],""pi_c"":[""6439338068385536941867727050117960919211560043974657844269752935126051520717"",""5027223903721698955731448198567307489619763397658321201907505095422909443959"",""1""],""protocol"":""groth16"",""curve"":""bn128""}"
"ESG_ZK_2024_1050","2024","1","2024","956b806df199f1bf73bcf576a42d3415c819bfb3b11e743a56b2f72a4ab9271c","500000","1","19514818056485719724548338465374327142549335730847722475676375624512196046769","{""pi_a"":[""18144609490179323898851098161200646280329202765246744763285681657282210087482"",""16669632866689670479762219494743536921599194637419602890170987476731308309662"",""1""],""pi_b"":[[""4538684291762889375808164410497089262459342104860121895659021693998776212056"",""13361302615061950348237760633700334254153277495831005767264924952396979940807""],[""5302045625337161005214743850791107733444463307752827634018569102954127430701"",""20007437869562546495432175500944704806559257386009417935758155633157145783240""],[""1"",""0""]],""pi_c"":[""7972928368370930156460421876537219613270275619857413999729150288291980094637"",""10565160711479476115695329691612642869145041718739280644671925335503855529260"",""1""],""protocol"":""groth16"",""curve"":""bn128""}"
"ESG_ZK_2024_1051","2024","1","2024","173b15ae2578edfe208e16ff1da44f6d1371aa328ff7f7fe61febcca0b17f361","500000","1","5348975548958800026910966348947812814086916967918830498641732976963453023541","{""pi_a"":[""2928517871859615478446740591552382931695798552026771719117690400814796032910"",""9347560026257147383013705728494973629898763668539595929460259997622759413316"",""1""],""pi_b"":[[""158387009644006871357310395434729342986719929563015071491318580644218395749"",""5895220058509315987436800772711795088227469212669494599069508627510942017462""],[""2662900803176474577297053463009188443746553698572744203867783488348283374145"",""17843092480288551628721602642864834363158324200600997617061826598104768067717""],[""1"",""0""]],""pi_c"":[""12490801248333267291314954306457348211891011142862089670682347363417795807321"",""7341189796294803330553607574541534511606855610312906996245730154903159490427"",""1""],""protocol"":""groth16"",""curve"":""bn128""}"
"ESG_ZK_2024_1053","2024","1","2024","e40125cac8fa8354258a8ba180a70239e4a4b21ba2176c36602c124ecb429aec","500000","1","422214554844343750704526329734743426607681351218228736775119654938948294986","{""pi_a"":[""20336125360755386791341838160371941896788979908305805899504656591791931358570"",""18647359783776336424863412273063458058297776854086601803593053196934776154023"",""1""],""pi_b"":[[""7888059928969284786501809694395485123156221640639343656272594709535756686255"",""8821722751005362658731109648539960676569502303333430398907907141332067614607""],[""4981140786868541855406925472170037013233664003161660379422100923772210146397"",""16234770923727205712599103156883161431836679811822772964688112253934063016716""],[""1"",""0""]],""pi_c"":[""20812862022735190946016685164734483317510325193221125385227616195078362376463"",""20593696633019164501873060451570235489685501549611217975508226403914318026422"",""1""],""protocol"":""groth16"",""curve"":""bn128""}"
"ESG_ZK_2024_1055","2024","1","2024","6e7b61050391f26117a7e45a0144d12ac5b3b31bb49eef3a8d7553f9c55aa85b","500000","1","6426016992384267084698268353334701608535895368496172908424277029766412897060","{""pi_a"":[""3428375220881954788265979150117942820995581561545163217792485505853360968919"",""12046226538949631188084525521407973985551177156274774271803609516292806245152"",""1""],""pi_b"":[[""4404203849314864711714684890136434864965563997897659749852913108898776238489"",""1894886537568289475254094267258724703938096160224850695398476678395373212900""],[""8377744869629541834127457097183128223978362624861423074379090431424947650086"",""2998103110741537491263371712265841557216977497659460863542642259252356492044""],[""1"",""0""]],""pi_c"":[""1247719499144430628850727597015908519391307142820052272892634034519305815602"",""159318924248005668209376068990221633428835448746357490059558172537982349817"",""1""],""protocol"":""groth16"",""curve"":""bn128""}"
"ESG_ZK_2024_1056","2024","1","2024","173b15ae2578edfe208e16ff1da44f6d1371aa328ff7f7fe61febcca0b17f361","500000","1","9561900490789105229024013284659295200999439604489698315228518348543715134176","{""pi_a"":[""20881830040549798613937652997888826139427911648444205386639961747428036516346"",""6344498041412501111781194210164501361715326724459658904356661046972297262066"",""1""],""pi_b"":[[""11525022362871118450693765912120476318476749867159149880159950491386532367925"",""5644613512270094222903526209134062990846869123088508306318527225997694701278""],[""20908136478405312063949934408555572181516119228954679295563941992747168870337"",""19455049471671564516362151943627581951563213301581120626857814375229289582495""],[""1"",""0""]],""pi_c"":[""8078441556051975210616621705582962595337398506274737853011839206698567074462"",""9515727086968034253707101966017292945602649907034489532751043243399745607156"",""1""],""protocol"":""groth16"",""curve"":""bn128""}"
"ESG_ZK_2024_1057","2024","1","2024","e3e86f6224930df3681a748508564e0fb37417a857ec14f785cb18902c1923bb","500000","1","2207180816118666614663925220990004102934256328570825409223524919137200248271","{""pi_a"":[""2766896370228104899060676038331022900470091655215165621936917263478814791991"",""20467975519762324756540606202994412843571041778985212612370045702790645817517"",""1""],""pi_b"":[[""1888847979095878677297657908956863157815168020262450003268315173766474654734"",""20883156898972361857775684696633082095872835088817749881171321246351620204854""],[""17976230082007271373371660114921675307339548460668166742158186518656363266071"",""16372266537507567795872070371021885767102563238145324088355127913487612928284""],[""1"",""0""]],""pi_c"":[""19406471194885698282904656381685193638541054277260252117150086672662082090687"",""12052798179365473461916638012049747395343356647693020784684832233258346958447"",""1""],""protocol"":""groth16"",""curve"":""bn128""}"
"ESG_ZK_2024_1058","2024","1","2024","aa9fcf2c6e0d56968b3b1b4249235e9e56314f149542dd9aa76a52f5c2e01691","500000","1","7108904531017576220674040157048716322547032471136978740380098602382530311228","{""pi_a"":[""17419856224058724987692420163413197733919961632985777285102289921147374916571"",""7839269207905124012872744852531837161939553376074678073433171118699266896138"",""1""],""pi_b"":[[""6721573180757462974160249160865248693301488116845524159082362311674038833842"",""9330415960740660980990413946799985794769926819582697264293156605113748931787""],[""3689090138226855995161413200564961530162307889761329569770270032069868752801"",""5781660486102751461035199566565694783251124747145719875145642191269846858731""],[""1"",""0""]],""pi_c"":[""15724596622980564492400438207539372576886022878575431145487448252393802625676"",""7724019556777907822867511726370666675990639084414998274956755641084449770246"",""1""],""protocol"":""groth16"",""curve"":""bn128""}"
"ESG_ZK_2024_1059","2024","1","2024","75ef5028a1d21c340b77ad8d28f29fb182833be9bb0def5f9cee5a460212754f","500000","1","2982137598271738173953916859434626292049250824795359543347009436475404454173","{""pi_a"":[""13573223904264169716455027403400043802961492320764832283973647014056955613210"",""20135312200092646540272458577326767393890825828396284505218066419810954737953"",""1""],""pi_b"":[[""3508831579231017829059648529972905695197505739460776258634127876186375423593"",""7016103004667368399643026923367586334874089416255079665799392637928480950327""],[""10085203486261821734485856590791260308052247044960728576539175111264044689615"",""19985464315726876906667687417854744477247600517226301312614818911258222899983""],[""1"",""0""]],""pi_c"":[""19818054030308472995758673764728968784954231886522198576144239307309117016881"",""9613228432120342193479128047796254936560715224784001203849012446675846290509"",""1""],""protocol"":""groth16"",""curve"":""bn128""}"
"ESG_ZK_2024_1060","2024","1","2024","ce39b94de699c0910f89dd84899c49c69f4361a3dc91c7ab546fc47e750b04f1","500000","1","8973970307010835589897737892384757464715274143493760824124963418129180259650","{""pi_a"":[""18712792292638332914464108218669797055308742396420448209330031438633479064195"",""17536506709242422410201941476257560563667143769969692356471034908717746538647"",""1""],""pi_b"":[[""19600985396084984114092843243794241772461640852980020735629789444807316639757"",""12852346523960098999180851432445386609521426178807412226440714696208495610843""],[""5507058058326329592274045362281309764123770499220085174229786153946701040495"",""17769521745008784258890295280583555711817790448081296579838751119862005749716""],[""1"",""0""]],""pi_c"":[""7768708076261355526587608188249062092399991754428812545000280397800221080179"",""11947730275451031791690361167701268182742194423592154273357328928832816605088"",""1""],""protocol"":""groth16"",""curve"":""bn128""}"
"ESG_ZK_2024_1061","2024","1","2024","0575635e4f57fc81e7b1e8ea82bdfacbca373d51e155519c3196619d45078167","500000","1","335301679851120365287112260532838239372764081642709158707065993069784605071","{""pi_a"":[""2915134835731837054225675053983560979776197479570225433966597152378645745773"",""3995450822198166113837545340474486602863418174669718293960452548465399631418"",""1""],""pi_b"":[[""13076612372158519122045513226640376406128871510431070175105382473193529082998"",""20682238064822892367854385822858830555540087186994386445256315823633167743796""],[""4276811616216251064100348784094657778591471791194999981128312462592952712238"",""7099739401326727885685921429089023126714044166112999481522644278859897699458""],[""1"",""0""]],""pi_c"":[""5640196206630093100461438711767536639521422603142897679159405331685492275337"",""4311063974621904035931448778719201488131991614217171511672138262972816800228"",""1""],""protocol"":""groth16"",""curve"":""bn128""}"
"ESG_ZK_2024_1063","2024","1","2024","4fde71e922ab2142b9a11a3f2ed7286bf1875033dec8c236233a526524598b95","500000","1","6768670138279807713880298806470986669791835419673540858428824164915920526990","{""pi_a"":[""5098370534633421865113133973241281780976402676986143284760831012029187115192"",""7627157165425114493561943073183789128365802526942552269077583625693839458824"",""1""],""pi_b"":[[""11962223321238776174582652618300957272535029593446000552690623025302866096646"",""20447655501241452016714522709746502822907889211356044717174465278225596334533""],[""10593326197271844991894184368629975893651777153991489134186244195259055927823"",""829366917019583454461414963067461213404356983302971280217743131791289317047""],[""1"",""0""]],""pi_c"":[""6259565471537000429337675870508278559810141860597533040647210735588129166742"",""16919822884139706577658543184339615702698041301105160628548762656257129626643"",""1""],""protocol"":""groth16"",""curve"":""bn128""}"
"ESG_ZK_2024_1064","2024","1","2024","026dd1a057a1a42f68ac2aa319885c5ed1a6b1ebfb5ca6a12da11a7b7e0b2ac3","500000","1","14300259517402712843650102317068867391547631552323847519188946451604556690350","{""pi_a"":[""9490764527138076152825768819360020573736457335832480619417012394948340710281"",""1620056234680410513383442740647386011050392629433048345989154142685360184869"",""1""],""pi_b"":[[""20145213855819844750658624131026197897131678049504319384643286730243956435975"",""6290524860701377588108649492262016740170215702476332150921303872813594430709""],[""3311958838647897676359610489388554738281881132888413186179585439291063898491"",""12022301284923770009682471363739317905849547029053075629701554984686642983230""],[""1"",""0""]],""pi_c"":[""5049160745178442184859808542628398498940180990109345451899907157815698465425"",""3748988463599640943995762750289612274222422222740775279692842774476440751620"",""1""],""protocol"":""groth16"",""curve"":""bn128""}"
"ESG_ZK_2024_1066","2024","1","2024","394451a85fe7af221192b374ce062cce3171dac71cf2c8e825faca49377fc4f1","500000","1","6979152079110486431280717239585269861487661981988964831463325631288125176081","{""pi_a"":[""3663282803924206648264476217975714816716295354016430464937633562077078572082"",""21546366608317092129501477306297596086322455222149509940242582742232286433614"",""1""],""pi_b"":[[""5334225005495018212778267273937000652156415457359554092286090319449300343723"",""5085635758646452803041978171335902451790500634203461801494042451373868826472""],[""17117411161655789814296863449774295890126779484398149324116920208359845624027"",""13403290387615856765014118357341851411397861609749611294909840236313408326608""],[""1"",""0""]],""pi_c"":[""9531912820570730065853720952312672225741003729708184597420480260569443790665"",""12804350081169850499805734443975066554379642184247954632122419357646150455723"",""1""],""protocol"":""groth16"",""curve"":""bn128""}"
"ESG_ZK_2024_1067","2024","1","2024","e89bd2aa0ea7ee55ddd4067a4f344e911c4021a1c1ccb34a51a22a0babafb6d0","500000","1","14157069860931246993478693967461289078313682319787937047785466069615301471123","{""pi_a"":[""6522719902071485682970486868288568260840292995158657498097281542457494575538"",""10521758491002035764191038953061412542077605825532227825746393828238560846630"",""1""],""pi_b"":[[""7932763822113660855875365968362066534259036032502311266622829764482133836137"",""18987440563977830582366012272730172128602344907836840074426821215616109353528""],[""13627353846647993959032486309360664463695387243622524439726362982962773378385"",""5814524900790924541208503769405295190058560665379624140172372520488831126641""],[""1"",""0""]],""pi_c"":[""16691328805829253392296754602238873255133180732957267966625235037164568690102"",""19255453406650841358321136171592850608866879359390431432933729005793254335295"",""1""],""protocol"":""groth16"",""curve"":""bn128""}"
"ESG_ZK_2024_1068","2024","1","2024","d2e60e7e8129a16943167f5cfa2a72d62a858d8606198fc313c2b335d32fe789","500000","1","20283027227971771462275503709062928366239113104546872013978639666853898057715","{""pi_a"":[""13191148555569494411077252663660614814958962503954504654391330187967576336774"",""13901657146084866358607528293143390394666738962346134506772196811269240794792"",""1""],""pi_b"":[[""17939185597379157076139936958035101573271514478685797135671131409195180089997"",""12026727230200982516061164413973135929813032083434134595248557549734867182720""],[""12984881700000301279311174383308146555421940379360921058484752814346350579820"",""13784357934283225593053263403052238745337469837859628533335909817245244385853""],[""1"",""0""]],""pi_c"":[""9336121459654277277701900568930195216405309010612465817037244010987252057647"",""16174192901889733435985433221900376900419261274151426495292936205125149497116"",""1""],""protocol"":""groth16"",""curve"":""bn128""}"
"ESG_ZK_2024_1069","2024","1","2024","a74ef3178fc468be9dbf0e409249f24a4a4f60037c1386b29e91d07d5a217197","500000","1","11349380739570258471241156505200675973517822702912350124901729410648110037914","{""pi_a"":[""9826872639401505143420487523359142707981349368886127895144969656473353256763"",""1751385030773020310559490548233391838648645146532321899376673908454974603509"",""1""],""pi_b"":[[""16920551154767624499530708188956282393220974579742617827639786290338574969252"",""3289561268832006821752448440312386895000304719000125353891796702998156430851""],[""6373103850514933346637189498471873578426406686034315641788878931866929467749"",""21289166442620409375012374221787160074572828993514095011881600159538450673582""],[""1"",""0""]],""pi_c"":[""6685849501078299240793100169846826166966886792667992846385087906801961980881"",""32578200102529266102985722518449861416665953023652833178617836328378514044"",""1""],""protocol"":""groth16"",""curve"":""bn128""}"
"ESG_ZK_2024_1071","2024","1","2024","f58e241f1576f42041f7c1add30b230aec2b01104164f63a8c35aa902e5e4edd","500000","1","21201347822886560920104414566676688520699880463486630305745610157875683579802","{""pi_a"":[""7365499094514015776846947746049453634364094084720012185422045146527121354882"",""20353929590158691501159930650462934212490337791733525530236900143566875254798"",""1""],""pi_b"":[[""20087429189573019731729113490366895259199800700035786292291840485684366907734"",""2218176908013942071135326782713455222677189805346462986399987320351544828202""],[""11308218518097038658930857454656511502101892262304057006052796699143529469298"",""20197654767079333717987203057899052655086595499108038050060770329728099499660""],[""1"",""0""]],""pi_c"":[""9243804231254361638385617877552211965601388295737065786115508445341967926909"",""8265849478862615242822150385759729768823481927662011381189975702684378996675"",""1""],""protocol"":""groth16"",""curve"":""bn128""}"
"ESG_ZK_2024_1072","2024","1","2024","cc8ece82ed8c351ca3c62920a08fb6d920033823f6a7ead32bc079d1b257295d","500000","1","5712224767783631874856207482508124129376507858119268194534401358279039951016","{""pi_a"":[""1372330300427415493367194661443504284508484696123398024792969194991342203859"",""21275822650291103328147079804136201843780302932676212684817531830230141221118"",""1""],""pi_b"":[[""6116915787044894164991415036761957626812855464680559079493627028453164793185"",""19691040833800503147188062389784505179954372849703470732743136278629076320601""],[""3338294282667103099588644292133038633630789718255991406051789989422249961386"",""12310878688098738368293514975434099200165135396761467602745874994665500147027""],[""1"",""0""]],""pi_c"":[""3556722065926249023626146195919529670121671123674711892414441632152929474874"",""14669508728854151315622216823193842886164454126488792469170209126284860456214"",""1""],""protocol"":""groth16"",""curve"":""bn128""}"
"ESG_ZK_2024_1073","2024","1","2024","68f6e25afe614f5da751e62748fd7472e631bcf481165db275c0839b615116c8","500000","1","8961388855727238170423325104120342684396864280212787806587258746877802047139","{""pi_a"":[""16202633331958337027232730131220281992541085728275447404639500382010155553269"",""12480672738852518004271926210149089637830227606205400022912480601095626016404"",""1""],""pi_b"":[[""11880854815677935716231802171954941439024303049922815954015895221329149714282"",""13532843625658998899219438244770765954949875937293564353515019679011840669665""],[""6801986676298837225694662486917954899640839589043360513441114293550916640165"",""534835829575540320097258438226003613073420535243107043636677397508130537901""],[""1"",""0""]],""pi_c"":[""8291917328213437748709523061124494153689599760911520693409363554104373137806"",""20088704361882757631670601305539488634292548037492447734242019048419799413020"",""1""],""protocol"":""groth16"",""curve"":""bn128""}"
"ESG_ZK_2024_1074","2024","1","2024","f5d09c17f3ef1abc2b72c646ef531611284af35f1d980f5eda78d2449e60c94d","500000","1","15576091128799659147154092599832724555062794002695400227869344592151412315344","{""pi_a"":[""7766805167615266735353092566083698556882859228323628424145968193961280683915"",""12887621940154137588548531204059408004149198957475572667126265437163922589336"",""1""],""pi_b"":[[""12873226593110259127440957784433461969934539354099372941747444947058175866720"",""7118036295176886263032616254303934972842421100869074107399767133341941887026""],[""13972588929540186920720449551665244284449211431483176076858457736798550619624"",""8593508777369511925557008210734798670845534802909512567147477245037716935023""],[""1"",""0""]],""pi_c"":[""248249255213876945747830561324217335735490240526063814842066668728172430847"",""2145505175556490163733160741002312308486332979646621348563281396308378116328"",""1""],""protocol"":""groth16"",""curve"":""bn128""}"
"ESG_ZK_2024_1076","2024","1","2024","cd3271c177ab0ca1f55f7f75baea9a4ae66774cfffcccd3e59e513a96b651f53","500000","1","144932389881379963779907025481881696305928694299465651728448710388005560217","{""pi_a"":[""7596915801288741420376574320718743004396185957318129416893754948265123846475"",""15148914722540661433484925491690270361414976813052768092075312186236852297247"",""1""],""pi_b"":[[""2580782343375004408902428500469042619560749241084322479495781033303155087699"",""11033479247803111609616815650502364432391073139352567414022201791798494368256""],[""17416895233790783623944323666448413206053634319450100003610566068724694116775"",""2067869153797744691643032671931733593709967670418416423724581965299587550918""],[""1"",""0""]],""pi_c"":[""815304224063844489524162759303676683686811181752564149952904358069589461888"",""4827782927065710828034970555123431277172879786361170948808386817202324799906"",""1""],""protocol"":""groth16"",""curve"":""bn128""}"
"ESG_ZK_2024_1077","2024","1","2024","cd3271c177ab0ca1f55f7f75baea9a4ae66774cfffcccd3e59e513a96b651f53","500000","1","6190728646490474887817707726703946377487329527779762299750220824746087529640","{""pi_a"":[""19925579630453950633302487903660141105051872379267047631555593772669289174270"",""19881648864185681404334666040355000551961801011271723571532667889411994042043"",""1""],""pi_b"":[[""354992009649499338562924642916848726029006665506654010784610293887470739315"",""21543206875831813711924575959090802373611173046142635097222005494622503060365""],[""4699421823199887263689136337712131042873452743255308654577893390459306136297"",""2452984902393622507032608104837273795182773723485431219294193766223333714637""],[""1"",""0""]],""pi_c"":[""14147372877578389606097838996126337213761049732413898550634933653267531955919"",""10581115759211334853317319503509347657791295341218790587158086267491905023555"",""1""],""protocol"":""groth16"",""curve"":""bn128""}"
"ESG_ZK_2024_1078","2024","1","2024","5f031f614c1f87729241d6bf7e6dada095438682798e29fb7b7c1b8bd933909a","500000","1","3608110303321652134594769592921318346630771063591461899526821323130693671717","{""pi_a"":[""15943161452889601608374113471854222965875051425759450542716004664743457235556"",""7138621504532407044013031730542284904543319896069284258694359343317315103065"",""1""],""pi_b"":[[""14772291855089913957602952800563723997788009836053473414320322502566925899180"",""4072422014178745528535491669818088339242770336810675497626600453933184594324""],[""10052060822029230138523928341832461730395412292230417565698840769217454795987"",""1327505999059923899348209829450525721656010539589101311876185567025617159928""],[""1"",""0""]],""pi_c"":[""801083435208326559796733520464670349211564476673011502413055112789064200373"",""13599257588442762504927368283425128554341416513650002646275224023683172572794"",""1""],""protocol"":""groth16"",""curve"":""bn128""}"
"ESG_ZK_2024_1079","2024","1","2024","945c25ad29979e9b04c96dc05c3fb36247c5fc3e9ebda9cfef5f0c614c56fc91","500000","1","2614091031627470208889888720312071390573453151117605820851371849055745777016","{""pi_a"":[""17077162433598235373775492782686681596390381433867492311080212834864751008215"",""13611450405625405452891468637686405433820648774351942283842192273588051910748"",""1""],""pi_b"":[[""5582611671652649450722097236003945827218373682130725974587740586015189307147"",""5584232320720822229259312476659017915628315775701643462997043614102507667534""],[""5154545806386421659953961832470649564794458291888754745680872404018023715668"",""19683052023878772888709960039381903784074299687562004619913794226016190690179""],[""1"",""0""]],""pi_c"":[""10458417861774512102457499960362319703522527893184136638450355920821929969192"",""19490251649789617233802708412828238209753731487500208513168020032321873987330"",""1""],""protocol"":""groth16"",""curve"":""bn128""}"
"ESG_ZK_2024_1081","2024","1","2024","b91b38a1b8f02f6c6ed4df7fd53c39524362435fc1b4be071d4a24386b85e08c","500000","1","12980950337249692319659056396654234161336904177600249775904155138135558312037","{""pi_a"":[""11166666872102868119953718864450526590352226503766214103522818999544365319477"",""15821237851519906550330689925355272195978101136320365943327484752697716462890"",""1""],""pi_b"":[[""18118399694247934156519147696702069824392315566312644779401467976924640356033"",""1474461950406648446495599401392921266594211352992364795889343285225557839139""],[""4052343285864813554673647878749558964503748047546572921361898063578483262760"",""4435242852934392730834360634901067472314625028128208005535821367209206574273""],[""1"",""0""]],""pi_c"":[""12015482990817351073443891110064961984393684123117323031017981151164413185223"",""14426044215490254867802218020038917205252226823738481948459475035094072433262"",""1""],""protocol"":""groth16"",""curve"":""bn128""}"
"ESG_ZK_2024_1082","2024","1","2024","586998001570bc47c576f8d5ee86e84fb695eef8b9b090cb961d73bf1fc6e7a4","500000","1","6870020160337036323199478769869987925436652814345326478829462468278289035081","{""pi_a"":[""7480102755566273282610161311260229318649727164295882474333714460620235239125"",""15412944044400782059161287173227259756698447301866576209026942576676244518332"",""1""],""pi_b"":[[""8385619414159135147353434798043649318734458958751872850009087182837688883303"",""9895166323458876540991276683395971163347740946274232575130903660695999656467""],[""21026567366276112226273818071922760626499991423078678355179537053121878805370"",""4896617027479093051662501082802413039305442834206300870696063943385637564929""],[""1"",""0""]],""pi_c"":[""1046179413690496854466647918387915260446084458062194856450823319740644379366"",""4276162443141159762322720264382547751293002420812667223406285425248524916300"",""1""],""protocol"":""groth16"",""curve"":""bn128""}"
"ESG_ZK_2024_1083","2024","1","2024","4fde71e922ab2142b9a11a3f2ed7286bf1875033dec8c236233a526524598b95","500000","1","12162997709780080190167292823171637295199482508270288807549433736521077117246","{""pi_a"":[""7622170253480900932265028630792668824622114184716341625649449611177615717571"",""16400781521099475977835562587434246188754841649157019963137751993911647451122"",""1""],""pi_b"":[[""17079077661244055956499718184003228942277426133464147578210522853723120871252"",""12467129446754146082878074060331709051995303991901654608877072519303585272078""],[""10857672372783118023819622249071823446923239196463114672611948969104734128483"",""13809377184624089813809831629562090050373137848126740857296879572659342413453""],[""1"",""0""]],""pi_c"":[""4500261670389298349211499190627688494419874343532024173108858916691128041474"",""1143369429895703934901016685977223508315870570964913695273205927176372684725"",""1""],""protocol"":""groth16"",""curve"":""bn128""}"
"ESG_ZK_2024_1084","2024","1","2024","394451a85fe7af221192b374ce062cce3171dac71cf2c8e825faca49377fc4f1","500000","1","417966048406247561350377344789517314430862253738490873281231162729483319530","{""pi_a"":[""7923325720329185195971024767859962936348584269403050044319254052364138964415"",""17440441764755364539418754771029420050460432632092655940931563718873291749518"",""1""],""pi_b"":[[""20277627918295112423810641196768923424892390949177596234684753674458385200519"",""11243868448538855314645264052946199077402313426267847939505267747431980050143""],[""7173226101219365871703425859706994310439085645040251035301407073679723714496"",""5612242402205356212204423317258100649079202174352805686654198455306059972808""],[""1"",""0""]],""pi_c"":[""10621666089478678939438257435039269894519149908146408119237449261030188339072"",""10657455926279304187699615326253185572938007455079383085838297153265858405459"",""1""],""protocol"":""groth16"",""curve"":""bn128""}"
"ESG_ZK_2024_1085","2024","1","2024","cd3271c177ab0ca1f55f7f75baea9a4ae66774cfffcccd3e59e513a96b651f53","500000","1","3780811751581090308665782595498382132089014510032409455374837686881474805548","{""pi_a"":[""893111017970788795434758583209611763177577229039614734076803900313238362105"",""714443761531287894851431863967884044696666752573664058801740202353210635418"",""1""],""pi_b"":[[""1575367725258822982662874849516576997496922472316462765316963841562659531949"",""15767331523677640412472635245037862162192667442768935432556772345637595446712""],[""3694473926968187286858756991120559547273218705506217375595174807969491505864"",""10492617767045841035598609905684322725713929254014902017250471579153353896128""],[""1"",""0""]],""pi_c"":[""7571774615416924797194748119312548129131520281193152362289938711761107553066"",""11297940772511537022255226936379971730352507229590970717278189946112983971919"",""1""],""protocol"":""groth16"",""curve"":""bn128""}"
"ESG_ZK_2024_1086","2024","1","2024","f58e241f1576f42041f7c1add30b230aec2b01104164f63a8c35aa902e5e4edd","500000","1","14931491379818545210893956913390553011120303316401970256038851026357166904147","{""pi_a"":[""15372156409785496793429342875872657254579671228516477082869831832107315884392"",""3814504464615207220485480744528359169901355830215100672211030798931421826496"",""1""],""pi_b"":[[""8823361173415264283721949799367296715446218504253280375547294575229584230761"",""219296198229951024592376258501135731272386412086333743457842237965738444247""],[""17001769239419105146259473040728081696252627921977845490616184261274146018222"",""647439666822098013601258654192902462135085788252435551230687924640035029966""],[""1"",""0""]],""pi_c"":[""2188470952974095327374540265537572774620553318061216356755209587369253722224"",""12096439704810608857901699410519075977000855252289330402497625663968678863766"",""1""],""protocol"":""groth16"",""curve"":""bn128""}"
"ESG_ZK_2024_1087","2024","1","2024","aa9fcf2c6e0d56968b3b1b4249235e9e56314f149542dd9aa76a52f5c2e01691","500000","1","14826904207285637902131019748170615157779247892662778328619755986433163093224","{""pi_a"":[""6219242109499706161480993895856855489117256112021370413225920965683116039177"",""16573224229317854081052649311393049047952668151403517506272460661963423394401"",""1""],""pi_b"":[[""21475150007292655730341224255997767527810033251991908784852298721884784356883"",""3669363532648709247862609787737896488774811604303085775185771446621515595877""],[""14136458852625137126823134580535302568821708623858097492976194292036846814326"",""10838411245377777704161658994888245166922910946173374037251139998744227632031""],[""1"",""0""]],""pi_c"":[""18310630211812798498991409839230990348403818070252676938951724375524601872754"",""14752644666618402164688971072436067373842323599334728497494911854665756375835"",""1""],""protocol"":""groth16"",""curve"":""bn128""}"
"ESG_ZK_2024_1088","2024","1","2024","bf9854d78e2fdf2e7cd5377ef45be7fb5e74ed3fbfded26681e3a836b18b655c","500000","1","15804886843641110302651782429844807786541227715229724892121119317589617195300","{""pi_a"":[""1430891693237619645970679548643169726186010437920030105698595812150884233782"",""7901421609153976694276244844706057395569182580271975393254562225424856038493"",""1""],""pi_b"":[[""7205957373969930023412099906031133857500240193238041496206893107146182977426"",""599283417195960876784196962894727617696700789049863629846278938633548504085""],[""12665317274633241508412034239831603035111509517417370346297608938730131373063"",""6851036788368229332782082000673136440575059829845315562489994983633239489223""],[""1"",""0""]],""pi_c"":[""2970986213064637061195005675795959477421943434483747610751295548908850594682"",""1337136953502357825521966945466045816514594476253774557923584338225763315610"",""1""],""protocol"":""groth16"",""curve"":""bn128""}"
"ESG_ZK_2024_1090","2024","1","2024","96cea7e8b8d3f97fc55b82dfe5a5e11fcb3d713ca49e97e5134edfb458dd7d57","500000","1","12491028851974438633363522821193914699738946096528472688940632148308605431802","{""pi_a"":[""12670868128634638524167233569504758734499607613269606845347790511869304874386"",""18882264284892215670232645551742998222556898624916675800776020505407962147263"",""1""],""pi_b"":[[""12719430969960809669785751425329066022036354854340491931371262530058015744676"",""4209581793567965760958310722738488660897696965946905337658798042770275875990""],[""10197222268179241978810042529516970279445514410863032707781478988744793345162"",""16948317907647748552766040771331554661057286191742526168271170929202812553179""],[""1"",""0""]],""pi_c"":[""4197663095681769362883190093307097289124034098796876812526947174389240550331"",""20690466659263122110104838572857016971218166811440382282929376543424053718081"",""1""],""protocol"":""groth16"",""curve"":""bn128""}"
"ESG_ZK_2024_1091","2024","1","2024","717b327af9b11ce68bb6de3838b7477ed20c69fbdeecb7570036b7a78fc62c52","500000","1","5840889740921904247898160657229373019009224484937652697549186693156489671565","{""pi_a"":[""9332176439999579300656021588348377410199302694584665543630796355351967706896"",""6278101739936287308516405695381285072707150801417754410330995614420637617080"",""1""],""pi_b"":[[""20720478371469305316542994379767430672125006071476524558985918384217899520342"",""21308501875423897049503192247870524261233418280387771392367404420456741310778""],[""16351650726694843399191629734466414316738715295349153202698536283818423468799"",""2003035278665380261773844391179718464628183164441547518641935391424854697198""],[""1"",""0""]],""pi_c"":[""17251409401708091328475335412733742638952143013400516474752893531509475915444"",""21542413838221861048989789732337570251162576555783750781154474354242211763777"",""1""],""protocol"":""groth16"",""curve"":""bn128""}"
"ESG_ZK_2024_1092","2024","1","2024","cd3271c177ab0ca1f55f7f75baea9a4ae66774cfffcccd3e59e513a96b651f53","500000","1","1524625994756082986483384231032551034128170021612940798129676334334193690614","{""pi_a"":[""751595677199528803333767782844865873324387351994280313654721348862057177428"",""21698292319816964790836531327701461138775959177179854276851423743948381880923"",""1""],""pi_b"":[[""10883525136910943320639257691978956343190178178052770255871425197622477745760"",""7611956012093063076179455116635166316468651057293446623318186684802757300967""],[""1579451880688988491033180245914025130070369217978352343906365561795595746873"",""10653492371198815321374117354245403202535475398981057749433569938707373152673""],[""1"",""0""]],""pi_c"":[""11388368298974801748658731888489223728026854736066816535904125793825225375263"",""570412654023105085462343139086728830465499242074484145946314052133249782720"",""1""],""protocol"":""groth16"",""curve"":""bn128""}"
"ESG_ZK_2024_1093","2024","1","2024","32c875fe67847717e2468ca62449ca439b06d2d61439425df2286a47407aa4b1","500000","1","6669728217146999290373891685875107334776709434147541996498295835678903957239","{""pi_a"":[""5085019130177748070389059597179234154091700619882984945460795066201565648344"",""5207975881200646783178508112458938614403716518612663183005030508360113273071"",""1""],""pi_b"":[[""17116919449023268700192056002752209947963035854474907817079113536409203657425"",""17439993806347321883003262056762412891152428680257296600474299740122809732897""],[""20732469581988564340518691886687187592308053554104150846730724244754397111795"",""15128165841722211681451822535296085537521652465798239549092717351978428491352""],[""1"",""0""]],""pi_c"":[""14794923355801529273646782358666756900672621993998761413566509779954616981315"",""14434380269042866504810244027301186264730697348847700235072496846496416402211"",""1""],""protocol"":""groth16"",""curve"":""bn128""}"
"ESG_ZK_2024_1094","2024","1","2024","42125c1b82231303dd1cee6698eb7d30de65fa48acaa74fee8366f8e161436d8","500000","1","11472680199454643456985083958071894396181494568815970448982458019803753582453","{""pi_a"":[""1742442890461955663705849689960896373891224245050183945891392000544919170962"",""9238480394552372562967300778348079994963702674177826194515803882146884833197"",""1""],""pi_b"":[[""9159753310343410633528841573846999362914718780485846303298870397900787360128"",""14029811455478066407640448618768003510768068598776509321438091625045689821403""],[""194481411983273468554308444504737366057498665644439937046198515048443106234"",""9387379011392077662864141605667277999910500354447817491874261676155670514299""],[""1"",""0""]],""pi_c"":[""14115454245162357308552540531442567615137153313091530428631581303639239019371"",""6647274014177659418438111872276499098077595874000355927395808617937421056276"",""1""],""protocol"":""groth16"",""curve"":""bn128""}"
"ESG_ZK_2024_1095","2024","1","2024","5a4121baac96ab7821d7aedfbb47c1bcdf5589ac5df2670b54567d9ed0a80f2c","500000","1","1268835324314658635947813258762483454122056817588960150788536108613196524714","{""pi_a"":[""3997004906974327415454500407999219873320079188176583551260460479513561757740"",""1568314359757643755243449104910979426644749607894668987743776544617258834067"",""1""],""pi_b"":[[""20489259510772997814149583585856804512100559692888419878874652540263849457550"",""11039790579730689026260045313998853656255146473132190591332426298874203994061""],[""2119518405249892641794613660427005173636469978998052745302267739451242237736"",""17382066605574979567481491152668392929926381654574956686376970652490985868814""],[""1"",""0""]],""pi_c"":[""15304513015069984089815012288752082994503627583906141634939166464202629990345"",""17008789446503530454467511707057969824668639423701596350014058030516110990189"",""1""],""protocol"":""groth16"",""curve"":""bn128""}"
"ESG_ZK_2024_1097","2024","1","2024","c712b844b8fa4f2a3a3d61ff1c36cdf2b016b0f233b3876c931d77f0a5829d17","500000","1","2528718823497122163931316467596762367230532049881907506682112402064085685493","{""pi_a"":[""2466977123846479146173735876017801155182303343793377695865384980279509499454"",""10457445930257129906114101995673884321299551691139099503721904632180006246796"",""1""],""pi_b"":[[""978812164980871790604817804641516929815338668074748774951423771936802097523"",""13375963508413445602023199069127703543325834587527569594918108053993335401982""],[""8277315759913024207633749477396974898735376822936801223658220404597568071805"",""16044363554476702597172731706125784388432801790854018332484953219284080156486""],[""1"",""0""]],""pi_c"":[""14094453848710672314003552527168710552063510197933631200640379839737316682712"",""3614324436600008404924290968232412590821889051921821734191262811047813119876"",""1""],""protocol"":""groth16"",""curve"":""bn128""}"
"ESG_ZK_2024_1098","2024","1","2024","efd61dbb48f96ed61956745df3d6e218fe727379107b1299e674b28f50d8f85c","500000","1","1763270041526594243610435646894391678168911104922771275470353487452720954222","{""pi_a"":[""20986747436476223962114414069920833747625901148619799648737053655002873822719"",""1724152448319640475101959195130154971010085947977586144454285755569519796173"",""1""],""pi_b"":[[""16722665157954512354720793828019894324977198081269762260838074308301729298141"",""1806930832946037967999600812808045785093816829177424236972633924631478022448""],[""21517278190039878631762265711079621290536685994374475202265807612713295210733"",""4314139624340513371926097655555571706834530846102741164491147961362212271691""],[""1"",""0""]],""pi_c"":[""2195193002353345232326494836501567191402316459172142857572868637544602454258"",""20707637189705322858400319783179842558444295149508418058347089086137425034768"",""1""],""protocol"":""groth16"",""curve"":""bn128""}"
"ESG_ZK_2024_1099","2024","1","2024","d501eec6f17fa79488512f04415faf7cd91527f1390a4f6bf958f1712c4acc7a","500000","1","21785884288766671644832391411818939762284046871788919458476970826882073134196","{""pi_a"":[""10752280928277775711176169582264499170263469607771344459967244661370365308822"",""20141371394996618039918434400841091184139365321874871663899730111590716434622"",""1""],""pi_b"":[[""12463458306073107737073223744097366922138919336114312883838752849627538588792"",""1618932607246337400743973130272098715467103896081275943194901852617503662241""],[""8579855515292732316558260726478039416252851077868481409611120291222565129436"",""20301341185212543649568871818253447850899259564997904504694994546850358688252""],[""1"",""0""]],""pi_c"":[""18264761566492856129722229721548215350029315661657622112275237189703177557412"",""15096949531378524263399630038124210522739673898571863999624078371422287380891"",""1""],""protocol"":""groth16"",""curve"":""bn128""}"
"ESG_ZK_2024_1100","2024","1","2024","1e731e7b5f28d1b458ffe2dd7e135876701651f7850bfb75ea0e835cfb926551","500000","1","9474205448798798391455609628351921865908124010342257130825989288944463240268","{""pi_a"":[""12713570509315129587555206921400928499616148246010115760051621791499911169645"",""18963818092566268635584405072200190638959375975747610303196537286131755777262"",""1""],""pi_b"":[[""4530065438814088032383797869936268087633849760465458911943885277209659014600"",""18996870133915566378688915960181639917249514942444204950283129230528098239362""],[""11404450751853241275637261194223992080683487538747216365471345495702433588125"",""6335872390849392263625145369605753128055792721208642350333604577493430890677""],[""1"",""0""]],""pi_c"":[""129842209012749783661152840033035125010432164886890653480585379110208863319"",""17600368857764702900300160544066763749463105271483799569255591977820740986275"",""1""],""protocol"":""groth16"",""curve"":""bn128""}"
"ESG_ZK_2024_1102","2024","1","2024","efd61dbb48f96ed61956745df3d6e218fe727379107b1299e674b28f50d8f85c","500000","1","13392223515423402000582995465395051227421904933511701896178624549323232214260","{""pi_a"":[""1864764257481088098001624796810978703814444686832785140855012600367123764668"",""16048202733963534931758623392307611512299908796714344720302800422459684209385"",""1""],""pi_b"":[[""10428776730559271438493858413147752073194739459025747293790687757149533448732"",""12529492624703932451179435663545813208533773789779284973027672091222808562952""],[""14400561315879366183472502375532633981411255779544937689943787174083337399527"",""14750034894309262744116517095032975916217073425678317564456478172705077227854""],[""1"",""0""]],""pi_c"":[""18132534418824359579452480052058642190872360089794161794597010569729919978453"",""9265194145931810615528200454467868075213714602463402052498891554428819855096"",""1""],""protocol"":""groth16"",""curve"":""bn128""}"
"ESG_ZK_2024_1103","2024","1","2024","6f25f07418942bed0127c35033f13b13715c49712216d7525b1ee8640808ecad","500000","1","20864068181254983954920594775006571183864417695053614088503538834129395388104","{""pi_a"":[""8479567651613712967697472413900658393518542619691147858120572838316576361030"",""20031897030979318603240154723354317924896852724179825606314957779936237729379"",""1""],""pi_b"":[[""21860217175795194646812482456546203998629552209582975072095754351597088837070"",""9754110183429437685951147085056192130713376134660701116032653845655517640101""],[""2321294543766192643802791998053091401767873514411395858333694403203044026102"",""17756913299347083010506498167051695638778797424861152564039292602903238183229""],[""1"",""0""]],""pi_c"":[""15433811552004511902087429199347134737635300587740965196776470160555445983954"",""2685894040122133287905154113466772469043051167159133027209543678403136461522"",""1""],""protocol"":""groth16"",""curve"":""bn128""}"
"ESG_ZK_2024_1104","2024","1","2024","1cfd786d564c4b5aebc5a945fbd2893ed09229e3f7ad25cf51b54d28ae75f3c6","500000","1","15732106225264443619329698866759911478481756519502855109146619117144970568000","{""pi_a"":[""13073478566574970898198770537257011346011076682477450925226277081671600302552"",""21385908198433698919526712087393926179754664848193919898515455652814798732765"",""1""],""pi_b"":[[""19150924308378415964339740177150961401184554030077559319926483004028448075735"",""12574999708784110589225439223532629097037409000500822634843442548340778436523""],[""14072941128703950269236279631037884950148781475898220236357393151707838440822"",""9676766448345643898893107480197988392602118941952552926584604270878692172066""],[""1"",""0""]],""pi_c"":[""16208306539601773258521571485200742245973271457312085494954799724868875726225"",""454216004430904214088420264825822387308456561218954170336218931910202715378"",""1""],""protocol"":""groth16"",""curve"":""bn128""}"
"ESG_ZK_2024_1105","2024","1","2024","add2c32762b4d81236fb7f72a372bcd6214c022906bcadc80db2f8fa03e5e35e","500000","1","16877616351716481398066355154113411662609083609392828600600938470857296040097","{""pi_a"":[""8599028136755338135767909822462239868175054702495659044007094590440468379578"",""14496275818102187712866906464078578297984598267212160733408449836104354360793"",""1""],""pi_b"":[[""12977600451647783053737246417274569410523627336704743387770016100042034651882"",""19467445490986997698147153820476009858367878024631973728493077721674045948020""],[""216711969388494345943566708156756921743494130084841850796067361315422381634"",""1758024802185131895664654323003806276160338793709929868056654605894744798041""],[""1"",""0""]],""pi_c"":[""2236060778935712886291492512481645689210513984865472164278948965307649045439"",""16924500824614515266010193824012420588448741681774433698120291713820124487486"",""1""],""protocol"":""groth16"",""curve"":""bn128""}"
"ESG_ZK_2024_1106","2024","1","2024","839c27ac5687cc297424b2d16774e44bf5a42ac3553b4ee02bedd655bd86b4bd","500000","1","9573726104057026309188057339988894655827351682446567967312051053699824419808","{""pi_a"":[""13613903356268175953684829265960797313135117824517464129890543644360366182064"",""16709421426781036988699799590769521244591707881312241976581600024934533485446"",""1""],""pi_b"":[[""15176127013690644254028588899640511681136199986362817238042004701301604999072"",""10405198058919722987638415429677619277075547891205880385405307727063834634828""],[""20885034092487141918148626023128601595545662134526745970131846845842180773227"",""20993267238940223288591992982316076968642622067382235758687101394502900706275""],[""1"",""0""]],""pi_c"":[""21030059867459886620502563758848840901799632317517992793622072292982263062549"",""10329354463566365410612353863307020848720164787531476722682565590529217706768"",""1""],""protocol"":""groth16"",""curve"":""bn128""}"
"ESG_ZK_2024_1107","2024","1","2024","46cc22906460e7d83809ee076a5d02c9b6a37673922f3a86f5aa127917a1956c","500000","1","17303560531031354593978605467568858964390345666188780560464044842710411653099","{""pi_a"":[""1926631772272260637283910207052491968722155677280406886902595340680458980960"",""21426916680716976506340021494900359271309993906543591977923734945492025657076"",""1""],""pi_b"":[[""606954146339226739659310128008415298286560901230920585128740301239654511809"",""6631166785852657999863676147134831405323970866943931777133535200253008873866""],[""21332312404381475929326396048872399328717599333369350131030616500367771110832"",""13684095598534981719906088702739723794189444237773772914501806847729909247645""],[""1"",""0""]],""pi_c"":[""956796114723003352647132771892426218412391995577146989717683472394693397833"",""17831377953842092081745542513100366193374774385007936449275048740448576728899"",""1""],""protocol"":""groth16"",""curve"":""bn128""}"
"ESG_ZK_2024_1108","2024","1","2024","b44e4d680a590e81c96be33fd137edf9c2b82f4ca63d024c08e5ec2923b3edd5","500000","1","15119232618460452381624860919793454595102510114833674052020449690503479661772","{""pi_a"":[""18790436967179515028437503085841864869655150640479052205860792916183821031846"",""6989826330815875461889717743541741742598341756010772907538673796479858631911"",""1""],""pi_b"":[[""14788060591447656728087913135146251364232437806476143479818347869432144430"",""15839292198421572669527766182965871768946662521943787671426416608472560629498""],[""7594759465367974020618704240975966446737827906992933158692484486467805480739"",""3346861371004385617160249228128157529769332503849802988494813585328053972941""],[""1"",""0""]],""pi_c"":[""635581760957516474945028151008801507367766958528827400448678963162347388675"",""18000685876997105489833333483484439490962117478497515806088809008120451520878"",""1""],""protocol"":""groth16"",""curve"":""bn128""}"
"ESG_ZK_2024_1110","2024","1","2024","cbbf99fb005e815f3a4ab05d5573a17db4162dc48328c5386347c20a7537b552","500000","1","13685778070931385254846032410925718028297919237000472935237288535029757600754","{""pi_a"":[""20890219651486728325322617496372634672181495958950304292634832433669860164656"",""16667631395164510234240105516158062651052871270915166254911502349248369947932"",""1""],""pi_b"":[[""11522136498817742351555825947511863792178832776280281240442655670235096961021"",""7530496335823585493069424824242500576781800845382964969815459552096526468162""],[""15180804982847192136724795495925859926485000744825048614501980725630528569307"",""14741089493200415889769881135464935888192027473948121936904997963808966800311""],[""1"",""0""]],""pi_c"":[""5174828488727053827035460566663796578886282474027338331626216417728791412460"",""725832931338198802802286368377714774387192207767636453363089200711186522492"",""1""],""protocol"":""groth16"",""curve"":""bn128""}"
"ESG_ZK_2024_1111","2024","1","2024","a35b9b852a488d061f8846b5d968fb2bf52abb297f68c4883bc014bd75868aeb","500000","1","8705977726560109517743208503237219715959561685848030469190444754924349378321","{""pi_a"":[""7750945304536197117727107165780023754421656180147680698897698822971073847363"",""20514583434652150478204165931648768359842712630744780253976185252037472318566"",""1""],""pi_b"":[[""20183378972535936386859609885636523906439435740896615391659659919704097285197"",""4562071565508690871519481261270151128176296502622139981348423621340283034143""],[""17796486717947806331181454577480383319048787260309470855367105803481861434265"",""17680824464745864070056433334693335069179336982339482635304419512647020339284""],[""1"",""0""]],""pi_c"":[""19402743678848787106828038848523547581894834692900489511842599917425724197542"",""11455876952749930374394151867896505229790979547926003151823222599372827693037"",""1""],""protocol"":""groth16"",""curve"":""bn128""}"
